Period,Scenario,LoadLevel,Node_101,Node_102,Node_103,Node_104,Node_105,Node_106,Node_107,Node_108,Node_109,Node_110,Node_111,Node_112,Node_113,Node_114,Node_115,Node_116,Node_117,Node_118,Node_119,Node_120,Node_121,Node_122,Node_123,Node_124,Node_201,Node_202,Node_203,Node_204,Node_205,Node_206,Node_207,Node_208,Node_209,Node_210,Node_211,Node_212,Node_213,Node_214,Node_215,Node_216,Node_217,Node_218,Node_219,Node_220,Node_221,Node_222,Node_223,Node_224,Node_301,Node_302,Node_303,Node_304,Node_305,Node_306,Node_307,Node_308,Node_309,Node_310,Node_311,Node_312,Node_313,Node_314,Node_315,Node_316,Node_317,Node_318,Node_319,Node_320,Node_321,Node_322,Node_323,Node_324,Node_325
2020,sc01,08-23 02:00:00+01:00,10.92,9.808,18.2,7.482,7.179,13.751,12.639,17.29,17.695,19.717,0.0,0.0,26.795,19.616,32.053,10.111,0.0,33.671,18.302,12.943,0.0,0.0,0.0,0.0,9.979,8.963,16.632,6.837,6.56,12.566,11.55,15.8,16.17,18.017,0.0,0.0,24.485,17.925,29.29,9.24,0.0,30.768,16.724,11.827,0.0,0.0,0.0,0.0,9.31,8.362,15.517,6.379,6.121,11.724,10.776,14.741,15.086,16.81,0.0,0.0,22.845,16.724,27.328,8.621,0.0,28.707,15.603,11.034,0.0,0.0,0.0,0.0,0.0
2020,sc01,08-23 03:00:00+01:00,10.69,9.602,17.817,7.325,7.028,13.462,12.373,16.927,17.322,19.302,0.0,0.0,26.231,19.203,31.378,9.899,0.0,32.962,17.916,12.67,0.0,0.0,0.0,0.0,9.71,8.721,16.184,6.653,6.384,12.228,11.239,15.375,15.734,17.533,0.0,0.0,23.826,17.443,28.502,8.991,0.0,29.94,16.274,11.509,0.0,0.0,0.0,0.0,9.211,8.273,15.352,6.311,6.056,11.599,10.661,14.584,14.926,16.631,0.0,0.0,22.602,16.546,27.037,8.529,0.0,28.401,15.437,10.917,0.0,0.0,0.0,0.0,0.0
2020,sc01,08-23 04:00:00+01:00,10.57,9.494,17.617,7.243,6.949,13.311,12.234,16.736,17.128,19.085,0.0,0.0,25.936,18.987,31.026,9.787,0.0,32.591,17.715,12.528,0.0,0.0,0.0,0.0,9.554,8.581,15.923,6.546,6.281,12.031,11.058,15.127,15.481,17.25,0.0,0.0,23.442,17.162,28.042,8.846,0.0,29.458,16.012,11.323,0.0,0.0,0.0,0.0,9.242,8.301,15.403,6.332,6.076,11.638,10.697,14.633,14.975,16.687,0.0,0.0,22.677,16.601,27.127,8.557,0.0,28.496,15.489,10.953,0.0,0.0,0.0,0.0,0.0
2020,sc01,08-23 05:00:00+01:00,10.421,9.359,17.368,7.14,6.851,13.122,12.061,16.499,16.885,18.815,0.0,0.0,25.569,18.718,30.586,9.649,0.0,32.13,17.464,12.35,0.0,0.0,0.0,0.0,9.17,8.236,15.283,6.283,6.028,11.547,10.613,14.519,14.858,16.556,0.0,0.0,22.5,16.472,26.915,8.49,0.0,28.273,15.368,10.868,0.0,0.0,0.0,0.0,9.201,8.264,15.335,6.304,6.049,11.586,10.649,14.568,14.909,16.613,0.0,0.0,22.577,16.528,27.007,8.519,0.0,28.37,15.42,10.905,0.0,0.0,0.0,0.0,0.0
2020,sc01,08-23 06:00:00+01:00,10.947,9.832,18.245,7.501,7.197,13.785,12.67,17.333,17.738,19.765,0.0,0.0,26.861,19.664,32.131,10.136,0.0,33.753,18.346,12.974,0.0,0.0,0.0,0.0,9.629,8.648,16.048,6.597,6.33,12.125,11.144,15.245,15.602,17.385,0.0,0.0,23.626,17.296,28.262,8.915,0.0,29.689,16.137,11.412,0.0,0.0,0.0,0.0,9.31,8.362,15.517,6.379,6.121,11.724,10.776,14.741,15.086,16.81,0.0,0.0,22.845,16.724,27.328,8.621,0.0,28.707,15.603,11.034,0.0,0.0,0.0,0.0,0.0
2020,sc01,08-23 07:00:00+01:00,11.962,10.744,19.937,8.196,7.864,15.064,13.845,18.94,19.383,21.599,0.0,0.0,29.352,21.488,35.112,11.076,0.0,36.884,20.048,14.178,0.0,0.0,0.0,0.0,10.642,9.558,17.737,7.292,6.996,13.401,12.317,16.85,17.244,19.215,0.0,0.0,26.112,19.116,31.236,9.854,0.0,32.813,17.835,12.613,0.0,0.0,0.0,0.0,9.608,8.629,16.013,6.583,6.316,12.098,11.12,15.212,15.568,17.347,0.0,0.0,23.574,17.258,28.2,8.896,0.0,29.623,16.102,11.387,0.0,0.0,0.0,0.0,0.0
2020,sc01,08-23 08:00:00+01:00,13.09,11.757,21.816,8.969,8.605,16.484,15.15,20.726,21.21,23.634,0.0,0.0,32.119,23.513,38.421,12.12,0.0,40.36,21.938,15.514,0.0,0.0,0.0,0.0,11.791,10.59,19.652,8.079,7.752,14.848,13.647,18.669,19.106,21.289,0.0,0.0,28.932,21.18,34.609,10.918,0.0,36.356,19.761,13.975,0.0,0.0,0.0,0.0,10.055,9.031,16.759,6.89,6.61,12.662,11.638,15.921,16.293,18.155,0.0,0.0,24.672,18.062,29.514,9.31,0.0,31.003,16.852,11.917,0.0,0.0,0.0,0.0,0.0
2020,sc01,08-23 09:00:00+01:00,14.503,13.026,24.172,9.937,9.535,18.263,16.786,22.964,23.501,26.187,0.0,0.0,35.587,26.052,42.57,13.429,0.0,44.719,24.306,17.189,0.0,0.0,0.0,0.0,13.063,11.732,21.771,8.95,8.588,16.449,15.119,20.683,21.166,23.585,0.0,0.0,32.052,23.464,38.341,12.095,0.0,40.277,21.892,15.482,0.0,0.0,0.0,0.0,10.581,9.504,17.636,7.25,6.956,13.325,12.247,16.754,17.146,19.105,0.0,0.0,25.963,19.007,31.058,9.798,0.0,32.626,17.734,12.541,0.0,0.0,0.0,0.0,0.0
2020,sc01,08-23 10:00:00+01:00,15.732,14.13,26.221,10.78,10.343,19.811,18.209,24.91,25.492,28.406,0.0,0.0,38.603,28.26,46.178,14.567,0.0,48.508,26.366,18.646,0.0,0.0,0.0,0.0,14.344,12.883,23.907,9.829,9.43,18.063,16.602,22.712,23.243,25.9,0.0,0.0,35.197,25.767,42.104,13.282,0.0,44.229,24.04,17.001,0.0,0.0,0.0,0.0,11.066,9.939,18.444,7.583,7.275,13.936,12.808,17.522,17.932,19.981,0.0,0.0,27.154,19.879,32.482,10.247,0.0,34.122,18.547,13.116,0.0,0.0,0.0,0.0,0.0
2020,sc01,08-23 11:00:00+01:00,16.807,15.095,28.011,11.516,11.049,21.164,19.452,26.61,27.233,30.345,0.0,0.0,41.238,30.19,49.33,15.562,0.0,51.82,28.167,19.919,0.0,0.0,0.0,0.0,15.725,14.123,26.208,10.774,10.338,19.802,18.2,24.898,25.48,28.392,0.0,0.0,38.584,28.246,46.155,14.56,0.0,48.485,26.354,18.637,0.0,0.0,0.0,0.0,11.48,10.311,19.133,7.866,7.547,14.456,13.287,18.177,18.602,20.728,0.0,0.0,28.168,20.621,33.696,10.63,0.0,35.396,19.239,13.606,0.0,0.0,0.0,0.0,0.0
2020,sc01,08-23 12:00:00+01:00,17.833,16.016,29.721,12.219,11.723,22.456,20.64,28.235,28.895,32.198,0.0,0.0,43.756,32.033,52.342,16.512,0.0,54.984,29.886,21.135,0.0,0.0,0.0,0.0,16.806,15.094,28.01,11.515,11.048,21.163,19.451,26.61,27.232,30.344,0.0,0.0,41.237,30.189,49.329,15.561,0.0,51.819,28.166,19.918,0.0,0.0,0.0,0.0,11.904,10.691,19.839,8.156,7.825,14.99,13.777,18.847,19.288,21.493,0.0,0.0,29.208,21.382,34.939,11.022,0.0,36.703,19.95,14.108,0.0,0.0,0.0,0.0,0.0
2020,sc01,08-23 13:00:00+01:00,18.73,16.823,31.217,12.834,12.313,23.586,21.679,29.656,30.35,33.819,0.0,0.0,45.959,33.645,54.977,17.343,0.0,57.752,31.391,22.199,0.0,0.0,0.0,0.0,17.795,15.983,29.659,12.193,11.699,22.409,20.597,28.176,28.835,32.131,0.0,0.0,43.665,31.966,52.233,16.477,0.0,54.869,29.824,21.091,0.0,0.0,0.0,0.0,12.31,11.056,20.517,8.435,8.093,15.502,14.248,19.491,19.947,22.227,0.0,0.0,30.205,22.113,36.133,11.398,0.0,37.956,20.631,14.59,0.0,0.0,0.0,0.0,0.0
2020,sc01,08-23 14:00:00+01:00,19.19,17.235,31.983,13.149,12.616,24.165,22.211,30.384,31.095,34.648,0.0,0.0,47.086,34.471,56.326,17.768,0.0,59.169,32.161,22.744,0.0,0.0,0.0,0.0,18.489,16.606,30.815,12.668,12.155,23.282,21.399,29.274,29.959,33.383,0.0,0.0,45.367,33.212,54.269,17.119,0.0,57.008,30.986,21.913,0.0,0.0,0.0,0.0,12.71,11.415,21.183,8.709,8.356,16.005,14.711,20.124,20.595,22.948,0.0,0.0,31.186,22.831,37.306,11.768,0.0,39.189,21.301,15.064,0.0,0.0,0.0,0.0,0.0
2020,sc01,08-23 15:00:00+01:00,19.273,17.31,32.121,13.205,12.67,24.269,22.306,30.515,31.229,34.798,0.0,0.0,47.29,34.62,56.569,17.845,0.0,59.424,32.3,22.842,0.0,0.0,0.0,0.0,18.815,16.899,31.359,12.892,12.369,23.693,21.777,29.791,30.488,33.972,0.0,0.0,46.167,33.798,55.227,17.422,0.0,58.014,31.533,22.3,0.0,0.0,0.0,0.0,12.952,11.633,21.587,8.875,8.515,16.311,14.991,20.508,20.988,23.386,0.0,0.0,31.782,23.266,38.018,11.993,0.0,39.937,21.707,15.351,0.0,0.0,0.0,0.0,0.0
2020,sc01,08-23 16:00:00+01:00,18.848,16.928,31.413,12.914,12.391,23.734,21.815,29.843,30.541,34.031,0.0,0.0,46.247,33.856,55.322,17.452,0.0,58.114,31.588,22.338,0.0,0.0,0.0,0.0,18.737,16.829,31.229,12.838,12.318,23.595,21.687,29.667,30.361,33.831,0.0,0.0,45.976,33.658,54.997,17.349,0.0,57.773,31.402,22.207,0.0,0.0,0.0,0.0,12.888,11.575,21.479,8.83,8.472,16.229,14.916,20.405,20.883,23.269,0.0,0.0,31.622,23.15,37.827,11.933,0.0,39.737,21.599,15.274,0.0,0.0,0.0,0.0,0.0
2020,sc01,08-23 17:00:00+01:00,17.918,16.093,29.863,12.277,11.779,22.563,20.738,28.37,29.034,32.352,0.0,0.0,43.966,32.186,52.593,16.591,0.0,55.247,30.029,21.236,0.0,0.0,0.0,0.0,17.972,16.142,29.954,12.314,11.815,22.632,20.801,28.456,29.122,32.45,0.0,0.0,44.099,32.283,52.752,16.641,0.0,55.414,30.12,21.3,0.0,0.0,0.0,0.0,12.505,11.231,20.842,8.568,8.221,15.747,14.473,19.799,20.263,22.578,0.0,0.0,30.683,22.463,36.704,11.579,0.0,38.557,20.957,14.821,0.0,0.0,0.0,0.0,0.0
2020,sc01,08-23 18:00:00+01:00,17.4,15.628,29.0,11.922,11.439,21.911,20.139,27.55,28.194,31.416,0.0,0.0,42.694,31.255,51.071,16.111,0.0,53.649,29.161,20.622,0.0,0.0,0.0,0.0,17.238,15.482,28.73,11.811,11.332,21.707,19.951,27.293,27.932,31.124,0.0,0.0,42.297,30.964,50.596,15.961,0.0,53.15,28.889,20.43,0.0,0.0,0.0,0.0,12.31,11.056,20.517,8.435,8.093,15.502,14.248,19.491,19.947,22.227,0.0,0.0,30.205,22.113,36.133,11.398,0.0,37.956,20.631,14.59,0.0,0.0,0.0,0.0,0.0
2020,sc01,08-23 19:00:00+01:00,16.817,15.104,28.029,11.523,11.056,21.177,19.464,26.627,27.25,30.364,0.0,0.0,41.264,30.209,49.362,15.571,0.0,51.853,28.184,19.932,0.0,0.0,0.0,0.0,16.262,14.606,27.103,11.143,10.691,20.478,18.822,25.748,26.351,29.362,0.0,0.0,39.902,29.211,47.732,15.057,0.0,50.141,27.254,19.274,0.0,0.0,0.0,0.0,12.778,11.477,21.297,8.755,8.401,16.091,14.79,20.232,20.705,23.072,0.0,0.0,31.354,22.953,37.506,11.832,0.0,39.4,21.415,15.145,0.0,0.0,0.0,0.0,0.0
2020,sc01,08-23 20:00:00+01:00,15.449,13.876,25.749,10.586,10.156,19.455,17.881,24.461,25.033,27.894,0.0,0.0,37.908,27.751,45.346,14.305,0.0,47.635,25.892,18.31,0.0,0.0,0.0,0.0,15.528,13.946,25.879,10.639,10.208,19.553,17.972,24.585,25.161,28.036,0.0,0.0,38.1,27.892,45.577,14.377,0.0,47.877,26.023,18.403,0.0,0.0,0.0,0.0,12.225,10.98,20.375,8.376,8.037,15.394,14.149,19.356,19.809,22.072,0.0,0.0,29.996,21.959,35.882,11.319,0.0,37.693,20.488,14.489,0.0,0.0,0.0,0.0,0.0
2020,sc01,08-23 21:00:00+01:00,13.953,12.532,23.255,9.56,9.173,17.57,16.149,22.092,22.609,25.193,0.0,0.0,34.236,25.064,40.954,12.919,0.0,43.021,23.384,16.537,0.0,0.0,0.0,0.0,14.229,12.78,23.715,9.749,9.354,17.918,16.469,22.529,23.056,25.691,0.0,0.0,34.913,25.559,41.764,13.175,0.0,43.872,23.847,16.864,0.0,0.0,0.0,0.0,11.432,10.268,19.053,7.833,7.516,14.396,13.232,18.101,18.524,20.641,0.0,0.0,28.051,20.535,33.555,10.585,0.0,35.249,19.159,13.549,0.0,0.0,0.0,0.0,0.0
2020,sc01,08-23 22:00:00+01:00,12.71,11.416,21.184,8.709,8.356,16.006,14.711,20.125,20.596,22.949,0.0,0.0,31.188,22.832,37.307,11.769,0.0,39.191,21.302,15.064,0.0,0.0,0.0,0.0,12.944,11.625,21.573,8.869,8.509,16.299,14.981,20.494,20.974,23.371,0.0,0.0,31.76,23.251,37.992,11.985,0.0,39.91,21.693,15.341,0.0,0.0,0.0,0.0,10.571,9.494,17.618,7.243,6.95,13.312,12.235,16.738,17.129,19.087,0.0,0.0,25.938,18.989,31.028,9.788,0.0,32.594,17.716,12.529,0.0,0.0,0.0,0.0,0.0
2020,sc01,08-23 23:00:00+01:00,11.997,10.775,19.995,8.22,7.887,15.107,13.885,18.995,19.44,21.661,0.0,0.0,29.437,21.55,35.214,11.108,0.0,36.991,20.106,14.219,0.0,0.0,0.0,0.0,11.903,10.691,19.839,8.156,7.825,14.989,13.777,18.847,19.288,21.492,0.0,0.0,29.207,21.382,34.938,11.022,0.0,36.702,19.949,14.108,0.0,0.0,0.0,0.0,9.942,8.93,16.571,6.812,6.536,12.52,11.507,15.742,16.11,17.952,0.0,0.0,24.396,17.86,29.183,9.206,0.0,30.656,16.663,11.784,0.0,0.0,0.0,0.0,0.0
2020,sc01,08-24 00:00:00+01:00,11.548,10.372,19.247,7.913,7.592,14.542,13.366,18.285,18.712,20.851,0.0,0.0,28.336,20.744,33.896,10.693,0.0,35.607,19.354,13.687,0.0,0.0,0.0,0.0,11.135,10.001,18.558,7.629,7.32,14.022,12.888,17.63,18.043,20.105,0.0,0.0,27.322,20.002,32.683,10.31,0.0,34.333,18.661,13.197,0.0,0.0,0.0,0.0,9.642,8.66,16.07,6.606,6.339,12.141,11.159,15.266,15.623,17.409,0.0,0.0,23.658,17.319,28.3,8.928,0.0,29.729,16.159,11.427,0.0,0.0,0.0,0.0,0.0
2020,sc01,08-24 01:00:00+01:00,11.179,10.041,18.632,7.66,7.349,14.078,12.939,17.701,18.115,20.185,0.0,0.0,27.431,20.082,32.814,10.351,0.0,34.47,18.736,13.25,0.0,0.0,0.0,0.0,10.571,9.494,17.618,7.243,6.949,13.311,12.234,16.737,17.128,19.086,0.0,0.0,25.937,18.988,31.026,9.788,0.0,32.592,17.715,12.528,0.0,0.0,0.0,0.0,9.45,8.488,15.751,6.475,6.213,11.901,10.938,14.963,15.313,17.063,0.0,0.0,23.189,16.976,27.739,8.75,0.0,29.139,15.838,11.201,0.0,0.0,0.0,0.0,0.0
2020,sc01,08-24 02:00:00+01:00,10.902,9.791,18.169,7.47,7.167,13.728,12.618,17.261,17.665,19.683,0.0,0.0,26.749,19.582,31.998,10.094,0.0,33.613,18.27,12.92,0.0,0.0,0.0,0.0,10.2,9.161,17.0,6.989,6.705,12.844,11.805,16.15,16.528,18.416,0.0,0.0,25.028,18.322,29.939,9.444,0.0,31.45,17.094,12.089,0.0,0.0,0.0,0.0,9.365,8.411,15.608,6.417,6.157,11.793,10.839,14.828,15.175,16.909,0.0,0.0,22.979,16.822,27.488,8.671,0.0,28.875,15.695,11.099,0.0,0.0,0.0,0.0,0.0
2020,sc01,08-24 03:00:00+01:00,10.931,9.818,18.218,7.49,7.186,13.765,12.652,17.307,17.712,19.736,0.0,0.0,26.821,19.635,32.084,10.121,0.0,33.704,18.319,12.955,0.0,0.0,0.0,0.0,10.101,9.072,16.836,6.921,6.641,12.72,11.691,15.994,16.368,18.238,0.0,0.0,24.786,18.145,29.649,9.353,0.0,31.146,16.929,11.972,0.0,0.0,0.0,0.0,9.44,8.479,15.734,6.468,6.206,11.888,10.926,14.947,15.297,17.045,0.0,0.0,23.163,16.957,27.709,8.741,0.0,29.107,15.821,11.188,0.0,0.0,0.0,0.0,0.0
2020,sc01,08-24 04:00:00+01:00,11.254,10.108,18.757,7.711,7.399,14.172,13.026,17.819,18.236,20.32,0.0,0.0,27.615,20.216,33.033,10.421,0.0,34.701,18.861,13.338,0.0,0.0,0.0,0.0,10.18,9.143,16.966,6.975,6.692,12.819,11.782,16.118,16.495,18.38,0.0,0.0,24.977,18.285,29.879,9.425,0.0,31.387,17.06,12.065,0.0,0.0,0.0,0.0,9.837,8.835,16.394,6.74,6.467,12.387,11.385,15.574,15.939,17.76,0.0,0.0,24.136,17.669,28.872,9.108,0.0,30.329,16.485,11.658,0.0,0.0,0.0,0.0,0.0
2020,sc01,08-24 05:00:00+01:00,11.783,10.583,19.639,8.074,7.746,14.838,13.638,18.657,19.093,21.275,0.0,0.0,28.913,21.166,34.586,10.91,0.0,36.332,19.748,13.965,0.0,0.0,0.0,0.0,10.135,9.103,16.892,6.945,6.663,12.763,11.731,16.048,16.423,18.3,0.0,0.0,24.869,18.206,29.749,9.385,0.0,31.251,16.986,12.012,0.0,0.0,0.0,0.0,10.26,9.215,17.1,7.03,6.745,12.92,11.875,16.245,16.625,18.525,0.0,0.0,25.175,18.43,30.116,9.5,0.0,31.636,17.195,12.16,0.0,0.0,0.0,0.0,0.0
2020,sc01,08-24 06:00:00+01:00,12.657,11.368,21.095,8.672,8.321,15.938,14.649,20.04,20.509,22.853,0.0,0.0,31.057,22.736,37.151,11.719,0.0,39.026,21.212,15.001,0.0,0.0,0.0,0.0,10.836,9.732,18.059,7.424,7.123,13.645,12.541,17.157,17.558,19.564,0.0,0.0,26.588,19.464,31.805,10.033,0.0,33.41,18.16,12.842,0.0,0.0,0.0,0.0,10.92,9.807,18.199,7.482,7.179,13.751,12.638,17.289,17.694,19.716,0.0,0.0,26.793,19.615,32.051,10.111,0.0,33.669,18.3,12.942,0.0,0.0,0.0,0.0,0.0
2020,sc01,08-24 07:00:00+01:00,13.654,12.263,22.756,9.355,8.976,17.193,15.803,21.618,22.124,24.652,0.0,0.0,33.502,24.526,40.076,12.642,0.0,42.099,22.882,16.182,0.0,0.0,0.0,0.0,11.934,10.718,19.89,8.177,7.845,15.028,13.812,18.895,19.337,21.547,0.0,0.0,29.282,21.437,35.028,11.05,0.0,36.796,20.0,14.144,0.0,0.0,0.0,0.0,11.91,10.697,19.851,8.161,7.83,14.998,13.785,18.858,19.299,21.505,0.0,0.0,29.225,21.395,34.959,11.028,0.0,36.724,19.961,14.116,0.0,0.0,0.0,0.0,0.0
2020,sc01,08-24 08:00:00+01:00,14.749,13.247,24.582,10.106,9.696,18.573,17.071,23.353,23.899,26.63,0.0,0.0,36.19,26.494,43.291,13.657,0.0,45.476,24.718,17.48,0.0,0.0,0.0,0.0,13.267,11.915,22.111,9.09,8.722,16.706,15.355,21.006,21.497,23.954,0.0,0.0,32.552,23.831,38.94,12.284,0.0,40.906,22.234,15.723,0.0,0.0,0.0,0.0,12.853,11.544,21.422,8.807,8.45,16.186,14.877,20.351,20.827,23.208,0.0,0.0,31.538,23.089,37.727,11.901,0.0,39.631,21.541,15.234,0.0,0.0,0.0,0.0,0.0
2020,sc01,08-24 09:00:00+01:00,16.066,14.43,26.777,11.008,10.562,20.232,18.595,25.438,26.034,29.009,0.0,0.0,39.422,28.86,47.158,14.876,0.0,49.538,26.926,19.042,0.0,0.0,0.0,0.0,14.525,13.045,24.208,9.952,9.549,18.29,16.811,22.997,23.535,26.225,0.0,0.0,35.639,26.091,42.633,13.449,0.0,44.784,24.342,17.214,0.0,0.0,0.0,0.0,13.827,12.419,23.045,9.474,9.09,17.412,16.004,21.893,22.405,24.966,0.0,0.0,33.928,24.838,40.585,12.803,0.0,42.634,23.173,16.388,0.0,0.0,0.0,0.0,0.0
2020,sc01,08-24 10:00:00+01:00,17.424,15.649,29.04,11.938,11.455,21.941,20.166,27.588,28.233,31.46,0.0,0.0,42.753,31.298,51.142,16.133,0.0,53.723,29.201,20.65,0.0,0.0,0.0,0.0,15.966,14.34,26.61,10.94,10.496,20.106,18.479,25.28,25.871,28.828,0.0,0.0,39.176,28.68,46.864,14.784,0.0,49.229,26.758,18.923,0.0,0.0,0.0,0.0,14.596,13.109,24.326,10.001,9.595,18.38,16.893,23.11,23.651,26.354,0.0,0.0,35.814,26.219,42.842,13.515,0.0,45.004,24.462,17.299,0.0,0.0,0.0,0.0,0.0
2020,sc01,08-24 11:00:00+01:00,18.69,16.787,31.15,12.806,12.287,23.536,21.632,29.593,30.285,33.746,0.0,0.0,45.86,33.573,54.859,17.306,0.0,57.628,31.323,22.151,0.0,0.0,0.0,0.0,17.503,15.72,29.172,11.993,11.507,22.041,20.258,27.713,28.361,31.603,0.0,0.0,42.947,31.441,51.375,16.207,0.0,53.968,29.334,20.744,0.0,0.0,0.0,0.0,15.358,13.794,25.596,10.523,10.096,19.339,17.775,24.317,24.885,27.729,0.0,0.0,37.683,27.587,45.078,14.22,0.0,47.353,25.739,18.202,0.0,0.0,0.0,0.0,0.0
2020,sc01,08-24 12:00:00+01:00,19.903,17.876,33.172,13.637,13.085,25.063,23.036,31.514,32.251,35.937,0.0,0.0,48.837,35.752,58.42,18.429,0.0,61.369,33.356,23.589,0.0,0.0,0.0,0.0,18.588,16.694,30.979,12.736,12.22,23.407,21.513,29.43,30.119,33.561,0.0,0.0,45.609,33.389,54.558,17.211,0.0,57.312,31.151,22.03,0.0,0.0,0.0,0.0,16.174,14.527,26.957,11.082,10.633,20.368,18.72,25.609,26.208,29.204,0.0,0.0,39.687,29.054,47.475,14.976,0.0,49.871,27.107,19.17,0.0,0.0,0.0,0.0,0.0
2020,sc01,08-24 13:00:00+01:00,20.74,18.627,34.566,14.21,13.634,26.117,24.004,32.838,33.606,37.447,0.0,0.0,50.889,37.255,60.875,19.203,0.0,63.947,34.758,24.58,0.0,0.0,0.0,0.0,19.41,17.433,32.351,13.3,12.761,24.443,22.466,30.733,31.452,35.047,0.0,0.0,47.627,34.867,56.973,17.973,0.0,59.849,32.53,23.005,0.0,0.0,0.0,0.0,16.943,15.217,28.239,11.609,11.139,21.336,19.61,26.827,27.454,30.592,0.0,0.0,41.573,30.435,49.731,15.688,0.0,52.241,28.395,20.081,0.0,0.0,0.0,0.0,0.0
2020,sc01,08-24 14:00:00+01:00,21.298,19.129,35.497,14.593,14.002,26.82,24.651,33.722,34.511,38.455,0.0,0.0,52.259,38.258,62.514,19.72,0.0,65.669,35.694,25.242,0.0,0.0,0.0,0.0,19.815,17.797,33.025,13.577,13.027,24.952,22.934,31.374,32.108,35.777,0.0,0.0,48.62,35.594,58.161,18.347,0.0,61.096,33.208,23.484,0.0,0.0,0.0,0.0,17.439,15.662,29.064,11.949,11.464,21.96,20.183,27.611,28.257,31.486,0.0,0.0,42.789,31.325,51.185,16.147,0.0,53.769,29.226,20.668,0.0,0.0,0.0,0.0,0.0
2020,sc01,08-24 15:00:00+01:00,21.402,19.222,35.67,14.665,14.07,26.951,24.771,33.887,34.68,38.643,0.0,0.0,52.515,38.445,62.82,19.817,0.0,65.99,35.869,25.366,0.0,0.0,0.0,0.0,19.665,17.662,32.776,13.474,12.928,24.764,22.761,31.137,31.865,35.507,0.0,0.0,48.253,35.325,57.722,18.209,0.0,60.635,32.958,23.307,0.0,0.0,0.0,0.0,17.524,15.739,29.207,12.007,11.52,22.067,20.282,27.746,28.395,31.64,0.0,0.0,42.999,31.478,51.436,16.226,0.0,54.032,29.369,20.769,0.0,0.0,0.0,0.0,0.0
2020,sc01,08-24 16:00:00+01:00,20.606,18.507,34.343,14.119,13.547,25.948,23.85,32.626,33.389,37.205,0.0,0.0,50.561,37.015,60.483,19.08,0.0,63.535,34.534,24.422,0.0,0.0,0.0,0.0,19.38,17.406,32.3,13.279,12.74,24.404,22.43,30.685,31.402,34.991,0.0,0.0,47.552,34.812,56.883,17.944,0.0,59.754,32.479,22.969,0.0,0.0,0.0,0.0,16.868,15.15,28.113,11.558,11.089,21.241,19.523,26.708,27.332,30.456,0.0,0.0,41.389,30.3,49.511,15.618,0.0,52.01,28.269,19.992,0.0,0.0,0.0,0.0,0.0
2020,sc01,08-24 17:00:00+01:00,18.733,16.825,31.222,12.836,12.315,23.59,21.682,29.661,30.354,33.823,0.0,0.0,45.965,33.65,54.985,17.345,0.0,57.76,31.395,22.202,0.0,0.0,0.0,0.0,18.809,16.893,31.348,12.887,12.365,23.685,21.769,29.78,30.477,33.96,0.0,0.0,46.151,33.786,55.207,17.415,0.0,57.993,31.522,22.292,0.0,0.0,0.0,0.0,15.522,13.941,25.87,10.635,10.204,19.546,17.965,24.576,25.151,28.025,0.0,0.0,38.086,27.882,45.559,14.372,0.0,47.859,26.013,18.396,0.0,0.0,0.0,0.0,0.0
2020,sc01,08-24 18:00:00+01:00,17.042,15.306,28.403,11.677,11.203,21.46,19.724,26.983,27.614,30.77,0.0,0.0,41.815,30.612,50.02,15.779,0.0,52.545,28.561,20.198,0.0,0.0,0.0,0.0,18.394,16.52,30.656,12.603,12.092,23.163,21.289,29.124,29.805,33.211,0.0,0.0,45.133,33.041,53.989,17.031,0.0,56.714,30.827,21.8,0.0,0.0,0.0,0.0,14.657,13.165,24.429,10.043,9.636,18.457,16.965,23.208,23.75,26.465,0.0,0.0,35.965,26.329,43.022,13.572,0.0,45.194,24.565,17.372,0.0,0.0,0.0,0.0,0.0
2020,sc01,08-24 19:00:00+01:00,15.831,14.219,26.385,10.847,10.408,19.936,18.323,25.066,25.653,28.584,0.0,0.0,38.845,28.438,46.468,14.659,0.0,48.813,26.532,18.763,0.0,0.0,0.0,0.0,17.772,15.962,29.619,12.177,11.683,22.379,20.569,28.138,28.797,32.088,0.0,0.0,43.606,31.923,52.163,16.455,0.0,54.796,29.784,21.063,0.0,0.0,0.0,0.0,14.774,13.269,24.623,10.123,9.712,18.604,17.099,23.391,23.939,26.674,0.0,0.0,36.25,26.538,43.363,13.679,0.0,45.552,24.759,17.509,0.0,0.0,0.0,0.0,0.0
2020,sc01,08-24 20:00:00+01:00,14.893,13.376,24.822,10.205,9.791,18.755,17.238,23.581,24.133,26.891,0.0,0.0,36.544,26.753,43.715,13.79,0.0,45.921,24.96,17.651,0.0,0.0,0.0,0.0,16.364,14.697,27.273,11.212,10.758,20.607,18.94,25.91,26.516,29.546,0.0,0.0,40.153,29.395,48.032,15.152,0.0,50.456,27.425,19.394,0.0,0.0,0.0,0.0,13.69,12.296,22.817,9.381,9.0,17.24,15.845,21.677,22.184,24.719,0.0,0.0,33.592,24.592,40.184,12.676,0.0,42.212,22.944,16.226,0.0,0.0,0.0,0.0,0.0
2020,sc01,08-24 21:00:00+01:00,13.501,12.126,22.502,9.251,8.876,17.002,15.627,21.377,21.877,24.377,0.0,0.0,33.128,24.252,39.629,12.501,0.0,41.629,22.627,16.002,0.0,0.0,0.0,0.0,14.946,13.424,24.91,10.241,9.826,18.821,17.299,23.665,24.218,26.986,0.0,0.0,36.674,26.848,43.87,13.839,0.0,46.084,25.049,17.714,0.0,0.0,0.0,0.0,12.402,11.139,20.671,8.498,8.153,15.618,14.355,19.637,20.096,22.393,0.0,0.0,30.432,22.278,36.403,11.484,0.0,38.241,20.786,14.699,0.0,0.0,0.0,0.0,0.0
2020,sc01,08-24 22:00:00+01:00,12.363,11.104,20.605,8.471,8.128,15.568,14.309,19.575,20.033,22.322,0.0,0.0,30.335,22.208,36.288,11.447,0.0,38.12,20.72,14.653,0.0,0.0,0.0,0.0,13.535,12.157,22.559,9.274,8.898,17.044,15.666,21.431,21.932,24.439,0.0,0.0,33.212,24.313,39.729,12.533,0.0,41.734,22.684,16.042,0.0,0.0,0.0,0.0,11.244,10.099,18.74,7.704,7.392,14.159,13.014,17.803,18.22,20.302,0.0,0.0,27.59,20.198,33.004,10.411,0.0,34.67,18.844,13.326,0.0,0.0,0.0,0.0,0.0
2020,sc01,08-24 23:00:00+01:00,11.781,10.581,19.634,8.072,7.745,14.835,13.635,18.653,19.089,21.271,0.0,0.0,28.906,21.161,34.578,10.908,0.0,36.324,19.743,13.962,0.0,0.0,0.0,0.0,12.41,11.146,20.683,8.503,8.158,15.627,14.363,19.649,20.109,22.407,0.0,0.0,30.45,22.292,36.425,11.491,0.0,38.264,20.798,14.708,0.0,0.0,0.0,0.0,10.397,9.338,17.328,7.124,6.835,13.092,12.033,16.462,16.847,18.772,0.0,0.0,25.511,18.676,30.517,9.627,0.0,32.057,17.424,12.322,0.0,0.0,0.0,0.0,0.0
2020,sc01,08-25 00:00:00+01:00,11.334,10.18,18.891,7.766,7.451,14.273,13.119,17.946,18.366,20.465,0.0,0.0,27.811,20.36,33.269,10.495,0.0,34.948,18.996,13.433,0.0,0.0,0.0,0.0,11.648,10.462,19.414,7.981,7.658,14.668,13.482,18.443,18.875,21.032,0.0,0.0,28.581,20.924,34.19,10.785,0.0,35.916,19.522,13.805,0.0,0.0,0.0,0.0,10.001,8.982,16.668,6.852,6.574,12.593,11.575,15.834,16.205,18.056,0.0,0.0,24.538,17.964,29.353,9.26,0.0,30.835,16.76,11.852,0.0,0.0,0.0,0.0,0.0
2020,sc01,08-25 01:00:00+01:00,11.059,9.933,18.432,7.578,7.27,13.926,12.8,17.51,17.92,19.968,0.0,0.0,27.136,19.866,32.461,10.24,0.0,34.099,18.534,13.107,0.0,0.0,0.0,0.0,11.101,9.97,18.501,7.606,7.298,13.979,12.848,17.576,17.988,20.043,0.0,0.0,27.238,19.941,32.583,10.279,0.0,34.228,18.604,13.157,0.0,0.0,0.0,0.0,9.69,8.703,16.149,6.639,6.37,12.202,11.215,15.342,15.701,17.495,0.0,0.0,23.775,17.405,28.441,8.972,0.0,29.876,16.239,11.484,0.0,0.0,0.0,0.0,0.0
2020,sc01,08-25 02:00:00+01:00,10.918,9.806,18.196,7.481,7.177,13.748,12.636,17.286,17.69,19.712,0.0,0.0,26.788,19.611,32.045,10.109,0.0,33.662,18.297,12.939,0.0,0.0,0.0,0.0,10.785,9.686,17.975,7.39,7.09,13.581,12.482,17.076,17.475,19.472,0.0,0.0,26.462,19.373,31.655,9.986,0.0,33.253,18.074,12.782,0.0,0.0,0.0,0.0,9.604,8.626,16.007,6.581,6.314,12.094,11.116,15.207,15.562,17.341,0.0,0.0,23.566,17.252,28.19,8.893,0.0,29.613,16.096,11.383,0.0,0.0,0.0,0.0,0.0
2020,sc01,08-25 03:00:00+01:00,10.995,9.875,18.325,7.534,7.228,13.846,12.726,17.409,17.816,19.852,0.0,0.0,26.979,19.75,32.273,10.181,0.0,33.901,18.427,13.031,0.0,0.0,0.0,0.0,10.625,9.543,17.708,7.28,6.985,13.38,12.297,16.823,17.216,19.184,0.0,0.0,26.07,19.085,31.186,9.838,0.0,32.76,17.807,12.592,0.0,0.0,0.0,0.0,9.645,8.663,16.075,6.609,6.341,12.146,11.163,15.272,15.629,17.415,0.0,0.0,23.666,17.326,28.31,8.931,0.0,29.739,16.165,11.431,0.0,0.0,0.0,0.0,0.0
2020,sc01,08-25 04:00:00+01:00,11.358,10.202,18.931,7.783,7.467,14.303,13.146,17.984,18.405,20.508,0.0,0.0,27.87,20.403,33.339,10.517,0.0,35.022,19.036,13.462,0.0,0.0,0.0,0.0,10.781,9.683,17.969,7.387,7.088,13.576,12.478,17.07,17.47,19.466,0.0,0.0,26.454,19.366,31.645,9.983,0.0,33.242,18.069,12.778,0.0,0.0,0.0,0.0,10.045,9.022,16.742,6.883,6.604,12.649,11.626,15.904,16.276,18.137,0.0,0.0,24.647,18.044,29.484,9.301,0.0,30.972,16.835,11.905,0.0,0.0,0.0,0.0,0.0
2020,sc01,08-25 05:00:00+01:00,11.871,10.662,19.786,8.134,7.804,14.949,13.74,18.796,19.236,21.435,0.0,0.0,29.129,21.325,34.845,10.992,0.0,36.604,19.896,14.07,0.0,0.0,0.0,0.0,10.825,9.723,18.042,7.417,7.117,13.632,12.53,17.14,17.541,19.546,0.0,0.0,26.563,19.446,31.775,10.024,0.0,33.379,18.143,12.83,0.0,0.0,0.0,0.0,10.506,9.436,17.51,7.199,6.907,13.23,12.16,16.635,17.024,18.969,0.0,0.0,25.779,18.872,30.838,9.728,0.0,32.394,17.608,12.452,0.0,0.0,0.0,0.0,0.0
2020,sc01,08-25 06:00:00+01:00,12.449,11.181,20.748,8.53,8.184,15.676,14.408,19.71,20.171,22.477,0.0,0.0,30.545,22.361,36.539,11.526,0.0,38.383,20.863,14.754,0.0,0.0,0.0,0.0,11.512,10.34,19.187,7.888,7.568,14.497,13.324,18.228,18.654,20.786,0.0,0.0,28.248,20.679,33.791,10.66,0.0,35.496,19.294,13.644,0.0,0.0,0.0,0.0,11.251,10.105,18.752,7.709,7.396,14.168,13.022,17.814,18.231,20.314,0.0,0.0,27.607,20.21,33.024,10.418,0.0,34.691,18.856,13.335,0.0,0.0,0.0,0.0,0.0
2020,sc01,08-25 07:00:00+01:00,12.433,11.166,20.721,8.519,8.173,15.656,14.39,19.685,20.145,22.448,0.0,0.0,30.506,22.333,36.492,11.512,0.0,38.334,20.836,14.735,0.0,0.0,0.0,0.0,12.672,11.381,21.119,8.682,8.33,15.957,14.666,20.063,20.533,22.879,0.0,0.0,31.093,22.762,37.194,11.733,0.0,39.071,21.237,15.018,0.0,0.0,0.0,0.0,12.361,11.102,20.602,8.47,8.126,15.566,14.307,19.572,20.03,22.319,0.0,0.0,30.331,22.205,36.283,11.446,0.0,38.114,20.717,14.651,0.0,0.0,0.0,0.0,0.0
2020,sc01,08-25 08:00:00+01:00,12.636,11.349,21.059,8.658,8.307,15.912,14.625,20.006,20.474,22.814,0.0,0.0,31.004,22.697,37.088,11.7,0.0,38.96,21.176,14.976,0.0,0.0,0.0,0.0,14.066,12.633,23.443,9.638,9.247,17.712,16.28,22.271,22.792,25.396,0.0,0.0,34.513,25.266,41.285,13.024,0.0,43.369,23.573,16.67,0.0,0.0,0.0,0.0,13.714,12.318,22.857,9.397,9.016,17.27,15.873,21.714,22.222,24.762,0.0,0.0,33.651,24.635,40.254,12.699,0.0,42.286,22.984,16.254,0.0,0.0,0.0,0.0,0.0
2020,sc01,08-25 09:00:00+01:00,13.218,11.872,22.03,9.057,8.69,16.645,15.299,20.929,21.418,23.866,0.0,0.0,32.433,23.744,38.798,12.239,0.0,40.756,22.153,15.666,0.0,0.0,0.0,0.0,15.385,13.818,25.641,10.541,10.114,19.374,17.807,24.359,24.929,27.778,0.0,0.0,37.75,27.636,45.157,14.245,0.0,47.437,25.784,18.234,0.0,0.0,0.0,0.0,14.886,13.37,24.811,10.2,9.786,18.746,17.23,23.57,24.121,26.878,0.0,0.0,36.527,26.74,43.694,13.784,0.0,45.899,24.948,17.643,0.0,0.0,0.0,0.0,0.0
2020,sc01,08-25 10:00:00+01:00,13.929,12.51,23.215,9.544,9.157,17.54,16.121,22.054,22.57,25.149,0.0,0.0,34.177,25.02,40.884,12.897,0.0,42.947,23.344,16.508,0.0,0.0,0.0,0.0,15.932,14.31,26.554,10.917,10.474,20.063,18.44,25.226,25.816,28.767,0.0,0.0,39.093,28.619,46.764,14.752,0.0,49.124,26.701,18.883,0.0,0.0,0.0,0.0,16.239,14.585,27.065,11.127,10.676,20.449,18.795,25.712,26.314,29.321,0.0,0.0,39.846,29.171,47.665,15.036,0.0,50.071,27.216,19.247,0.0,0.0,0.0,0.0,0.0
2020,sc01,08-25 11:00:00+01:00,14.613,13.125,24.355,10.013,9.607,18.401,16.913,23.137,23.678,26.384,0.0,0.0,35.856,26.249,42.891,13.53,0.0,45.056,24.49,17.319,0.0,0.0,0.0,0.0,18.129,16.282,30.214,12.421,11.918,22.829,20.982,28.704,29.375,32.732,0.0,0.0,44.482,32.564,53.211,16.786,0.0,55.897,30.382,21.486,0.0,0.0,0.0,0.0,17.804,15.991,29.674,12.199,11.705,22.42,20.607,28.19,28.849,32.146,0.0,0.0,43.686,31.981,52.258,16.485,0.0,54.896,29.838,21.101,0.0,0.0,0.0,0.0,0.0
2020,sc01,08-25 12:00:00+01:00,15.447,13.873,25.744,10.584,10.155,19.451,17.878,24.457,25.029,27.89,0.0,0.0,37.901,27.747,45.338,14.302,0.0,47.627,25.887,18.307,0.0,0.0,0.0,0.0,19.206,17.25,32.011,13.16,12.626,24.186,22.23,30.41,31.122,34.678,0.0,0.0,47.127,34.5,56.374,17.784,0.0,59.22,32.189,22.763,0.0,0.0,0.0,0.0,19.386,17.412,32.31,13.283,12.745,24.412,22.438,30.695,31.413,35.003,0.0,0.0,47.568,34.823,56.902,17.95,0.0,59.774,32.49,22.976,0.0,0.0,0.0,0.0,0.0
2020,sc01,08-25 13:00:00+01:00,16.181,14.533,26.969,11.087,10.638,20.376,18.728,25.62,26.22,29.216,0.0,0.0,39.704,29.066,47.495,14.983,0.0,49.892,27.119,19.178,0.0,0.0,0.0,0.0,20.06,18.017,33.433,13.745,13.187,25.261,23.217,31.761,32.504,36.219,0.0,0.0,49.221,36.033,58.879,18.574,0.0,61.851,33.619,23.775,0.0,0.0,0.0,0.0,20.681,18.575,34.468,14.17,13.596,26.043,23.936,32.745,33.511,37.341,0.0,0.0,50.745,37.149,60.702,19.149,0.0,63.766,34.66,24.511,0.0,0.0,0.0,0.0,0.0
2020,sc01,08-25 14:00:00+01:00,16.828,15.114,28.047,11.53,11.063,21.191,19.477,26.644,27.267,30.384,0.0,0.0,41.291,30.228,49.393,15.581,0.0,51.886,28.202,19.944,0.0,0.0,0.0,0.0,20.76,18.646,34.6,14.225,13.648,26.142,24.028,32.87,33.639,37.484,0.0,0.0,50.939,37.291,60.935,19.222,0.0,64.011,34.793,24.605,0.0,0.0,0.0,0.0,21.101,18.952,35.169,14.458,13.872,26.572,24.423,33.41,34.192,38.099,0.0,0.0,51.776,37.904,61.936,19.538,0.0,65.062,35.364,25.009,0.0,0.0,0.0,0.0,0.0
2020,sc01,08-25 15:00:00+01:00,17.242,15.486,28.737,11.814,11.335,21.712,19.956,27.3,27.939,31.131,0.0,0.0,42.307,30.972,50.609,15.965,0.0,53.163,28.896,20.435,0.0,0.0,0.0,0.0,20.862,18.737,34.77,14.294,13.715,26.271,24.146,33.032,33.805,37.668,0.0,0.0,51.19,37.475,61.234,19.317,0.0,64.325,34.964,24.726,0.0,0.0,0.0,0.0,20.886,18.759,34.81,14.311,13.731,26.301,24.174,33.069,33.843,37.711,0.0,0.0,51.248,37.517,61.304,19.339,0.0,64.398,35.003,24.754,0.0,0.0,0.0,0.0,0.0
2020,sc01,08-25 16:00:00+01:00,17.087,15.347,28.478,11.708,11.233,21.517,19.777,27.055,27.687,30.852,0.0,0.0,41.927,30.693,50.154,15.821,0.0,52.685,28.637,20.251,0.0,0.0,0.0,0.0,20.403,18.325,34.005,13.98,13.413,25.693,23.615,32.305,33.061,36.839,0.0,0.0,50.063,36.65,59.887,18.892,0.0,62.91,34.194,24.182,0.0,0.0,0.0,0.0,19.581,17.586,32.635,13.416,12.873,24.657,22.663,31.003,31.728,35.354,0.0,0.0,48.045,35.173,57.473,18.13,0.0,60.374,32.816,23.207,0.0,0.0,0.0,0.0,0.0
2020,sc01,08-25 17:00:00+01:00,16.344,14.68,27.24,11.199,10.745,20.582,18.917,25.878,26.484,29.511,0.0,0.0,40.104,29.359,47.974,15.134,0.0,50.395,27.392,19.371,0.0,0.0,0.0,0.0,19.557,17.565,32.594,13.4,12.857,24.627,22.635,30.965,31.689,35.311,0.0,0.0,47.986,35.129,57.402,18.108,0.0,60.3,32.775,23.178,0.0,0.0,0.0,0.0,17.654,15.856,29.423,12.096,11.606,22.231,20.433,27.952,28.606,31.875,0.0,0.0,43.317,31.711,51.817,16.346,0.0,54.432,29.586,20.923,0.0,0.0,0.0,0.0,0.0
2020,sc01,08-25 18:00:00+01:00,16.211,14.56,27.018,11.107,10.657,20.413,18.762,25.667,26.267,29.269,0.0,0.0,39.776,29.119,47.581,15.01,0.0,49.983,27.168,19.213,0.0,0.0,0.0,0.0,19.166,17.214,31.943,13.132,12.6,24.134,22.182,30.346,31.055,34.605,0.0,0.0,47.027,34.427,56.255,17.746,0.0,59.094,32.12,22.715,0.0,0.0,0.0,0.0,16.601,14.911,27.669,11.375,10.914,20.906,19.215,26.286,26.901,29.975,0.0,0.0,40.735,29.821,48.728,15.372,0.0,51.188,27.823,19.676,0.0,0.0,0.0,0.0,0.0
2020,sc01,08-25 19:00:00+01:00,15.612,14.022,26.02,10.697,10.264,19.66,18.07,24.719,25.298,28.189,0.0,0.0,38.308,28.044,45.825,14.456,0.0,48.138,26.165,18.503,0.0,0.0,0.0,0.0,18.761,16.85,31.268,12.855,12.334,23.625,21.714,29.705,30.4,33.874,0.0,0.0,46.034,33.7,55.067,17.371,0.0,57.846,31.442,22.235,0.0,0.0,0.0,0.0,16.185,14.536,26.974,11.089,10.64,20.381,18.732,25.626,26.225,29.222,0.0,0.0,39.712,29.072,47.505,14.986,0.0,49.903,27.124,19.182,0.0,0.0,0.0,0.0,0.0
2020,sc01,08-25 20:00:00+01:00,14.658,13.165,24.43,10.044,9.636,18.459,16.966,23.209,23.752,26.466,0.0,0.0,35.967,26.331,43.025,13.572,0.0,45.196,24.566,17.373,0.0,0.0,0.0,0.0,17.585,15.794,29.308,12.049,11.56,22.144,20.353,27.842,28.494,31.75,0.0,0.0,43.147,31.587,51.614,16.282,0.0,54.219,29.471,20.841,0.0,0.0,0.0,0.0,14.91,13.392,24.85,10.216,9.802,18.776,17.257,23.608,24.16,26.921,0.0,0.0,36.585,26.783,43.764,13.806,0.0,45.973,24.988,17.671,0.0,0.0,0.0,0.0,0.0
2020,sc01,08-25 21:00:00+01:00,13.392,12.028,22.32,9.176,8.804,16.864,15.5,21.204,21.7,24.18,0.0,0.0,32.859,24.056,39.307,12.4,0.0,41.291,22.444,15.872,0.0,0.0,0.0,0.0,16.272,14.615,27.12,11.15,10.697,20.491,18.834,25.764,26.367,29.38,0.0,0.0,39.927,29.23,47.762,15.067,0.0,50.173,27.271,19.286,0.0,0.0,0.0,0.0,13.332,11.974,22.22,9.135,8.764,16.788,15.43,21.109,21.602,24.071,0.0,0.0,32.712,23.948,39.131,12.344,0.0,41.106,22.343,15.801,0.0,0.0,0.0,0.0,0.0
2020,sc01,08-25 22:00:00+01:00,12.264,11.015,20.44,8.403,8.063,15.444,14.195,19.418,19.873,22.144,0.0,0.0,30.093,22.03,35.998,11.356,0.0,37.815,20.554,14.535,0.0,0.0,0.0,0.0,14.885,13.369,24.808,10.199,9.786,18.744,17.228,23.568,24.119,26.876,0.0,0.0,36.524,26.738,43.69,13.782,0.0,45.896,24.946,17.642,0.0,0.0,0.0,0.0,11.945,10.728,19.908,8.184,7.852,15.041,13.825,18.912,19.355,21.567,0.0,0.0,29.308,21.456,35.06,11.06,0.0,36.829,20.018,14.157,0.0,0.0,0.0,0.0,0.0
2020,sc01,08-25 23:00:00+01:00,11.588,10.408,19.314,7.94,7.618,14.593,13.412,18.348,18.777,20.923,0.0,0.0,28.434,20.816,34.014,10.73,0.0,35.73,19.421,13.734,0.0,0.0,0.0,0.0,13.654,12.264,22.757,9.356,8.976,17.194,15.804,21.619,22.125,24.654,0.0,0.0,33.504,24.527,40.078,12.643,0.0,42.101,22.884,16.183,0.0,0.0,0.0,0.0,10.93,9.817,18.216,7.489,7.185,13.763,12.65,17.306,17.71,19.734,0.0,0.0,26.819,19.633,32.081,10.12,0.0,33.7,18.318,12.954,0.0,0.0,0.0,0.0,0.0
2020,sc01,08-26 00:00:00+01:00,11.161,10.024,18.601,7.647,7.337,14.054,12.917,17.671,18.084,20.151,0.0,0.0,27.385,20.048,32.759,10.334,0.0,34.412,18.705,13.228,0.0,0.0,0.0,0.0,12.794,11.491,21.323,8.766,8.411,16.111,14.808,20.257,20.731,23.1,0.0,0.0,31.393,22.982,37.553,11.846,0.0,39.448,21.442,15.163,0.0,0.0,0.0,0.0,10.39,9.332,17.317,7.119,6.83,13.084,12.025,16.451,16.836,18.76,0.0,0.0,25.494,18.664,30.497,9.62,0.0,32.036,17.413,12.314,0.0,0.0,0.0,0.0,0.0
2020,sc01,08-26 01:00:00+01:00,10.912,9.801,18.187,7.477,7.174,13.741,12.63,17.278,17.682,19.703,0.0,0.0,26.775,19.602,32.029,10.104,0.0,33.646,18.288,12.933,0.0,0.0,0.0,0.0,12.158,10.92,20.264,8.331,7.993,15.31,14.072,19.251,19.701,21.952,0.0,0.0,29.833,21.84,35.687,11.258,0.0,37.488,20.376,14.41,0.0,0.0,0.0,0.0,10.021,9.0,16.702,6.866,6.588,12.619,11.598,15.867,16.238,18.093,0.0,0.0,24.589,18.001,29.414,9.279,0.0,30.898,16.794,11.877,0.0,0.0,0.0,0.0,0.0
2020,sc01,08-26 02:00:00+01:00,10.779,9.681,17.964,7.385,7.086,13.573,12.475,17.066,17.465,19.461,0.0,0.0,26.448,19.362,31.637,9.98,0.0,33.234,18.064,12.775,0.0,0.0,0.0,0.0,11.716,10.523,19.527,8.028,7.702,14.754,13.561,18.551,18.985,21.154,0.0,0.0,28.748,21.046,34.389,10.848,0.0,36.125,19.636,13.886,0.0,0.0,0.0,0.0,9.942,8.93,16.571,6.812,6.536,12.52,11.507,15.742,16.11,17.952,0.0,0.0,24.396,17.86,29.183,9.206,0.0,30.656,16.663,11.784,0.0,0.0,0.0,0.0,0.0
2020,sc01,08-26 03:00:00+01:00,10.835,9.731,18.058,7.424,7.123,13.644,12.54,17.155,17.556,19.563,0.0,0.0,26.585,19.462,31.802,10.032,0.0,33.407,18.158,12.841,0.0,0.0,0.0,0.0,11.533,10.358,19.221,7.902,7.582,14.523,13.348,18.26,18.687,20.823,0.0,0.0,28.298,20.716,33.851,10.678,0.0,35.559,19.328,13.668,0.0,0.0,0.0,0.0,9.98,8.964,16.633,6.838,6.561,12.567,11.551,15.802,16.171,18.019,0.0,0.0,24.488,17.927,29.293,9.241,0.0,30.772,16.726,11.828,0.0,0.0,0.0,0.0,0.0
2020,sc01,08-26 04:00:00+01:00,11.228,10.084,18.713,7.693,7.381,14.138,12.995,17.777,18.193,20.272,0.0,0.0,27.549,20.168,32.955,10.396,0.0,34.618,18.816,13.307,0.0,0.0,0.0,0.0,11.611,10.428,19.351,7.956,7.633,14.621,13.439,18.384,18.814,20.964,0.0,0.0,28.49,20.857,34.08,10.751,0.0,35.8,19.459,13.761,0.0,0.0,0.0,0.0,10.27,9.224,17.117,7.037,6.752,12.933,11.887,16.261,16.642,18.544,0.0,0.0,25.201,18.449,30.146,9.51,0.0,31.667,17.212,12.172,0.0,0.0,0.0,0.0,0.0
2020,sc01,08-26 05:00:00+01:00,11.671,10.482,19.452,7.997,7.673,14.697,13.508,18.479,18.911,21.073,0.0,0.0,28.637,20.965,34.257,10.807,0.0,35.986,19.56,13.832,0.0,0.0,0.0,0.0,11.611,10.428,19.351,7.956,7.633,14.621,13.439,18.384,18.814,20.964,0.0,0.0,28.49,20.857,34.08,10.751,0.0,35.8,19.459,13.761,0.0,0.0,0.0,0.0,10.831,9.728,18.051,7.421,7.12,13.639,12.536,17.149,17.55,19.556,0.0,0.0,26.575,19.455,31.79,10.028,0.0,33.395,18.152,12.836,0.0,0.0,0.0,0.0,0.0
2020,sc01,08-26 06:00:00+01:00,12.457,11.188,20.761,8.535,8.189,15.686,14.417,19.723,20.184,22.491,0.0,0.0,30.565,22.376,36.562,11.534,0.0,38.408,20.876,14.763,0.0,0.0,0.0,0.0,12.264,11.015,20.439,8.403,8.062,15.443,14.194,19.418,19.872,22.143,0.0,0.0,30.091,22.029,35.996,11.355,0.0,37.813,20.553,14.535,0.0,0.0,0.0,0.0,11.658,10.47,19.429,7.988,7.664,14.68,13.493,18.458,18.89,21.048,0.0,0.0,28.604,20.94,34.217,10.794,0.0,35.944,19.537,13.816,0.0,0.0,0.0,0.0,0.0
2020,sc01,08-26 07:00:00+01:00,13.309,11.953,22.182,9.119,8.749,16.759,15.404,21.073,21.565,24.03,0.0,0.0,32.656,23.907,39.064,12.323,0.0,41.036,22.305,15.774,0.0,0.0,0.0,0.0,13.474,12.102,22.457,9.232,8.858,16.967,15.595,21.334,21.833,24.328,0.0,0.0,33.061,24.203,39.549,12.476,0.0,41.545,22.582,15.969,0.0,0.0,0.0,0.0,12.891,11.578,21.485,8.833,8.475,16.233,14.92,20.411,20.888,23.275,0.0,0.0,31.631,23.156,37.837,11.936,0.0,39.747,21.604,15.278,0.0,0.0,0.0,0.0,0.0
2020,sc01,08-26 08:00:00+01:00,14.215,12.767,23.691,9.74,9.345,17.9,16.452,22.507,23.033,25.666,0.0,0.0,34.879,25.534,41.723,13.162,0.0,43.829,23.823,16.847,0.0,0.0,0.0,0.0,14.647,13.155,24.412,10.036,9.629,18.444,16.953,23.191,23.734,26.446,0.0,0.0,35.94,26.31,42.992,13.562,0.0,45.162,24.547,17.359,0.0,0.0,0.0,0.0,14.278,12.824,23.797,9.783,9.387,17.98,16.526,22.607,23.136,25.78,0.0,0.0,35.034,25.648,41.909,13.22,0.0,44.024,23.929,16.922,0.0,0.0,0.0,0.0,0.0
2020,sc01,08-26 09:00:00+01:00,15.372,13.806,25.619,10.532,10.105,19.357,17.791,24.339,24.908,27.754,0.0,0.0,37.718,27.612,45.119,14.233,0.0,47.396,25.762,18.218,0.0,0.0,0.0,0.0,15.973,14.346,26.622,10.944,10.501,20.114,18.487,25.291,25.882,28.84,0.0,0.0,39.193,28.692,46.884,14.79,0.0,49.25,26.77,18.931,0.0,0.0,0.0,0.0,15.713,14.113,26.189,10.766,10.33,19.787,18.186,24.879,25.461,28.371,0.0,0.0,38.555,28.225,46.121,14.549,0.0,48.449,26.334,18.623,0.0,0.0,0.0,0.0,0.0
2020,sc01,08-26 10:00:00+01:00,16.636,14.941,27.726,11.398,10.936,20.948,19.254,26.34,26.956,30.036,0.0,0.0,40.819,29.882,48.828,15.403,0.0,51.293,27.88,19.716,0.0,0.0,0.0,0.0,17.258,15.5,28.764,11.825,11.346,21.733,19.975,27.326,27.965,31.161,0.0,0.0,42.347,31.001,50.656,15.98,0.0,53.213,28.924,20.454,0.0,0.0,0.0,0.0,17.244,15.487,28.74,11.815,11.336,21.714,19.958,27.303,27.941,31.135,0.0,0.0,42.311,30.975,50.614,15.966,0.0,53.168,28.899,20.437,0.0,0.0,0.0,0.0,0.0
2020,sc01,08-26 11:00:00+01:00,17.691,15.889,29.485,12.122,11.63,22.277,20.476,28.011,28.666,31.942,0.0,0.0,43.408,31.778,51.926,16.381,0.0,54.547,29.649,20.967,0.0,0.0,0.0,0.0,18.571,16.679,30.951,12.724,12.208,23.385,21.494,29.403,30.091,33.53,0.0,0.0,45.567,33.358,54.508,17.195,0.0,57.259,31.123,22.01,0.0,0.0,0.0,0.0,18.86,16.939,31.433,12.922,12.399,23.749,21.829,29.861,30.56,34.053,0.0,0.0,46.276,33.878,55.357,17.463,0.0,58.151,31.608,22.352,0.0,0.0,0.0,0.0,0.0
2020,sc01,08-26 12:00:00+01:00,18.645,16.746,31.075,12.775,12.257,23.479,21.58,29.521,30.212,33.664,0.0,0.0,45.749,33.492,54.726,17.264,0.0,57.488,31.247,22.098,0.0,0.0,0.0,0.0,19.611,17.614,32.685,13.437,12.892,24.695,22.698,31.051,31.777,35.409,0.0,0.0,48.12,35.227,57.562,18.158,0.0,60.467,32.867,23.243,0.0,0.0,0.0,0.0,20.302,18.234,33.836,13.91,13.346,25.565,23.497,32.144,32.896,36.656,0.0,0.0,49.814,36.468,59.589,18.798,0.0,62.597,34.024,24.061,0.0,0.0,0.0,0.0,0.0
2020,sc01,08-26 13:00:00+01:00,19.345,17.375,32.241,13.255,12.717,24.36,22.39,30.629,31.346,34.928,0.0,0.0,47.467,34.749,56.781,17.912,0.0,59.647,32.421,22.927,0.0,0.0,0.0,0.0,20.226,18.166,33.711,13.859,13.297,25.47,23.41,32.025,32.774,36.52,0.0,0.0,49.63,36.333,59.368,18.728,0.0,62.365,33.898,23.972,0.0,0.0,0.0,0.0,21.255,19.09,35.425,14.564,13.973,26.765,24.601,33.654,34.441,38.377,0.0,0.0,52.153,38.18,62.387,19.68,0.0,65.536,35.622,25.191,0.0,0.0,0.0,0.0,0.0
2020,sc01,08-26 14:00:00+01:00,19.82,17.802,33.034,13.581,13.03,24.959,22.94,31.382,32.117,35.787,0.0,0.0,48.634,35.603,58.177,18.352,0.0,61.113,33.218,23.491,0.0,0.0,0.0,0.0,20.665,18.56,34.442,14.159,13.585,26.023,23.918,32.72,33.485,37.312,0.0,0.0,50.706,37.12,60.656,19.134,0.0,63.717,34.633,24.492,0.0,0.0,0.0,0.0,21.6,19.4,36.0,14.8,14.2,27.2,25.0,34.2,35.0,39.0,0.0,0.0,53.0,38.8,63.4,20.0,0.0,66.6,36.2,25.6,0.0,0.0,0.0,0.0,0.0
2020,sc01,08-26 15:00:00+01:00,20.002,17.965,33.337,13.705,13.15,25.188,23.151,31.67,32.411,36.115,0.0,0.0,49.079,35.93,58.71,18.521,0.0,61.673,33.522,23.706,0.0,0.0,0.0,0.0,20.811,18.692,34.685,14.26,13.681,26.207,24.087,32.951,33.722,37.576,0.0,0.0,51.065,37.383,61.085,19.27,0.0,64.168,34.878,24.665,0.0,0.0,0.0,0.0,20.65,18.547,34.417,14.149,13.576,26.004,23.901,32.696,33.461,37.285,0.0,0.0,50.669,37.094,60.612,19.121,0.0,63.671,34.608,24.474,0.0,0.0,0.0,0.0,0.0
2020,sc01,08-26 16:00:00+01:00,19.374,17.401,32.29,13.275,12.737,24.397,22.424,30.676,31.393,34.981,0.0,0.0,47.539,34.802,56.867,17.939,0.0,59.737,32.47,22.962,0.0,0.0,0.0,0.0,20.512,18.423,34.187,14.055,13.485,25.83,23.741,32.477,33.237,37.036,0.0,0.0,50.33,36.846,60.207,18.993,0.0,63.245,34.377,24.311,0.0,0.0,0.0,0.0,19.615,17.617,32.692,13.44,12.895,24.7,22.702,31.057,31.783,35.416,0.0,0.0,48.129,35.234,57.573,18.162,0.0,60.479,32.873,23.247,0.0,0.0,0.0,0.0,0.0
2020,sc01,08-26 17:00:00+01:00,18.143,16.295,30.238,12.431,11.927,22.846,20.998,28.726,29.398,32.757,0.0,0.0,44.516,32.589,53.252,16.799,0.0,55.939,30.405,21.502,0.0,0.0,0.0,0.0,19.652,17.65,32.753,13.465,12.919,24.747,22.745,31.115,31.843,35.482,0.0,0.0,48.22,35.3,57.682,18.196,0.0,60.593,32.935,23.291,0.0,0.0,0.0,0.0,17.76,15.951,29.599,12.169,11.675,22.364,20.555,28.12,28.777,32.066,0.0,0.0,43.577,31.902,52.128,16.444,0.0,54.759,29.764,21.049,0.0,0.0,0.0,0.0,0.0
2020,sc01,08-26 18:00:00+01:00,17.8,15.987,29.667,12.197,11.702,22.415,20.602,28.184,28.843,32.14,0.0,0.0,43.677,31.975,52.248,16.482,0.0,54.885,29.832,21.097,0.0,0.0,0.0,0.0,19.118,17.171,31.863,13.099,12.568,24.075,22.127,30.27,30.978,34.519,0.0,0.0,46.91,34.342,56.115,17.702,0.0,58.947,32.04,22.658,0.0,0.0,0.0,0.0,16.742,15.036,27.903,11.471,11.006,21.082,19.377,26.507,27.127,30.228,0.0,0.0,41.079,30.073,49.14,15.501,0.0,51.62,28.058,19.842,0.0,0.0,0.0,0.0,0.0
2020,sc01,08-26 19:00:00+01:00,16.932,15.208,28.22,11.602,11.131,21.322,19.597,26.809,27.436,30.572,0.0,0.0,41.546,30.415,49.699,15.678,0.0,52.207,28.377,20.068,0.0,0.0,0.0,0.0,18.615,16.719,31.025,12.755,12.238,23.441,21.545,29.473,30.163,33.61,0.0,0.0,45.675,33.438,54.638,17.236,0.0,57.396,31.197,22.062,0.0,0.0,0.0,0.0,16.506,14.825,27.51,11.31,10.851,20.785,19.104,26.134,26.745,29.802,0.0,0.0,40.5,29.649,48.448,15.283,0.0,50.893,27.662,19.562,0.0,0.0,0.0,0.0,0.0
2020,sc01,08-26 20:00:00+01:00,15.679,14.082,26.132,10.743,10.307,19.744,18.147,24.825,25.406,28.309,0.0,0.0,38.472,28.164,46.021,14.518,0.0,48.343,26.277,18.582,0.0,0.0,0.0,0.0,17.408,15.635,29.013,11.928,11.444,21.921,20.148,27.562,28.207,31.431,0.0,0.0,42.714,31.27,51.095,16.118,0.0,53.674,29.174,20.632,0.0,0.0,0.0,0.0,15.112,13.573,25.186,10.354,9.935,19.03,17.491,23.927,24.487,27.285,0.0,0.0,37.08,27.145,44.356,13.992,0.0,46.595,25.326,17.91,0.0,0.0,0.0,0.0,0.0
2020,sc01,08-26 21:00:00+01:00,14.105,12.669,23.509,9.665,9.273,17.762,16.325,22.333,22.856,25.468,0.0,0.0,34.61,25.337,41.401,13.06,0.0,43.491,23.639,16.717,0.0,0.0,0.0,0.0,16.072,14.435,26.786,11.012,10.566,20.238,18.601,25.447,26.042,29.018,0.0,0.0,39.435,28.869,47.173,14.881,0.0,49.554,26.935,19.048,0.0,0.0,0.0,0.0,13.485,12.112,22.476,9.24,8.865,16.982,15.608,21.352,21.851,24.349,0.0,0.0,33.089,24.224,39.582,12.487,0.0,41.58,22.601,15.983,0.0,0.0,0.0,0.0,0.0
2020,sc01,08-26 22:00:00+01:00,12.825,11.519,21.376,8.788,8.431,16.15,14.844,20.307,20.782,23.157,0.0,0.0,31.47,23.038,37.645,11.875,0.0,39.545,21.494,15.2,0.0,0.0,0.0,0.0,14.797,13.29,24.661,10.138,9.727,18.633,17.126,23.428,23.976,26.716,0.0,0.0,36.307,26.579,43.431,13.701,0.0,45.623,24.798,17.537,0.0,0.0,0.0,0.0,12.044,10.817,20.073,8.252,7.918,15.166,13.939,19.069,19.515,21.745,0.0,0.0,29.552,21.634,35.35,11.152,0.0,37.135,20.184,14.274,0.0,0.0,0.0,0.0,0.0
2020,sc01,08-26 23:00:00+01:00,11.992,10.77,19.986,8.217,7.883,15.101,13.879,18.987,19.431,21.652,0.0,0.0,29.424,21.541,35.198,11.103,0.0,36.974,20.097,14.212,0.0,0.0,0.0,0.0,13.641,12.251,22.734,9.346,8.967,17.177,15.788,21.598,22.103,24.629,0.0,0.0,33.47,24.503,40.038,12.63,0.0,42.059,22.861,16.167,0.0,0.0,0.0,0.0,11.073,9.945,18.456,7.587,7.28,13.944,12.816,17.533,17.943,19.994,0.0,0.0,27.171,19.891,32.502,10.253,0.0,34.143,18.558,13.124,0.0,0.0,0.0,0.0,0.0
2020,sc01,08-27 00:00:00+01:00,11.497,10.326,19.162,7.878,7.558,14.478,13.307,18.204,18.63,20.759,0.0,0.0,28.211,20.653,33.747,10.646,0.0,35.45,19.269,13.627,0.0,0.0,0.0,0.0,12.821,11.515,21.369,8.785,8.429,16.145,14.839,20.3,20.775,23.15,0.0,0.0,31.46,23.031,37.633,11.872,0.0,39.532,21.488,15.196,0.0,0.0,0.0,0.0,10.393,9.335,17.322,7.121,6.833,13.088,12.029,16.456,16.841,18.766,0.0,0.0,25.502,18.67,30.507,9.624,0.0,32.046,17.419,12.318,0.0,0.0,0.0,0.0,0.0
2020,sc01,08-27 01:00:00+01:00,11.163,10.026,18.606,7.649,7.339,14.058,12.921,17.675,18.089,20.156,0.0,0.0,27.392,20.053,32.767,10.336,0.0,34.42,18.709,13.231,0.0,0.0,0.0,0.0,12.131,10.896,20.218,8.312,7.975,15.276,14.041,19.208,19.657,21.903,0.0,0.0,29.766,21.791,35.607,11.232,0.0,37.404,20.331,14.378,0.0,0.0,0.0,0.0,10.062,9.037,16.77,6.894,6.615,12.671,11.646,15.932,16.304,18.168,0.0,0.0,24.689,18.074,29.534,9.317,0.0,31.025,16.863,11.925,0.0,0.0,0.0,0.0,0.0
2020,sc01,08-27 02:00:00+01:00,10.955,9.839,18.258,7.506,7.202,13.795,12.679,17.345,17.751,19.78,0.0,0.0,26.88,19.678,32.155,10.143,0.0,33.778,18.36,12.984,0.0,0.0,0.0,0.0,11.665,10.477,19.442,7.993,7.669,14.69,13.501,18.47,18.902,21.062,0.0,0.0,28.623,20.954,34.24,10.801,0.0,35.968,19.55,13.826,0.0,0.0,0.0,0.0,9.891,8.884,16.485,6.777,6.503,12.456,11.448,15.661,16.027,17.859,0.0,0.0,24.27,17.767,29.032,9.158,0.0,30.498,16.577,11.723,0.0,0.0,0.0,0.0,0.0
2020,sc01,08-27 03:00:00+01:00,11.046,9.921,18.41,7.568,7.262,13.91,12.785,17.489,17.898,19.944,0.0,0.0,27.103,19.842,32.422,10.228,0.0,34.058,18.512,13.091,0.0,0.0,0.0,0.0,11.437,10.273,19.062,7.837,7.519,14.403,13.238,18.109,18.533,20.651,0.0,0.0,28.064,20.545,33.571,10.59,0.0,35.266,19.168,13.556,0.0,0.0,0.0,0.0,9.942,8.93,16.571,6.812,6.536,12.52,11.507,15.742,16.11,17.952,0.0,0.0,24.396,17.86,29.183,9.206,0.0,30.656,16.663,11.784,0.0,0.0,0.0,0.0,0.0
2020,sc01,08-27 04:00:00+01:00,11.38,10.221,18.966,7.797,7.481,14.33,13.171,18.018,18.44,20.547,0.0,0.0,27.923,20.442,33.402,10.537,0.0,35.088,19.072,13.487,0.0,0.0,0.0,0.0,11.522,10.349,19.204,7.895,7.575,14.51,13.336,18.244,18.671,20.805,0.0,0.0,28.273,20.698,33.821,10.669,0.0,35.528,19.311,13.656,0.0,0.0,0.0,0.0,10.26,9.215,17.1,7.03,6.745,12.92,11.875,16.245,16.625,18.525,0.0,0.0,25.175,18.43,30.116,9.5,0.0,31.636,17.195,12.16,0.0,0.0,0.0,0.0,0.0
2020,sc01,08-27 05:00:00+01:00,11.871,10.662,19.786,8.134,7.804,14.949,13.74,18.796,19.236,21.435,0.0,0.0,29.129,21.325,34.845,10.992,0.0,36.604,19.896,14.07,0.0,0.0,0.0,0.0,11.505,10.334,19.176,7.883,7.564,14.488,13.317,18.217,18.643,20.774,0.0,0.0,28.231,20.667,33.771,10.653,0.0,35.475,19.282,13.636,0.0,0.0,0.0,0.0,10.803,9.703,18.006,7.402,7.102,13.604,12.504,17.105,17.506,19.506,0.0,0.0,26.508,19.406,31.71,10.003,0.0,33.311,18.106,12.804,0.0,0.0,0.0,0.0,0.0
2020,sc01,08-27 06:00:00+01:00,12.537,11.26,20.895,8.59,8.242,15.787,14.51,19.85,20.314,22.636,0.0,0.0,30.762,22.52,36.798,11.608,0.0,38.655,21.011,14.858,0.0,0.0,0.0,0.0,12.192,10.95,20.32,8.354,8.015,15.353,14.111,19.304,19.756,22.014,0.0,0.0,29.916,21.901,35.787,11.289,0.0,37.593,20.433,14.45,0.0,0.0,0.0,0.0,11.64,10.455,19.401,7.976,7.653,14.658,13.473,18.431,18.862,21.018,0.0,0.0,28.562,20.91,34.167,10.778,0.0,35.892,19.509,13.796,0.0,0.0,0.0,0.0,0.0
2020,sc01,08-27 07:00:00+01:00,12.753,11.454,21.255,8.738,8.384,16.06,14.761,20.193,20.665,23.027,0.0,0.0,31.293,22.909,37.433,11.809,0.0,39.322,21.373,15.115,0.0,0.0,0.0,0.0,13.399,12.035,22.332,9.181,8.809,16.873,15.508,21.216,21.712,24.193,0.0,0.0,32.878,24.069,39.329,12.407,0.0,41.314,22.456,15.881,0.0,0.0,0.0,0.0,12.898,11.584,21.496,8.837,8.479,16.242,14.928,20.422,20.899,23.288,0.0,0.0,31.647,23.168,37.857,11.942,0.0,39.768,21.616,15.286,0.0,0.0,0.0,0.0,0.0
2020,sc01,08-27 08:00:00+01:00,12.799,11.495,21.331,8.769,8.414,16.117,14.813,20.264,20.738,23.109,0.0,0.0,31.404,22.99,37.566,11.851,0.0,39.462,21.45,15.169,0.0,0.0,0.0,0.0,14.654,13.161,24.423,10.041,9.634,18.453,16.96,23.202,23.745,26.458,0.0,0.0,35.956,26.323,43.012,13.568,0.0,45.183,24.559,17.368,0.0,0.0,0.0,0.0,14.189,12.744,23.649,9.722,9.328,17.868,16.423,22.466,22.992,25.62,0.0,0.0,34.816,25.488,41.648,13.138,0.0,43.75,23.78,16.817,0.0,0.0,0.0,0.0,0.0
2020,sc01,08-27 09:00:00+01:00,12.804,11.5,21.34,8.773,8.417,16.124,14.819,20.273,20.747,23.118,0.0,0.0,31.417,23.0,37.582,11.856,0.0,39.479,21.458,15.175,0.0,0.0,0.0,0.0,15.813,14.203,26.355,10.835,10.396,19.913,18.302,25.038,25.623,28.552,0.0,0.0,38.801,28.405,46.415,14.642,0.0,48.758,26.502,18.742,0.0,0.0,0.0,0.0,15.45,13.876,25.75,10.586,10.157,19.456,17.882,24.463,25.035,27.896,0.0,0.0,37.91,27.753,45.349,14.306,0.0,47.638,25.893,18.311,0.0,0.0,0.0,0.0,0.0
2020,sc01,08-27 10:00:00+01:00,12.777,11.476,21.295,8.755,8.4,16.09,14.788,20.231,20.704,23.07,0.0,0.0,31.352,22.952,37.504,11.831,0.0,39.396,21.414,15.143,0.0,0.0,0.0,0.0,16.898,15.177,28.163,11.578,11.109,21.279,19.558,26.755,27.381,30.51,0.0,0.0,41.462,30.354,49.598,15.646,0.0,52.102,28.32,20.027,0.0,0.0,0.0,0.0,16.557,14.871,27.595,11.345,10.885,20.85,19.163,26.215,26.829,29.895,0.0,0.0,40.626,29.741,48.598,15.331,0.0,51.051,27.748,19.623,0.0,0.0,0.0,0.0,0.0
2020,sc01,08-27 11:00:00+01:00,13.098,11.764,21.83,8.974,8.611,16.494,15.16,20.738,21.223,23.649,0.0,0.0,32.138,23.528,38.445,12.128,0.0,40.385,21.951,15.523,0.0,0.0,0.0,0.0,17.911,16.087,29.852,12.272,11.775,22.555,20.73,28.359,29.023,32.339,0.0,0.0,43.948,32.174,52.572,16.584,0.0,55.226,30.018,21.228,0.0,0.0,0.0,0.0,17.879,16.058,29.799,12.251,11.754,22.515,20.694,28.309,28.971,32.282,0.0,0.0,43.87,32.116,52.479,16.555,0.0,55.128,29.964,21.19,0.0,0.0,0.0,0.0,0.0
2020,sc01,08-27 12:00:00+01:00,13.811,12.405,23.019,9.463,9.08,17.392,15.985,21.868,22.379,24.937,0.0,0.0,33.889,24.809,40.539,12.788,0.0,42.585,23.147,16.369,0.0,0.0,0.0,0.0,18.571,16.679,30.951,12.724,12.208,23.385,21.494,29.403,30.091,33.53,0.0,0.0,45.567,33.358,54.508,17.195,0.0,57.259,31.123,22.01,0.0,0.0,0.0,0.0,18.956,17.025,31.593,12.988,12.461,23.87,21.939,30.013,30.715,34.225,0.0,0.0,46.511,34.05,55.638,17.551,0.0,58.446,31.768,22.466,0.0,0.0,0.0,0.0,0.0
2020,sc01,08-27 13:00:00+01:00,14.383,12.918,23.972,9.855,9.456,18.112,16.647,22.773,23.306,25.969,0.0,0.0,35.292,25.836,42.217,13.318,0.0,44.348,24.105,17.047,0.0,0.0,0.0,0.0,19.057,17.116,31.761,13.057,12.528,23.997,22.057,30.173,30.879,34.408,0.0,0.0,46.76,34.232,55.935,17.645,0.0,58.759,31.938,22.586,0.0,0.0,0.0,0.0,19.858,17.835,33.096,13.606,13.054,25.006,22.983,31.441,32.177,35.854,0.0,0.0,48.724,35.67,58.285,18.387,0.0,61.227,33.28,23.535,0.0,0.0,0.0,0.0,0.0
2020,sc01,08-27 14:00:00+01:00,14.942,13.42,24.903,10.238,9.823,18.815,17.293,23.657,24.211,26.978,0.0,0.0,36.662,26.839,43.856,13.835,0.0,46.07,25.041,17.708,0.0,0.0,0.0,0.0,19.336,17.366,32.226,13.248,12.711,24.349,22.379,30.615,31.331,34.912,0.0,0.0,47.444,34.733,56.754,17.903,0.0,59.618,32.405,22.916,0.0,0.0,0.0,0.0,20.336,18.265,33.893,13.934,13.369,25.608,23.537,32.198,32.952,36.717,0.0,0.0,49.898,36.529,59.689,18.829,0.0,62.702,34.081,24.102,0.0,0.0,0.0,0.0,0.0
2020,sc01,08-27 15:00:00+01:00,15.219,13.669,25.366,10.428,10.005,19.165,17.615,24.097,24.661,27.479,0.0,0.0,37.344,27.339,44.672,14.092,0.0,46.926,25.507,18.038,0.0,0.0,0.0,0.0,19.319,17.351,32.198,13.237,12.7,24.327,22.36,30.588,31.303,34.881,0.0,0.0,47.402,34.702,56.704,17.888,0.0,59.566,32.377,22.896,0.0,0.0,0.0,0.0,20.052,18.01,33.42,13.74,13.183,25.251,23.209,31.749,32.492,36.205,0.0,0.0,49.202,36.02,58.857,18.567,0.0,61.828,33.606,23.766,0.0,0.0,0.0,0.0,0.0
2020,sc01,08-27 16:00:00+01:00,14.837,13.326,24.729,10.166,9.754,18.684,17.173,23.492,24.042,26.79,0.0,0.0,36.406,26.652,43.55,13.738,0.0,45.748,24.866,17.585,0.0,0.0,0.0,0.0,18.917,16.991,31.529,12.962,12.436,23.822,21.895,29.953,30.653,34.156,0.0,0.0,46.418,33.981,55.526,17.516,0.0,58.329,31.704,22.421,0.0,0.0,0.0,0.0,19.116,17.169,31.86,13.098,12.567,24.072,22.125,30.267,30.975,34.515,0.0,0.0,46.905,34.338,56.109,17.7,0.0,58.941,32.037,22.656,0.0,0.0,0.0,0.0,0.0
2020,sc01,08-27 17:00:00+01:00,14.185,12.741,23.642,9.72,9.326,17.863,16.418,22.46,22.986,25.612,0.0,0.0,34.807,25.481,41.637,13.135,0.0,43.738,23.774,16.812,0.0,0.0,0.0,0.0,18.064,16.224,30.107,12.377,11.875,22.747,20.907,28.601,29.27,32.616,0.0,0.0,44.324,32.448,53.021,16.726,0.0,55.697,30.274,21.409,0.0,0.0,0.0,0.0,17.093,15.352,28.489,11.712,11.237,21.525,19.784,27.065,27.698,30.863,0.0,0.0,41.942,30.705,50.172,15.827,0.0,52.705,28.647,20.259,0.0,0.0,0.0,0.0,0.0
2020,sc01,08-27 18:00:00+01:00,14.03,12.601,23.384,9.613,9.224,17.668,16.239,22.215,22.734,25.333,0.0,0.0,34.426,25.203,41.182,12.991,0.0,43.26,23.514,16.629,0.0,0.0,0.0,0.0,17.591,15.8,29.319,12.053,11.565,22.152,20.36,27.853,28.505,31.762,0.0,0.0,43.164,31.599,51.634,16.288,0.0,54.24,29.482,20.849,0.0,0.0,0.0,0.0,15.744,14.14,26.24,10.787,10.35,19.826,18.222,24.928,25.511,28.426,0.0,0.0,38.631,28.281,46.211,14.578,0.0,48.544,26.386,18.659,0.0,0.0,0.0,0.0,0.0
2020,sc01,08-27 19:00:00+01:00,13.744,12.345,22.907,9.418,9.036,17.308,15.908,21.762,22.271,24.816,0.0,0.0,33.725,24.689,40.343,12.726,0.0,42.379,23.035,16.29,0.0,0.0,0.0,0.0,17.061,15.323,28.435,11.69,11.216,21.484,19.747,27.013,27.645,30.805,0.0,0.0,41.863,30.647,50.077,15.797,0.0,52.605,28.593,20.22,0.0,0.0,0.0,0.0,15.467,13.892,25.779,10.598,10.168,19.477,17.902,24.49,25.062,27.927,0.0,0.0,37.952,27.784,45.399,14.321,0.0,47.69,25.922,18.331,0.0,0.0,0.0,0.0,0.0
2020,sc01,08-27 20:00:00+01:00,13.127,11.79,21.879,8.995,8.63,16.531,15.194,20.785,21.271,23.702,0.0,0.0,32.21,23.58,38.531,12.155,0.0,40.476,22.0,15.558,0.0,0.0,0.0,0.0,16.058,14.423,26.763,11.003,10.557,20.221,18.586,25.425,26.02,28.994,0.0,0.0,39.402,28.845,47.133,14.869,0.0,49.512,26.912,19.032,0.0,0.0,0.0,0.0,14.23,12.781,23.717,9.75,9.355,17.92,16.47,22.531,23.058,25.694,0.0,0.0,34.917,25.562,41.769,13.176,0.0,43.877,23.849,16.866,0.0,0.0,0.0,0.0,0.0
2020,sc01,08-27 21:00:00+01:00,12.109,10.876,20.182,8.297,7.961,15.249,14.015,19.173,19.621,21.864,0.0,0.0,29.713,21.752,35.543,11.212,0.0,37.337,20.294,14.352,0.0,0.0,0.0,0.0,14.848,13.335,24.746,10.173,9.761,18.697,17.185,23.509,24.059,26.808,0.0,0.0,36.432,26.671,43.581,13.748,0.0,45.78,24.884,17.597,0.0,0.0,0.0,0.0,12.778,11.477,21.297,8.755,8.401,16.091,14.79,20.232,20.705,23.072,0.0,0.0,31.354,22.953,37.506,11.832,0.0,39.4,21.415,15.145,0.0,0.0,0.0,0.0,0.0
2020,sc01,08-27 22:00:00+01:00,11.23,10.086,18.717,7.695,7.383,14.142,12.998,17.781,18.197,20.277,0.0,0.0,27.556,20.173,32.963,10.398,0.0,34.626,18.821,13.31,0.0,0.0,0.0,0.0,13.709,12.312,22.848,9.393,9.012,17.263,15.867,21.705,22.213,24.752,0.0,0.0,33.637,24.625,40.237,12.693,0.0,42.268,22.975,16.247,0.0,0.0,0.0,0.0,11.494,10.323,19.156,7.875,7.556,14.473,13.303,18.198,18.624,20.752,0.0,0.0,28.202,20.646,33.736,10.642,0.0,35.439,19.262,13.622,0.0,0.0,0.0,0.0,0.0
2020,sc01,08-27 23:00:00+01:00,10.733,9.64,17.889,7.354,7.056,13.516,12.423,16.994,17.392,19.379,0.0,0.0,26.336,19.28,31.504,9.938,0.0,33.094,17.988,12.721,0.0,0.0,0.0,0.0,12.665,11.375,21.108,8.678,8.326,15.948,14.658,20.053,20.522,22.867,0.0,0.0,31.076,22.75,37.174,11.727,0.0,39.05,21.225,15.01,0.0,0.0,0.0,0.0,10.571,9.494,17.618,7.243,6.95,13.312,12.235,16.738,17.129,19.087,0.0,0.0,25.938,18.989,31.028,9.788,0.0,32.594,17.716,12.529,0.0,0.0,0.0,0.0,0.0
2020,sc01,08-28 00:00:00+01:00,10.447,9.383,17.412,7.158,6.868,13.156,12.092,16.542,16.929,18.863,0.0,0.0,25.635,18.766,30.665,9.673,0.0,32.213,17.509,12.382,0.0,0.0,0.0,0.0,11.947,10.731,19.912,8.186,7.854,15.045,13.828,18.917,19.359,21.572,0.0,0.0,29.316,21.461,35.068,11.062,0.0,36.838,20.023,14.16,0.0,0.0,0.0,0.0,10.059,9.034,16.764,6.892,6.613,12.666,11.642,15.926,16.299,18.161,0.0,0.0,24.681,18.068,29.524,9.314,0.0,31.014,16.857,11.921,0.0,0.0,0.0,0.0,0.0
2020,sc01,08-28 01:00:00+01:00,10.212,9.172,17.02,6.997,6.714,12.86,11.82,16.169,16.548,18.439,0.0,0.0,25.058,18.344,29.975,9.456,0.0,31.488,17.115,12.103,0.0,0.0,0.0,0.0,11.458,10.291,19.096,7.851,7.533,14.428,13.261,18.142,18.566,20.688,0.0,0.0,28.114,20.582,33.631,10.609,0.0,35.329,19.203,13.58,0.0,0.0,0.0,0.0,9.782,8.786,16.303,6.702,6.431,12.318,11.322,15.488,15.85,17.662,0.0,0.0,24.002,17.571,28.712,9.057,0.0,30.161,16.394,11.593,0.0,0.0,0.0,0.0,0.0
2020,sc01,08-28 02:00:00+01:00,10.151,9.117,16.918,6.955,6.673,12.782,11.749,16.072,16.448,18.328,0.0,0.0,24.907,18.234,29.794,9.399,0.0,31.298,17.012,12.03,0.0,0.0,0.0,0.0,11.125,9.992,18.541,7.622,7.313,14.009,12.876,17.614,18.026,20.086,0.0,0.0,27.297,19.983,32.653,10.301,0.0,34.301,18.644,13.185,0.0,0.0,0.0,0.0,9.69,8.703,16.149,6.639,6.37,12.202,11.215,15.342,15.701,17.495,0.0,0.0,23.775,17.405,28.441,8.972,0.0,29.876,16.239,11.484,0.0,0.0,0.0,0.0,0.0
2020,sc01,08-28 03:00:00+01:00,10.271,9.225,17.118,7.038,6.752,12.934,11.888,16.262,16.643,18.545,0.0,0.0,25.202,18.45,30.147,9.51,0.0,31.669,17.213,12.173,0.0,0.0,0.0,0.0,10.921,9.808,18.201,7.483,7.179,13.752,12.64,17.291,17.696,19.718,0.0,0.0,26.796,19.617,32.054,10.112,0.0,33.672,18.302,12.943,0.0,0.0,0.0,0.0,9.731,8.74,16.218,6.667,6.397,12.253,11.262,15.407,15.767,17.569,0.0,0.0,23.876,17.479,28.561,9.01,0.0,30.003,16.308,11.533,0.0,0.0,0.0,0.0,0.0
2020,sc01,08-28 04:00:00+01:00,10.64,9.556,17.733,7.29,6.995,13.398,12.314,16.846,17.24,19.211,0.0,0.0,26.107,19.112,31.229,9.852,0.0,32.806,17.831,12.61,0.0,0.0,0.0,0.0,10.965,9.848,18.275,7.513,7.208,13.808,12.691,17.361,17.767,19.798,0.0,0.0,26.905,19.696,32.184,10.153,0.0,33.808,18.376,12.995,0.0,0.0,0.0,0.0,10.038,9.016,16.73,6.878,6.599,12.641,11.618,15.894,16.265,18.124,0.0,0.0,24.63,18.031,29.464,9.295,0.0,30.951,16.823,11.897,0.0,0.0,0.0,0.0,0.0
2020,sc01,08-28 05:00:00+01:00,11.121,9.988,18.534,7.62,7.311,14.004,12.871,17.608,18.02,20.079,0.0,0.0,27.287,19.976,32.641,10.297,0.0,34.289,18.637,13.18,0.0,0.0,0.0,0.0,10.934,9.821,18.224,7.492,7.188,13.769,12.655,17.313,17.718,19.742,0.0,0.0,26.83,19.641,32.094,10.124,0.0,33.714,18.325,12.959,0.0,0.0,0.0,0.0,10.448,9.384,17.413,7.159,6.869,13.157,12.093,16.543,16.93,18.865,0.0,0.0,25.637,18.768,30.667,9.674,0.0,32.215,17.51,12.383,0.0,0.0,0.0,0.0,0.0
2020,sc01,08-28 06:00:00+01:00,11.73,10.535,19.55,8.037,7.711,14.771,13.576,18.572,19.007,21.179,0.0,0.0,28.782,21.07,34.429,10.861,0.0,36.167,19.658,13.902,0.0,0.0,0.0,0.0,11.512,10.34,19.187,7.888,7.568,14.497,13.324,18.228,18.654,20.786,0.0,0.0,28.248,20.679,33.791,10.66,0.0,35.496,19.294,13.644,0.0,0.0,0.0,0.0,11.186,10.047,18.643,7.665,7.354,14.086,12.947,17.711,18.126,20.197,0.0,0.0,27.447,20.094,32.833,10.357,0.0,34.49,18.747,13.258,0.0,0.0,0.0,0.0,0.0
2020,sc01,08-28 07:00:00+01:00,12.334,11.077,20.556,8.451,8.108,15.531,14.275,19.528,19.985,22.269,0.0,0.0,30.263,22.155,36.202,11.42,0.0,38.029,20.67,14.618,0.0,0.0,0.0,0.0,12.576,11.296,20.961,8.617,8.268,15.837,14.556,19.913,20.379,22.708,0.0,0.0,30.859,22.591,36.914,11.645,0.0,38.777,21.077,14.905,0.0,0.0,0.0,0.0,12.095,10.863,20.158,8.287,7.951,15.231,13.999,19.15,19.598,21.838,0.0,0.0,29.677,21.726,35.501,11.199,0.0,37.293,20.27,14.335,0.0,0.0,0.0,0.0,0.0
2020,sc01,08-28 08:00:00+01:00,12.852,11.543,21.42,8.806,8.449,16.184,14.875,20.349,20.825,23.205,0.0,0.0,31.535,23.086,37.723,11.9,0.0,39.627,21.539,15.232,0.0,0.0,0.0,0.0,13.532,12.154,22.553,9.272,8.896,17.04,15.662,21.425,21.927,24.433,0.0,0.0,33.203,24.307,39.719,12.53,0.0,41.723,22.678,16.038,0.0,0.0,0.0,0.0,13.123,11.787,21.872,8.992,8.627,16.526,15.189,20.779,21.265,23.695,0.0,0.0,32.201,23.573,38.519,12.151,0.0,40.464,21.994,15.554,0.0,0.0,0.0,0.0,0.0
2020,sc01,08-28 09:00:00+01:00,13.712,12.316,22.854,9.396,9.015,17.267,15.871,21.711,22.219,24.759,0.0,0.0,33.646,24.632,40.248,12.697,0.0,42.28,22.981,16.252,0.0,0.0,0.0,0.0,14.293,12.838,23.822,9.794,9.397,17.999,16.543,22.631,23.161,25.808,0.0,0.0,35.072,25.675,41.954,13.235,0.0,44.072,23.955,16.94,0.0,0.0,0.0,0.0,13.977,12.554,23.296,9.577,9.189,17.601,16.178,22.131,22.649,25.237,0.0,0.0,34.297,25.108,41.026,12.942,0.0,43.097,23.425,16.566,0.0,0.0,0.0,0.0,0.0
2020,sc01,08-28 10:00:00+01:00,14.429,12.959,24.048,9.886,9.485,18.169,16.7,22.845,23.38,26.051,0.0,0.0,35.403,25.918,42.35,13.36,0.0,44.488,24.181,17.1,0.0,0.0,0.0,0.0,15.086,13.549,25.143,10.336,9.917,18.997,17.46,23.886,24.444,27.238,0.0,0.0,37.016,27.098,44.279,13.968,0.0,46.514,25.282,17.879,0.0,0.0,0.0,0.0,14.91,13.392,24.85,10.216,9.802,18.776,17.257,23.608,24.16,26.921,0.0,0.0,36.585,26.783,43.764,13.806,0.0,45.973,24.988,17.671,0.0,0.0,0.0,0.0,0.0
2020,sc01,08-28 11:00:00+01:00,15.169,13.624,25.281,10.393,9.972,19.101,17.556,24.017,24.579,27.388,0.0,0.0,37.219,27.247,44.523,14.045,0.0,46.77,25.421,17.978,0.0,0.0,0.0,0.0,15.575,13.989,25.959,10.672,10.239,19.613,18.027,24.661,25.238,28.122,0.0,0.0,38.217,27.978,45.716,14.422,0.0,48.024,26.103,18.46,0.0,0.0,0.0,0.0,15.573,13.987,25.955,10.67,10.238,19.611,18.024,24.657,25.234,28.118,0.0,0.0,38.212,27.974,45.71,14.419,0.0,48.017,26.099,18.457,0.0,0.0,0.0,0.0,0.0
2020,sc01,08-28 12:00:00+01:00,16.072,14.435,26.786,11.012,10.566,20.238,18.602,25.447,26.042,29.018,0.0,0.0,39.435,28.87,47.174,14.881,0.0,49.555,26.935,19.048,0.0,0.0,0.0,0.0,16.527,14.844,27.545,11.324,10.865,20.812,19.129,26.168,26.78,29.841,0.0,0.0,40.553,29.688,48.511,15.303,0.0,50.959,27.698,19.588,0.0,0.0,0.0,0.0,16.355,14.69,27.259,11.207,10.752,20.596,18.93,25.896,26.502,29.531,0.0,0.0,40.131,29.379,48.006,15.144,0.0,50.429,27.411,19.384,0.0,0.0,0.0,0.0,0.0
2020,sc01,08-28 13:00:00+01:00,16.766,15.059,27.944,11.488,11.022,21.113,19.406,26.547,27.168,30.273,0.0,0.0,41.14,30.118,49.213,15.524,0.0,51.697,28.099,19.871,0.0,0.0,0.0,0.0,17.071,15.333,28.452,11.697,11.223,21.497,19.758,27.029,27.662,30.823,0.0,0.0,41.888,30.665,50.107,15.807,0.0,52.636,28.61,20.233,0.0,0.0,0.0,0.0,16.988,15.257,28.313,11.64,11.168,21.392,19.661,26.897,27.526,30.672,0.0,0.0,41.682,30.515,49.862,15.729,0.0,52.378,28.47,20.133,0.0,0.0,0.0,0.0,0.0
2020,sc01,08-28 14:00:00+01:00,17.36,15.592,28.933,11.895,11.412,21.86,20.092,27.486,28.129,31.344,0.0,0.0,42.595,31.183,50.954,16.074,0.0,53.526,29.093,20.574,0.0,0.0,0.0,0.0,17.428,15.653,29.047,11.942,11.457,21.947,20.172,27.595,28.24,31.468,0.0,0.0,42.764,31.306,51.155,16.137,0.0,53.737,29.208,20.656,0.0,0.0,0.0,0.0,17.316,15.552,28.859,11.864,11.383,21.805,20.041,27.416,28.058,31.264,0.0,0.0,42.487,31.104,50.824,16.033,0.0,53.39,29.02,20.522,0.0,0.0,0.0,0.0,0.0
2020,sc01,08-28 15:00:00+01:00,17.579,15.788,29.298,12.045,11.556,22.136,20.346,27.833,28.484,31.739,0.0,0.0,43.133,31.577,51.597,16.277,0.0,54.201,29.461,20.834,0.0,0.0,0.0,0.0,17.52,15.736,29.2,12.004,11.518,22.062,20.278,27.74,28.389,31.633,0.0,0.0,42.989,31.471,51.425,16.222,0.0,54.02,29.362,20.764,0.0,0.0,0.0,0.0,17.158,15.411,28.597,11.757,11.28,21.607,19.859,27.167,27.803,30.98,0.0,0.0,42.102,30.822,50.363,15.887,0.0,52.905,28.756,20.336,0.0,0.0,0.0,0.0,0.0
2020,sc01,08-28 16:00:00+01:00,17.181,15.431,28.634,11.772,11.295,21.635,19.885,27.203,27.839,31.021,0.0,0.0,42.156,30.861,50.428,15.908,0.0,52.974,28.793,20.362,0.0,0.0,0.0,0.0,17.207,15.455,28.679,11.79,11.312,21.668,19.916,27.245,27.882,31.069,0.0,0.0,42.221,30.909,50.506,15.933,0.0,53.056,28.838,20.394,0.0,0.0,0.0,0.0,16.236,14.582,27.06,11.125,10.674,20.445,18.792,25.707,26.308,29.315,0.0,0.0,39.838,29.164,47.655,15.033,0.0,50.061,27.21,19.243,0.0,0.0,0.0,0.0,0.0
2020,sc01,08-28 17:00:00+01:00,16.139,14.495,26.898,11.058,10.61,20.323,18.679,25.553,26.15,29.139,0.0,0.0,39.599,28.99,47.37,14.943,0.0,49.761,27.047,19.127,0.0,0.0,0.0,0.0,16.415,14.743,27.358,11.247,10.791,20.671,18.999,25.99,26.598,29.638,0.0,0.0,40.278,29.486,48.181,15.199,0.0,50.613,27.51,19.455,0.0,0.0,0.0,0.0,14.692,13.195,24.486,10.066,9.658,18.5,17.004,23.262,23.806,26.526,0.0,0.0,36.049,26.39,43.122,13.603,0.0,45.299,24.622,17.412,0.0,0.0,0.0,0.0,0.0
2020,sc01,08-28 18:00:00+01:00,15.748,14.144,26.247,10.791,10.353,19.831,18.227,24.935,25.518,28.435,0.0,0.0,38.642,28.289,46.225,14.582,0.0,48.558,26.393,18.665,0.0,0.0,0.0,0.0,15.956,14.331,26.593,10.933,10.49,20.093,18.468,25.264,25.855,28.81,0.0,0.0,39.151,28.662,46.834,14.774,0.0,49.198,26.741,18.911,0.0,0.0,0.0,0.0,13.919,12.502,23.199,9.537,9.151,17.528,16.11,22.039,22.555,25.132,0.0,0.0,34.154,25.003,40.856,12.888,0.0,42.918,23.328,16.497,0.0,0.0,0.0,0.0,0.0
2020,sc01,08-28 19:00:00+01:00,15.075,13.54,25.125,10.329,9.91,18.983,17.448,23.869,24.427,27.219,0.0,0.0,36.99,27.079,44.248,13.958,0.0,46.482,25.265,17.867,0.0,0.0,0.0,0.0,15.385,13.818,25.641,10.541,10.114,19.374,17.807,24.359,24.929,27.778,0.0,0.0,37.75,27.636,45.157,14.245,0.0,47.437,25.784,18.234,0.0,0.0,0.0,0.0,13.851,12.44,23.085,9.491,9.106,17.442,16.031,21.931,22.444,25.009,0.0,0.0,33.986,24.881,40.655,12.825,0.0,42.707,23.213,16.416,0.0,0.0,0.0,0.0,0.0
2020,sc01,08-28 20:00:00+01:00,14.314,12.856,23.856,9.807,9.41,18.025,16.567,22.663,23.193,25.844,0.0,0.0,35.121,25.711,42.013,13.253,0.0,44.134,23.989,16.964,0.0,0.0,0.0,0.0,14.46,12.987,24.1,9.908,9.506,18.209,16.736,22.895,23.431,26.108,0.0,0.0,35.481,25.975,42.443,13.389,0.0,44.585,24.234,17.138,0.0,0.0,0.0,0.0,13.034,11.707,21.724,8.931,8.569,16.414,15.086,20.638,21.121,23.534,0.0,0.0,31.983,23.414,38.259,12.069,0.0,40.19,21.845,15.448,0.0,0.0,0.0,0.0,0.0
2020,sc01,08-28 21:00:00+01:00,13.28,11.927,22.133,9.099,8.73,16.722,15.37,21.026,21.518,23.977,0.0,0.0,32.584,23.854,38.978,12.296,0.0,40.945,22.256,15.739,0.0,0.0,0.0,0.0,13.518,12.141,22.53,9.263,8.887,17.023,15.646,21.404,21.905,24.408,0.0,0.0,33.17,24.283,39.679,12.517,0.0,41.681,22.656,16.022,0.0,0.0,0.0,0.0,11.958,10.74,19.93,8.194,7.861,15.059,13.841,18.934,19.377,21.591,0.0,0.0,29.342,21.481,35.1,11.072,0.0,36.871,20.041,14.173,0.0,0.0,0.0,0.0,0.0
2020,sc01,08-28 22:00:00+01:00,12.278,11.027,20.463,8.412,8.071,15.461,14.21,19.44,19.894,22.168,0.0,0.0,30.126,22.054,36.037,11.368,0.0,37.856,20.576,14.551,0.0,0.0,0.0,0.0,12.498,11.225,20.83,8.564,8.216,15.739,14.466,19.789,20.252,22.566,0.0,0.0,30.667,22.451,36.685,11.572,0.0,38.536,20.946,14.813,0.0,0.0,0.0,0.0,11.022,9.899,18.37,7.552,7.246,13.88,12.757,17.452,17.86,19.901,0.0,0.0,27.045,19.799,32.352,10.206,0.0,33.985,18.472,13.063,0.0,0.0,0.0,0.0,0.0
2020,sc01,08-28 23:00:00+01:00,11.572,10.394,19.287,7.929,7.608,14.572,13.394,18.323,18.751,20.894,0.0,0.0,28.395,20.787,33.967,10.715,0.0,35.681,19.394,13.715,0.0,0.0,0.0,0.0,11.573,10.395,19.289,7.93,7.608,14.574,13.395,18.325,18.753,20.897,0.0,0.0,28.398,20.789,33.97,10.716,0.0,35.685,19.396,13.717,0.0,0.0,0.0,0.0,10.243,9.2,17.072,7.018,6.734,12.899,11.855,16.218,16.598,18.494,0.0,0.0,25.134,18.4,30.065,9.484,0.0,31.583,17.167,12.14,0.0,0.0,0.0,0.0,0.0
2020,sc01,08-29 00:00:00+01:00,11.115,9.983,18.525,7.616,7.307,13.997,12.865,17.599,18.011,20.069,0.0,0.0,27.274,19.966,32.625,10.292,0.0,34.272,18.628,13.174,0.0,0.0,0.0,0.0,10.934,9.821,18.224,7.492,7.188,13.769,12.655,17.313,17.718,19.742,0.0,0.0,26.83,19.641,32.094,10.124,0.0,33.714,18.325,12.959,0.0,0.0,0.0,0.0,9.837,8.835,16.394,6.74,6.467,12.387,11.385,15.574,15.939,17.76,0.0,0.0,24.136,17.669,28.872,9.108,0.0,30.329,16.485,11.658,0.0,0.0,0.0,0.0,0.0
2020,sc01,08-29 01:00:00+01:00,10.733,9.64,17.889,7.354,7.056,13.516,12.423,16.994,17.392,19.379,0.0,0.0,26.336,19.28,31.504,9.938,0.0,33.094,17.988,12.721,0.0,0.0,0.0,0.0,10.421,9.36,17.368,7.14,6.851,13.123,12.061,16.5,16.886,18.816,0.0,0.0,25.57,18.719,30.587,9.649,0.0,32.131,17.465,12.351,0.0,0.0,0.0,0.0,9.56,8.586,15.933,6.55,6.285,12.038,11.065,15.136,15.49,17.261,0.0,0.0,23.457,17.172,28.06,8.852,0.0,29.476,16.021,11.33,0.0,0.0,0.0,0.0,0.0
2020,sc01,08-29 02:00:00+01:00,10.511,9.441,17.519,7.202,6.91,13.237,12.166,16.643,17.032,18.979,0.0,0.0,25.792,18.882,30.853,9.733,0.0,32.41,17.616,12.458,0.0,0.0,0.0,0.0,10.01,8.99,16.683,6.858,6.58,12.605,11.585,15.848,16.219,18.073,0.0,0.0,24.56,17.98,29.38,9.268,0.0,30.863,16.775,11.863,0.0,0.0,0.0,0.0,9.416,8.457,15.694,6.452,6.19,11.858,10.898,14.909,15.258,17.002,0.0,0.0,23.105,16.914,27.638,8.719,0.0,29.033,15.781,11.16,0.0,0.0,0.0,0.0,0.0
2020,sc01,08-29 03:00:00+01:00,10.394,9.335,17.323,7.122,6.833,13.089,12.03,16.457,16.842,18.767,0.0,0.0,25.503,18.67,30.508,9.624,0.0,32.048,17.419,12.319,0.0,0.0,0.0,0.0,9.768,8.773,16.28,6.693,6.422,12.301,11.306,15.466,15.828,17.637,0.0,0.0,23.968,17.546,28.671,9.045,0.0,30.118,16.371,11.577,0.0,0.0,0.0,0.0,9.389,8.433,15.648,6.433,6.172,11.823,10.867,14.866,15.214,16.952,0.0,0.0,23.038,16.865,27.558,8.693,0.0,28.949,15.735,11.128,0.0,0.0,0.0,0.0,0.0
2020,sc01,08-29 04:00:00+01:00,10.399,9.34,17.332,7.125,6.837,13.095,12.036,16.465,16.851,18.776,0.0,0.0,25.517,18.68,30.524,9.629,0.0,32.064,17.428,12.325,0.0,0.0,0.0,0.0,9.619,8.639,16.031,6.59,6.323,12.112,11.133,15.229,15.586,17.367,0.0,0.0,23.601,17.278,28.232,8.906,0.0,29.657,16.12,11.4,0.0,0.0,0.0,0.0,9.532,8.562,15.887,6.531,6.267,12.004,11.033,15.093,15.446,17.211,0.0,0.0,23.39,17.123,27.979,8.826,0.0,29.392,15.976,11.298,0.0,0.0,0.0,0.0,0.0
2020,sc01,08-29 05:00:00+01:00,10.338,9.285,17.23,7.083,6.796,13.018,11.965,16.368,16.751,18.665,0.0,0.0,25.366,18.57,30.343,9.572,0.0,31.875,17.325,12.252,0.0,0.0,0.0,0.0,9.319,8.37,15.532,6.385,6.127,11.735,10.786,14.756,15.101,16.827,0.0,0.0,22.867,16.74,27.354,8.629,0.0,28.735,15.618,11.045,0.0,0.0,0.0,0.0,9.556,8.583,15.927,6.548,6.282,12.034,11.061,15.131,15.485,17.255,0.0,0.0,23.448,17.166,28.05,8.848,0.0,29.465,16.016,11.326,0.0,0.0,0.0,0.0,0.0
2020,sc01,08-29 06:00:00+01:00,11.011,9.89,18.352,7.545,7.239,13.866,12.744,17.434,17.842,19.881,0.0,0.0,27.018,19.779,32.32,10.195,0.0,33.951,18.454,13.05,0.0,0.0,0.0,0.0,9.71,8.721,16.184,6.653,6.384,12.228,11.239,15.375,15.734,17.533,0.0,0.0,23.826,17.443,28.502,8.991,0.0,29.94,16.274,11.509,0.0,0.0,0.0,0.0,9.837,8.835,16.394,6.74,6.467,12.387,11.385,15.574,15.939,17.76,0.0,0.0,24.136,17.669,28.872,9.108,0.0,30.329,16.485,11.658,0.0,0.0,0.0,0.0,0.0
2020,sc01,08-29 07:00:00+01:00,12.032,10.806,20.053,8.244,7.91,15.151,13.926,19.05,19.496,21.724,0.0,0.0,29.522,21.613,35.315,11.141,0.0,37.098,20.164,14.26,0.0,0.0,0.0,0.0,10.584,9.506,17.64,7.252,6.958,13.328,12.25,16.758,17.15,19.11,0.0,0.0,25.97,19.012,31.066,9.8,0.0,32.634,17.738,12.544,0.0,0.0,0.0,0.0,10.486,9.418,17.476,7.185,6.893,13.204,12.136,16.602,16.991,18.932,0.0,0.0,25.729,18.835,30.777,9.709,0.0,32.331,17.573,12.427,0.0,0.0,0.0,0.0,0.0
2020,sc01,08-29 08:00:00+01:00,13.09,11.757,21.816,8.969,8.605,16.484,15.15,20.726,21.21,23.634,0.0,0.0,32.119,23.513,38.421,12.12,0.0,40.36,21.938,15.514,0.0,0.0,0.0,0.0,11.57,10.392,19.283,7.928,7.606,14.57,13.391,18.319,18.748,20.89,0.0,0.0,28.39,20.783,33.96,10.713,0.0,35.674,19.391,13.713,0.0,0.0,0.0,0.0,11.347,10.191,18.911,7.775,7.459,14.288,13.133,17.966,18.386,20.487,0.0,0.0,27.841,20.382,33.305,10.506,0.0,34.986,19.016,13.448,0.0,0.0,0.0,0.0,0.0
2020,sc01,08-29 09:00:00+01:00,14.143,12.702,23.571,9.69,9.297,17.809,16.369,22.392,22.916,25.535,0.0,0.0,34.702,25.404,41.511,13.095,0.0,43.606,23.702,16.762,0.0,0.0,0.0,0.0,12.478,11.207,20.796,8.55,8.203,15.713,14.442,19.757,20.219,22.53,0.0,0.0,30.617,22.414,36.625,11.554,0.0,38.473,20.912,14.789,0.0,0.0,0.0,0.0,12.273,11.023,20.454,8.409,8.068,15.454,14.204,19.432,19.886,22.159,0.0,0.0,30.113,22.045,36.022,11.363,0.0,37.84,20.568,14.545,0.0,0.0,0.0,0.0,0.0
2020,sc01,08-29 10:00:00+01:00,15.107,13.568,25.179,10.351,9.932,19.024,17.485,23.92,24.479,27.277,0.0,0.0,37.069,27.137,44.342,13.988,0.0,46.58,25.319,17.905,0.0,0.0,0.0,0.0,13.42,12.053,22.366,9.195,8.822,16.899,15.532,21.248,21.745,24.23,0.0,0.0,32.928,24.106,39.389,12.426,0.0,41.377,22.49,15.905,0.0,0.0,0.0,0.0,12.478,11.207,20.796,8.549,8.203,15.712,14.442,19.756,20.218,22.529,0.0,0.0,30.616,22.413,36.624,11.553,0.0,38.473,20.911,14.788,0.0,0.0,0.0,0.0,0.0
2020,sc01,08-29 11:00:00+01:00,15.96,14.334,26.599,10.935,10.492,20.097,18.472,25.269,25.86,28.816,0.0,0.0,39.16,28.668,46.844,14.777,0.0,49.209,26.747,18.915,0.0,0.0,0.0,0.0,14.348,12.887,23.913,9.831,9.432,18.068,16.606,22.717,23.249,25.906,0.0,0.0,35.205,25.773,42.114,13.285,0.0,44.239,24.046,17.005,0.0,0.0,0.0,0.0,13.147,11.808,21.912,9.008,8.643,16.556,15.217,20.816,21.303,23.738,0.0,0.0,32.259,23.616,38.59,12.173,0.0,40.537,22.034,15.582,0.0,0.0,0.0,0.0,0.0
2020,sc01,08-29 12:00:00+01:00,16.67,14.972,27.784,11.422,10.959,20.992,19.294,26.395,27.012,30.099,0.0,0.0,40.904,29.945,48.93,15.435,0.0,51.4,27.938,19.757,0.0,0.0,0.0,0.0,15.167,13.622,25.279,10.392,9.971,19.1,17.555,24.015,24.577,27.385,0.0,0.0,37.216,27.245,44.519,14.044,0.0,46.766,25.419,17.976,0.0,0.0,0.0,0.0,13.54,12.161,22.567,9.278,8.901,17.051,15.671,21.439,21.94,24.447,0.0,0.0,33.224,24.322,39.743,12.537,0.0,41.749,22.692,16.048,0.0,0.0,0.0,0.0,0.0
2020,sc01,08-29 13:00:00+01:00,17.293,15.532,28.821,11.849,11.368,21.776,20.015,27.38,28.021,31.223,0.0,0.0,42.431,31.063,50.758,16.012,0.0,53.32,28.981,20.495,0.0,0.0,0.0,0.0,16.027,14.395,26.712,10.982,10.537,20.183,18.55,25.377,25.97,28.938,0.0,0.0,39.327,28.79,47.044,14.84,0.0,49.418,26.861,18.995,0.0,0.0,0.0,0.0,13.967,12.545,23.279,9.57,9.182,17.588,16.166,22.115,22.632,25.219,0.0,0.0,34.271,25.089,40.996,12.933,0.0,43.066,23.408,16.554,0.0,0.0,0.0,0.0,0.0
2020,sc01,08-29 14:00:00+01:00,17.635,15.839,29.391,12.083,11.593,22.207,20.411,27.922,28.575,31.841,0.0,0.0,43.271,31.677,51.762,16.329,0.0,54.374,29.555,20.901,0.0,0.0,0.0,0.0,16.656,14.96,27.761,11.413,10.95,20.975,19.278,26.373,26.99,30.074,0.0,0.0,40.87,29.92,48.89,15.423,0.0,51.357,27.915,19.741,0.0,0.0,0.0,0.0,14.22,12.772,23.7,9.743,9.348,17.907,16.458,22.515,23.042,25.675,0.0,0.0,34.892,25.543,41.739,13.167,0.0,43.845,23.832,16.853,0.0,0.0,0.0,0.0,0.0
2020,sc01,08-29 15:00:00+01:00,17.72,15.915,29.534,12.142,11.649,22.314,20.51,28.057,28.714,31.995,0.0,0.0,43.48,31.831,52.012,16.408,0.0,54.638,29.698,21.002,0.0,0.0,0.0,0.0,17.01,15.278,28.35,11.655,11.183,21.42,19.688,26.933,27.563,30.713,0.0,0.0,41.738,30.555,49.928,15.75,0.0,52.448,28.508,20.16,0.0,0.0,0.0,0.0,14.152,12.71,23.586,9.697,9.303,17.821,16.379,22.407,22.931,25.552,0.0,0.0,34.724,25.421,41.538,13.103,0.0,43.634,23.717,16.772,0.0,0.0,0.0,0.0,0.0
2020,sc01,08-29 16:00:00+01:00,17.368,15.599,28.946,11.9,11.418,21.87,20.101,27.499,28.142,31.358,0.0,0.0,42.615,31.197,50.977,16.081,0.0,53.55,29.107,20.584,0.0,0.0,0.0,0.0,16.806,15.094,28.01,11.515,11.048,21.163,19.451,26.61,27.232,30.344,0.0,0.0,41.237,30.189,49.329,15.561,0.0,51.819,28.166,19.918,0.0,0.0,0.0,0.0,13.865,12.453,23.108,9.5,9.115,17.459,16.047,21.952,22.466,25.034,0.0,0.0,34.02,24.905,40.696,12.838,0.0,42.75,23.236,16.432,0.0,0.0,0.0,0.0,0.0
2020,sc01,08-29 17:00:00+01:00,16.272,14.615,27.12,11.149,10.697,20.491,18.833,25.764,26.367,29.38,0.0,0.0,39.927,29.23,47.762,15.067,0.0,50.172,27.271,19.286,0.0,0.0,0.0,0.0,16.048,14.413,26.746,10.996,10.55,20.208,18.574,25.409,26.003,28.975,0.0,0.0,39.377,28.827,47.103,14.859,0.0,49.481,26.895,19.02,0.0,0.0,0.0,0.0,13.13,11.793,21.884,8.997,8.632,16.534,15.197,20.789,21.276,23.707,0.0,0.0,32.217,23.586,38.539,12.158,0.0,40.485,22.005,15.562,0.0,0.0,0.0,0.0,0.0
2020,sc01,08-29 18:00:00+01:00,15.695,14.096,26.158,10.754,10.318,19.764,18.166,24.85,25.432,28.338,0.0,0.0,38.511,28.193,46.068,14.532,0.0,48.393,26.304,18.601,0.0,0.0,0.0,0.0,15.582,13.995,25.97,10.677,10.244,19.622,18.035,24.672,25.249,28.134,0.0,0.0,38.234,27.99,45.736,14.428,0.0,48.045,26.114,18.468,0.0,0.0,0.0,0.0,12.87,11.56,21.451,8.819,8.461,16.207,14.896,20.378,20.855,23.238,0.0,0.0,31.58,23.119,37.777,11.917,0.0,39.684,21.57,15.254,0.0,0.0,0.0,0.0,0.0
2020,sc01,08-29 19:00:00+01:00,14.837,13.326,24.729,10.166,9.754,18.684,17.173,23.492,24.042,26.79,0.0,0.0,36.406,26.652,43.55,13.738,0.0,45.748,24.866,17.585,0.0,0.0,0.0,0.0,15.092,13.555,25.154,10.341,9.922,19.005,17.468,23.896,24.455,27.25,0.0,0.0,37.032,27.111,44.299,13.975,0.0,46.535,25.294,17.887,0.0,0.0,0.0,0.0,12.98,11.658,21.633,8.894,8.533,16.345,15.023,20.551,21.032,23.436,0.0,0.0,31.849,23.316,38.098,12.018,0.0,40.021,21.753,15.383,0.0,0.0,0.0,0.0,0.0
2020,sc01,08-29 20:00:00+01:00,13.774,12.371,22.956,9.438,9.055,17.345,15.942,21.809,22.319,24.869,0.0,0.0,33.797,24.742,40.429,12.754,0.0,42.469,23.084,16.325,0.0,0.0,0.0,0.0,14.072,12.639,23.454,9.642,9.251,17.721,16.288,22.281,22.803,25.409,0.0,0.0,34.53,25.278,41.305,13.03,0.0,43.39,23.584,16.678,0.0,0.0,0.0,0.0,12.348,11.09,20.58,8.46,8.117,15.549,14.291,19.551,20.008,22.295,0.0,0.0,30.298,22.18,36.243,11.433,0.0,38.072,20.694,14.634,0.0,0.0,0.0,0.0,0.0
2020,sc01,08-29 21:00:00+01:00,12.662,11.373,21.104,8.676,8.324,15.945,14.655,20.049,20.518,22.863,0.0,0.0,31.07,22.745,37.166,11.724,0.0,39.042,21.221,15.007,0.0,0.0,0.0,0.0,13.049,11.72,21.748,8.941,8.579,16.432,15.103,20.661,21.144,23.561,0.0,0.0,32.019,23.44,38.301,12.082,0.0,40.235,21.869,15.466,0.0,0.0,0.0,0.0,11.61,10.427,19.35,7.955,7.632,14.62,13.437,18.382,18.812,20.962,0.0,0.0,28.487,20.855,34.077,10.75,0.0,35.797,19.457,13.76,0.0,0.0,0.0,0.0,0.0
2020,sc01,08-29 22:00:00+01:00,11.69,10.499,19.483,8.01,7.685,14.72,13.53,18.509,18.942,21.107,0.0,0.0,28.683,20.998,34.312,10.824,0.0,36.043,19.591,13.855,0.0,0.0,0.0,0.0,12.09,10.859,20.15,8.284,7.948,15.225,13.993,19.143,19.591,21.83,0.0,0.0,29.666,21.718,35.487,11.195,0.0,37.278,20.262,14.329,0.0,0.0,0.0,0.0,10.855,9.749,18.091,7.437,7.136,13.669,12.563,17.187,17.589,19.599,0.0,0.0,26.634,19.498,31.86,10.051,0.0,33.469,18.192,12.865,0.0,0.0,0.0,0.0,0.0
2020,sc01,08-29 23:00:00+01:00,11.011,9.89,18.352,7.545,7.239,13.866,12.744,17.434,17.842,19.881,0.0,0.0,27.018,19.779,32.32,10.195,0.0,33.951,18.454,13.05,0.0,0.0,0.0,0.0,11.155,10.019,18.592,7.643,7.334,14.047,12.911,17.663,18.076,20.142,0.0,0.0,27.372,20.038,32.743,10.329,0.0,34.395,18.695,13.221,0.0,0.0,0.0,0.0,10.175,9.138,16.958,6.972,6.689,12.813,11.776,16.11,16.487,18.371,0.0,0.0,24.966,18.277,29.865,9.421,0.0,31.372,17.052,12.059,0.0,0.0,0.0,0.0,0.0
2020,sc01,08-30 00:00:00+01:00,10.552,9.477,17.586,7.23,6.937,13.287,12.212,16.707,17.097,19.051,0.0,0.0,25.89,18.954,30.971,9.77,0.0,32.534,17.684,12.505,0.0,0.0,0.0,0.0,10.465,9.399,17.442,7.171,6.88,13.178,12.112,16.57,16.957,18.895,0.0,0.0,25.678,18.798,30.717,9.69,0.0,32.267,17.539,12.403,0.0,0.0,0.0,0.0,9.768,8.773,16.28,6.693,6.422,12.301,11.306,15.466,15.828,17.637,0.0,0.0,23.968,17.547,28.671,9.045,0.0,30.119,16.371,11.577,0.0,0.0,0.0,0.0,0.0
2020,sc01,08-30 01:00:00+01:00,10.169,9.134,16.949,6.968,6.685,12.806,11.77,16.102,16.478,18.361,0.0,0.0,24.953,18.267,29.849,9.416,0.0,31.356,17.043,12.053,0.0,0.0,0.0,0.0,9.979,8.963,16.632,6.837,6.56,12.566,11.55,15.8,16.17,18.017,0.0,0.0,24.485,17.925,29.29,9.24,0.0,30.768,16.724,11.827,0.0,0.0,0.0,0.0,9.512,8.543,15.853,6.517,6.253,11.978,11.009,15.061,15.413,17.174,0.0,0.0,23.339,17.086,27.919,8.807,0.0,29.328,15.941,11.273,0.0,0.0,0.0,0.0,0.0
