Period,Scenario,LoadLevel,101_CT_1,101_CT_2,101_PV_1,101_PV_2,101_PV_3,101_PV_4,101_STEAM_3,101_STEAM_4,102_CT_1,102_CT_2,102_PV_1,102_PV_2,102_STEAM_3,102_STEAM_4,103_PV_1,104_PV_1,107_CC_1,113_CT_1,113_CT_2,113_CT_3,113_CT_4,113_PV_1,114_SYNC_COND_1,115_STEAM_1,115_STEAM_2,115_STEAM_3,116_STEAM_1,118_CC_1,118_RTPV_1,118_RTPV_10,118_RTPV_2,118_RTPV_3,118_RTPV_4,118_RTPV_5,118_RTPV_6,118_RTPV_7,118_RTPV_8,118_RTPV_9,119_PV_1,121_NUCLEAR_1,122_HYDRO_1,122_HYDRO_2,122_HYDRO_3,122_HYDRO_4,122_HYDRO_5,122_HYDRO_6,122_WIND_1,123_CT_1,123_CT_4,123_CT_5,123_STEAM_2,123_STEAM_3,201_CT_1,201_CT_2,201_HYDRO_4,201_STEAM_3,202_CT_1,202_CT_2,202_STEAM_3,202_STEAM_4,207_CT_1,207_CT_2,212_CSP_1,213_CC_3,213_CT_1,213_CT_2,213_RTPV_1,214_SYNC_COND_1,215_CT_4,215_CT_5,215_HYDRO_1,215_HYDRO_2,215_HYDRO_3,215_PV_1,216_STEAM_1,218_CC_1,221_CC_1,222_HYDRO_1,222_HYDRO_2,222_HYDRO_3,222_HYDRO_4,222_HYDRO_5,222_HYDRO_6,223_CT_4,223_CT_5,223_CT_6,223_STEAM_1,223_STEAM_2,223_STEAM_3,301_CT_1,301_CT_2,301_CT_3,301_CT_4,302_CT_1,302_CT_2,302_CT_3,302_CT_4,303_WIND_1,307_CT_1,307_CT_2,308_RTPV_1,309_WIND_1,310_PV_1,310_PV_2,312_PV_1,313_CC_1,313_PV_1,313_PV_2,313_RTPV_1,313_RTPV_10,313_RTPV_11,313_RTPV_12,313_RTPV_13,313_RTPV_2,313_RTPV_3,313_RTPV_4,313_RTPV_5,313_RTPV_6,313_RTPV_7,313_RTPV_8,313_RTPV_9,313_STORAGE_1,314_PV_1,314_PV_2,314_PV_3,314_PV_4,314_SYNC_COND_1,315_CT_6,315_CT_7,315_CT_8,315_STEAM_1,315_STEAM_2,315_STEAM_3,315_STEAM_4,315_STEAM_5,316_STEAM_1,317_WIND_1,318_CC_1,319_PV_1,320_PV_1,320_RTPV_1,320_RTPV_2,320_RTPV_3,320_RTPV_4,320_RTPV_5,320_RTPV_6,321_CC_1,322_CT_5,322_CT_6,322_HYDRO_1,322_HYDRO_2,322_HYDRO_3,322_HYDRO_4,323_CC_1,323_CC_2,324_PV_1,324_PV_2,324_PV_3
2020,sc01,08-23 02:00:00+01:00,0,0,0,0,0,0,0,0,0,0,0,0,0,0,0,0,0,0,0,0,0,0,0,0,0,0,0,0,0,0,0,0,0,0,0,0,0,0,0,0,12.7,12.7,12.7,12.7,12.7,12.7,0,0,0,0,0,0,0,0,9.3,0,0,0,0,0,0,0,0.0001,0,0,0,0,0,0,0,9.3,9.3,9.3,0,0,0,0,9.3,9.3,9.3,9.3,9.3,9.3,0,0,0,0,0,0,0,0,0,0,0,0,0,0,0,0,0,0,0,0,0,0,0,0,0,0,0,0,0,0,0,0,0,0,0,0,0,0,0,0,0,0,0,0,0,0,0,0,0,0,0,0,0,0,0,0,0,0,0,0,0,0,0,0,0,0,22.9,22.9,22.9,22.9,0,0,0,0,0
2020,sc01,08-23 03:00:00+01:00,0,0,0,0,0,0,0,0,0,0,0,0,0,0,0,0,0,0,0,0,0,0,0,0,0,0,0,0,0,0,0,0,0,0,0,0,0,0,0,0,12.7,12.7,12.7,12.7,12.7,12.7,0,0,0,0,0,0,0,0,9.1,0,0,0,0,0,0,0,0.0001,0,0,0,0,0,0,0,9.1,9.1,9.1,0,0,0,0,9.1,9.1,9.1,9.1,9.1,9.1,0,0,0,0,0,0,0,0,0,0,0,0,0,0,0,0,0,0,0,0,0,0,0,0,0,0,0,0,0,0,0,0,0,0,0,0,0,0,0,0,0,0,0,0,0,0,0,0,0,0,0,0,0,0,0,0,0,0,0,0,0,0,0,0,0,0,26.1,26.1,26.1,26.1,0,0,0,0,0
2020,sc01,08-23 04:00:00+01:00,0,0,0,0,0,0,0,0,0,0,0,0,0,0,0,0,0,0,0,0,0,0,0,0,0,0,0,0,0,0,0,0,0,0,0,0,0,0,0,0,12.7,12.7,12.7,12.7,12.7,12.7,0,0,0,0,0,0,0,0,9.1,0,0,0,0,0,0,0,0.0001,0,0,0,0,0,0,0,9.1,9.1,9.1,0,0,0,0,9.1,9.1,9.1,9.1,9.1,9.1,0,0,0,0,0,0,0,0,0,0,0,0,0,0,0,0,0,0,0,0,0,0,0,0,0,0,0,0,0,0,0,0,0,0,0,0,0,0,0,0,0,0,0,0,0,0,0,0,0,0,0,0,0,0,0,0,0,0,0,0,0,0,0,0,0,0,25.0,25.0,25.0,25.0,0,0,0,0,0
2020,sc01,08-23 05:00:00+01:00,0,0,0,0,0,0,0,0,0,0,0,0,0,0,0,0,0,0,0,0,0,0,0,0,0,0,0,0,0,0,0,0,0,0,0,0,0,0,0,0,12.7,12.7,12.7,12.7,12.7,12.7,0,0,0,0,0,0,0,0,9.9,0,0,0,0,0,0,0,0.0001,0,0,0,0,0,0,0,9.9,9.9,9.9,0,0,0,0,9.9,9.9,9.9,9.9,9.9,9.9,0,0,0,0,0,0,0,0,0,0,0,0,0,0,0,0,0,0,0,0,0,0,0,0,0,0,0,0,0,0,0,0,0,0,0,0,0,0,0,0,0,0,0,0,0,0,0,0,0,0,0,0,0,0,0,0,0,0,0,0,0,0,0,0,0,0,28.2,28.2,28.2,28.2,0,0,0,0,0
2020,sc01,08-23 06:00:00+01:00,0,0,0,0,0,0,0,0,0,0,0,0,0,0,0,0,0,0,0,0,0,0,0,0,0,0,0,0,0,0,0,0,0,0,0,0,0,0,0,0,12.7,12.7,12.7,12.7,12.7,12.7,0,0,0,0,0,0,0,0,18.3,0,0,0,0,0,0,0,86.1,0,0,0,0,0,0,0,18.3,18.3,18.3,0,0,0,0,18.3,18.3,18.3,18.3,18.3,18.3,0,0,0,0,0,0,0,0,0,0,0,0,0,0,0,0,0,0,0,0,0,0,0,0,0,0,0,0,0,0,0,0,0,0,0,0,0,0,0,0,0,0,0,0,0,0,0,0,0,0,0,0,0,0,0,0,0,0,0,0,0,0,0,0,0,0,27.7,27.7,27.7,27.7,0,0,0,0,0
2020,sc01,08-23 07:00:00+01:00,0,0,0,0,0,0,0,0,0,0,0,0,0,0,0,0,0,0,0,0,0,0,0,0,0,0,0,0,0,0,0,0,0,0,0,0,0,0,0,0,12.7,12.7,12.7,12.7,12.7,12.7,0,0,0,0,0,0,0,0,25.3,0,0,0,0,0,0,0,262.6,0,0,0,0,0,0,0,25.3,25.3,25.3,0,0,0,0,25.3,25.3,25.3,25.3,25.3,25.3,0,0,0,0,0,0,0,0,0,0,0,0,0,0,0,0,0,0,0,0,0,0,0,0,0,0,0,0,0,0,0,0,0,0,0,0,0,0,0,0,0,0,0,0,0,0,0,0,0,0,0,0,0,0,0,0,0,0,0,0,0,0,0,0,0,0,23.1,23.1,23.1,23.1,0,0,0,0,0
2020,sc01,08-23 08:00:00+01:00,0,0,0,0,0,0,0,0,0,0,0,0,0,0,0,0,0,0,0,0,0,0,0,0,0,0,0,0,0,0,0,0,0,0,0,0,0,0,0,0,12.7,12.7,12.7,12.7,12.7,12.7,0,0,0,0,0,0,0,0,27.8,0,0,0,0,0,0,0,307.0,0,0,0,0,0,0,0,27.8,27.8,27.8,0,0,0,0,27.8,27.8,27.8,27.8,27.8,27.8,0,0,0,0,0,0,0,0,0,0,0,0,0,0,0,0,0,0,0,0,0,0,0,0,0,0,0,0,0,0,0,0,0,0,0,0,0,0,0,0,0,0,0,0,0,0,0,0,0,0,0,0,0,0,0,0,0,0,0,0,0,0,0,0,0,0,35.2,35.2,35.2,35.2,0,0,0,0,0
2020,sc01,08-23 09:00:00+01:00,0,0,0,0,0,0,0,0,0,0,0,0,0,0,0,0,0,0,0,0,0,0,0,0,0,0,0,0,0,0,0,0,0,0,0,0,0,0,0,0,25.9,25.9,25.9,25.9,25.9,25.9,0,0,0,0,0,0,0,0,37.9,0,0,0,0,0,0,0,332.8,0,0,0,0,0,0,0,37.9,37.9,37.9,0,0,0,0,37.9,37.9,37.9,37.9,37.9,37.9,0,0,0,0,0,0,0,0,0,0,0,0,0,0,0,0,0,0,0,0,0,0,0,0,0,0,0,0,0,0,0,0,0,0,0,0,0,0,0,0,0,0,0,0,0,0,0,0,0,0,0,0,0,0,0,0,0,0,0,0,0,0,0,0,0,0,30.4,30.4,30.4,30.4,0,0,0,0,0
2020,sc01,08-23 10:00:00+01:00,0,0,0,0,0,0,0,0,0,0,0,0,0,0,0,0,0,0,0,0,0,0,0,0,0,0,0,0,0,0,0,0,0,0,0,0,0,0,0,0,38.7,38.7,38.7,38.7,38.7,38.7,0,0,0,0,0,0,0,0,37.6,0,0,0,0,0,0,0,347.3,0,0,0,0,0,0,0,37.6,37.6,37.6,0,0,0,0,37.6,37.6,37.6,37.6,37.6,37.6,0,0,0,0,0,0,0,0,0,0,0,0,0,0,0,0,0,0,0,0,0,0,0,0,0,0,0,0,0,0,0,0,0,0,0,0,0,0,0,0,0,0,0,0,0,0,0,0,0,0,0,0,0,0,0,0,0,0,0,0,0,0,0,0,0,0,36.7,36.7,36.7,36.7,0,0,0,0,0
2020,sc01,08-23 11:00:00+01:00,0,0,0,0,0,0,0,0,0,0,0,0,0,0,0,0,0,0,0,0,0,0,0,0,0,0,0,0,0,0,0,0,0,0,0,0,0,0,0,0,38.2,38.2,38.2,38.2,38.2,38.2,0,0,0,0,0,0,0,0,37.7,0,0,0,0,0,0,0,354.2,0,0,0,0,0,0,0,37.7,37.7,37.7,0,0,0,0,37.7,37.7,37.7,37.7,37.7,37.7,0,0,0,0,0,0,0,0,0,0,0,0,0,0,0,0,0,0,0,0,0,0,0,0,0,0,0,0,0,0,0,0,0,0,0,0,0,0,0,0,0,0,0,0,0,0,0,0,0,0,0,0,0,0,0,0,0,0,0,0,0,0,0,0,0,0,37.5,37.5,37.5,37.5,0,0,0,0,0
2020,sc01,08-23 12:00:00+01:00,0,0,0,0,0,0,0,0,0,0,0,0,0,0,0,0,0,0,0,0,0,0,0,0,0,0,0,0,0,0,0,0,0,0,0,0,0,0,0,0,38.2,38.2,38.2,38.2,38.2,38.2,0,0,0,0,0,0,0,0,37.7,0,0,0,0,0,0,0,351.4,0,0,0,0,0,0,0,37.7,37.7,37.7,0,0,0,0,37.7,37.7,37.7,37.7,37.7,37.7,0,0,0,0,0,0,0,0,0,0,0,0,0,0,0,0,0,0,0,0,0,0,0,0,0,0,0,0,0,0,0,0,0,0,0,0,0,0,0,0,0,0,0,0,0,0,0,0,0,0,0,0,0,0,0,0,0,0,0,0,0,0,0,0,0,0,35.6,35.6,35.6,35.6,0,0,0,0,0
2020,sc01,08-23 13:00:00+01:00,0,0,0,0,0,0,0,0,0,0,0,0,0,0,0,0,0,0,0,0,0,0,0,0,0,0,0,0,0,0,0,0,0,0,0,0,0,0,0,0,37.7,37.7,37.7,37.7,37.7,37.7,0,0,0,0,0,0,0,0,37.4,0,0,0,0,0,0,0,341.0,0,0,0,0,0,0,0,37.4,37.4,37.4,0,0,0,0,37.4,37.4,37.4,37.4,37.4,37.4,0,0,0,0,0,0,0,0,0,0,0,0,0,0,0,0,0,0,0,0,0,0,0,0,0,0,0,0,0,0,0,0,0,0,0,0,0,0,0,0,0,0,0,0,0,0,0,0,0,0,0,0,0,0,0,0,0,0,0,0,0,0,0,0,0,0,32.2,32.2,32.2,32.2,0,0,0,0,0
2020,sc01,08-23 14:00:00+01:00,0,0,0,0,0,0,0,0,0,0,0,0,0,0,0,0,0,0,0,0,0,0,0,0,0,0,0,0,0,0,0,0,0,0,0,0,0,0,0,0,38.2,38.2,38.2,38.2,38.2,38.2,0,0,0,0,0,0,0,0,37.7,0,0,0,0,0,0,0,320.6,0,0,0,0,0,0,0,37.7,37.7,37.7,0,0,0,0,37.7,37.7,37.7,37.7,37.7,37.7,0,0,0,0,0,0,0,0,0,0,0,0,0,0,0,0,0,0,0,0,0,0,0,0,0,0,0,0,0,0,0,0,0,0,0,0,0,0,0,0,0,0,0,0,0,0,0,0,0,0,0,0,0,0,0,0,0,0,0,0,0,0,0,0,0,0,32.8,32.8,32.8,32.8,0,0,0,0,0
2020,sc01,08-23 15:00:00+01:00,0,0,0,0,0,0,0,0,0,0,0,0,0,0,0,0,0,0,0,0,0,0,0,0,0,0,0,0,0,0,0,0,0,0,0,0,0,0,0,0,38.2,38.2,38.2,38.2,38.2,38.2,0,0,0,0,0,0,0,0,37.4,0,0,0,0,0,0,0,0.0001,0,0,0,0,0,0,0,37.4,37.4,37.4,0,0,0,0,37.4,37.4,37.4,37.4,37.4,37.4,0,0,0,0,0,0,0,0,0,0,0,0,0,0,0,0,0,0,0,0,0,0,0,0,0,0,0,0,0,0,0,0,0,0,0,0,0,0,0,0,0,0,0,0,0,0,0,0,0,0,0,0,0,0,0,0,0,0,0,0,0,0,0,0,0,0,30.6,30.6,30.6,30.6,0,0,0,0,0
2020,sc01,08-23 16:00:00+01:00,0,0,0,0,0,0,0,0,0,0,0,0,0,0,0,0,0,0,0,0,0,0,0,0,0,0,0,0,0,0,0,0,0,0,0,0,0,0,0,0,37.7,37.7,37.7,37.7,37.7,37.7,0,0,0,0,0,0,0,0,37.4,0,0,0,0,0,0,0,127.7,0,0,0,0,0,0,0,37.4,37.4,37.4,0,0,0,0,37.4,37.4,37.4,37.4,37.4,37.4,0,0,0,0,0,0,0,0,0,0,0,0,0,0,0,0,0,0,0,0,0,0,0,0,0,0,0,0,0,0,0,0,0,0,0,0,0,0,0,0,0,0,0,0,0,0,0,0,0,0,0,0,0,0,0,0,0,0,0,0,0,0,0,0,0,0,30.4,30.4,30.4,30.4,0,0,0,0,0
2020,sc01,08-23 17:00:00+01:00,0,0,0,0,0,0,0,0,0,0,0,0,0,0,0,0,0,0,0,0,0,0,0,0,0,0,0,0,0,0,0,0,0,0,0,0,0,0,0,0,37.7,37.7,37.7,37.7,37.7,37.7,0,0,0,0,0,0,0,0,37.4,0,0,0,0,0,0,0,0.0001,0,0,0,0,0,0,0,37.4,37.4,37.4,0,0,0,0,37.4,37.4,37.4,37.4,37.4,37.4,0,0,0,0,0,0,0,0,0,0,0,0,0,0,0,0,0,0,0,0,0,0,0,0,0,0,0,0,0,0,0,0,0,0,0,0,0,0,0,0,0,0,0,0,0,0,0,0,0,0,0,0,0,0,0,0,0,0,0,0,0,0,0,0,0,0,30.4,30.4,30.4,30.4,0,0,0,0,0
2020,sc01,08-23 18:00:00+01:00,0,0,0,0,0,0,0,0,0,0,0,0,0,0,0,0,0,0,0,0,0,0,0,0,0,0,0,0,0,0,0,0,0,0,0,0,0,0,0,0,37.7,37.7,37.7,37.7,37.7,37.7,0,0,0,0,0,0,0,0,28.2,0,0,0,0,0,0,0,0.0001,0,0,0,0,0,0,0,28.2,28.2,28.2,0,0,0,0,28.2,28.2,28.2,28.2,28.2,28.2,0,0,0,0,0,0,0,0,0,0,0,0,0,0,0,0,0,0,0,0,0,0,0,0,0,0,0,0,0,0,0,0,0,0,0,0,0,0,0,0,0,0,0,0,0,0,0,0,0,0,0,0,0,0,0,0,0,0,0,0,0,0,0,0,0,0,28.1,28.1,28.1,28.1,0,0,0,0,0
2020,sc01,08-23 19:00:00+01:00,0,0,0,0,0,0,0,0,0,0,0,0,0,0,0,0,0,0,0,0,0,0,0,0,0,0,0,0,0,0,0,0,0,0,0,0,0,0,0,0,38.2,38.2,38.2,38.2,38.2,38.2,0,0,0,0,0,0,0,0,28.2,0,0,0,0,0,0,0,0.0001,0,0,0,0,0,0,0,28.2,28.2,28.2,0,0,0,0,28.2,28.2,28.2,28.2,28.2,28.2,0,0,0,0,0,0,0,0,0,0,0,0,0,0,0,0,0,0,0,0,0,0,0,0,0,0,0,0,0,0,0,0,0,0,0,0,0,0,0,0,0,0,0,0,0,0,0,0,0,0,0,0,0,0,0,0,0,0,0,0,0,0,0,0,0,0,30.9,30.9,30.9,30.9,0,0,0,0,0
2020,sc01,08-23 20:00:00+01:00,0,0,0,0,0,0,0,0,0,0,0,0,0,0,0,0,0,0,0,0,0,0,0,0,0,0,0,0,0,0,0,0,0,0,0,0,0,0,0,0,38.2,38.2,38.2,38.2,38.2,38.2,0,0,0,0,0,0,0,0,26.3,0,0,0,0,0,0,0,0.0001,0,0,0,0,0,0,0,26.3,26.3,26.3,0,0,0,0,26.3,26.3,26.3,26.3,26.3,26.3,0,0,0,0,0,0,0,0,0,0,0,0,0,0,0,0,0,0,0,0,0,0,0,0,0,0,0,0,0,0,0,0,0,0,0,0,0,0,0,0,0,0,0,0,0,0,0,0,0,0,0,0,0,0,0,0,0,0,0,0,0,0,0,0,0,0,27.2,27.2,27.2,27.2,0,0,0,0,0
2020,sc01,08-23 21:00:00+01:00,0,0,0,0,0,0,0,0,0,0,0,0,0,0,0,0,0,0,0,0,0,0,0,0,0,0,0,0,0,0,0,0,0,0,0,0,0,0,0,0,37.3,37.3,37.3,37.3,37.3,37.3,0,0,0,0,0,0,0,0,18.3,0,0,0,0,0,0,0,0.0001,0,0,0,0,0,0,0,18.3,18.3,18.3,0,0,0,0,18.3,18.3,18.3,18.3,18.3,18.3,0,0,0,0,0,0,0,0,0,0,0,0,0,0,0,0,0,0,0,0,0,0,0,0,0,0,0,0,0,0,0,0,0,0,0,0,0,0,0,0,0,0,0,0,0,0,0,0,0,0,0,0,0,0,0,0,0,0,0,0,0,0,0,0,0,0,26.6,26.6,26.6,26.6,0,0,0,0,0
2020,sc01,08-23 22:00:00+01:00,0,0,0,0,0,0,0,0,0,0,0,0,0,0,0,0,0,0,0,0,0,0,0,0,0,0,0,0,0,0,0,0,0,0,0,0,0,0,0,0,23.6,23.6,23.6,23.6,23.6,23.6,0,0,0,0,0,0,0,0,9.1,0,0,0,0,0,0,0,0.0001,0,0,0,0,0,0,0,9.1,9.1,9.1,0,0,0,0,9.1,9.1,9.1,9.1,9.1,9.1,0,0,0,0,0,0,0,0,0,0,0,0,0,0,0,0,0,0,0,0,0,0,0,0,0,0,0,0,0,0,0,0,0,0,0,0,0,0,0,0,0,0,0,0,0,0,0,0,0,0,0,0,0,0,0,0,0,0,0,0,0,0,0,0,0,0,26.8,26.8,26.8,26.8,0,0,0,0,0
2020,sc01,08-23 23:00:00+01:00,0,0,0,0,0,0,0,0,0,0,0,0,0,0,0,0,0,0,0,0,0,0,0,0,0,0,0,0,0,0,0,0,0,0,0,0,0,0,0,0,13.2,13.2,13.2,13.2,13.2,13.2,0,0,0,0,0,0,0,0,9.3,0,0,0,0,0,0,0,0.0001,0,0,0,0,0,0,0,9.3,9.3,9.3,0,0,0,0,9.3,9.3,9.3,9.3,9.3,9.3,0,0,0,0,0,0,0,0,0,0,0,0,0,0,0,0,0,0,0,0,0,0,0,0,0,0,0,0,0,0,0,0,0,0,0,0,0,0,0,0,0,0,0,0,0,0,0,0,0,0,0,0,0,0,0,0,0,0,0,0,0,0,0,0,0,0,25.4,25.4,25.4,25.4,0,0,0,0,0
2020,sc01,08-24 00:00:00+01:00,0,0,0,0,0,0,0,0,0,0,0,0,0,0,0,0,0,0,0,0,0,0,0,0,0,0,0,0,0,0,0,0,0,0,0,0,0,0,0,0,13.2,13.2,13.2,13.2,13.2,13.2,0,0,0,0,0,0,0,0,9.1,0,0,0,0,0,0,0,0.0001,0,0,0,0,0,0,0,9.1,9.1,9.1,0,0,0,0,9.1,9.1,9.1,9.1,9.1,9.1,0,0,0,0,0,0,0,0,0,0,0,0,0,0,0,0,0,0,0,0,0,0,0,0,0,0,0,0,0,0,0,0,0,0,0,0,0,0,0,0,0,0,0,0,0,0,0,0,0,0,0,0,0,0,0,0,0,0,0,0,0,0,0,0,0,0,27.6,27.6,27.6,27.6,0,0,0,0,0
2020,sc01,08-24 01:00:00+01:00,0,0,0,0,0,0,0,0,0,0,0,0,0,0,0,0,0,0,0,0,0,0,0,0,0,0,0,0,0,0,0,0,0,0,0,0,0,0,0,0,13.2,13.2,13.2,13.2,13.2,13.2,0,0,0,0,0,0,0,0,9.3,0,0,0,0,0,0,0,0.0001,0,0,0,0,0,0,0,9.3,9.3,9.3,0,0,0,0,9.3,9.3,9.3,9.3,9.3,9.3,0,0,0,0,0,0,0,0,0,0,0,0,0,0,0,0,0,0,0,0,0,0,0,0,0,0,0,0,0,0,0,0,0,0,0,0,0,0,0,0,0,0,0,0,0,0,0,0,0,0,0,0,0,0,0,0,0,0,0,0,0,0,0,0,0,0,32.8,32.8,32.8,32.8,0,0,0,0,0
2020,sc01,08-24 02:00:00+01:00,0,0,0,0,0,0,0,0,0,0,0,0,0,0,0,0,0,0,0,0,0,0,0,0,0,0,0,0,0,0,0,0,0,0,0,0,0,0,0,0,13.2,13.2,13.2,13.2,13.2,13.2,0,0,0,0,0,0,0,0,9.1,0,0,0,0,0,0,0,0.0001,0,0,0,0,0,0,0,9.1,9.1,9.1,0,0,0,0,9.1,9.1,9.1,9.1,9.1,9.1,0,0,0,0,0,0,0,0,0,0,0,0,0,0,0,0,0,0,0,0,0,0,0,0,0,0,0,0,0,0,0,0,0,0,0,0,0,0,0,0,0,0,0,0,0,0,0,0,0,0,0,0,0,0,0,0,0,0,0,0,0,0,0,0,0,0,23.0,23.0,23.0,23.0,0,0,0,0,0
2020,sc01,08-24 03:00:00+01:00,0,0,0,0,0,0,0,0,0,0,0,0,0,0,0,0,0,0,0,0,0,0,0,0,0,0,0,0,0,0,0,0,0,0,0,0,0,0,0,0,13.2,13.2,13.2,13.2,13.2,13.2,0,0,0,0,0,0,0,0,9.3,0,0,0,0,0,0,0,0.0001,0,0,0,0,0,0,0,9.3,9.3,9.3,0,0,0,0,9.3,9.3,9.3,9.3,9.3,9.3,0,0,0,0,0,0,0,0,0,0,0,0,0,0,0,0,0,0,0,0,0,0,0,0,0,0,0,0,0,0,0,0,0,0,0,0,0,0,0,0,0,0,0,0,0,0,0,0,0,0,0,0,0,0,0,0,0,0,0,0,0,0,0,0,0,0,24.4,24.4,24.4,24.4,0,0,0,0,0
2020,sc01,08-24 04:00:00+01:00,0,0,0,0,0,0,0,0,0,0,0,0,0,0,0,0,0,0,0,0,0,0,0,0,0,0,0,0,0,0,0,0,0,0,0,0,0,0,0,0,13.2,13.2,13.2,13.2,13.2,13.2,0,0,0,0,0,0,0,0,9.1,0,0,0,0,0,0,0,0.0001,0,0,0,0,0,0,0,9.1,9.1,9.1,0,0,0,0,9.1,9.1,9.1,9.1,9.1,9.1,0,0,0,0,0,0,0,0,0,0,0,0,0,0,0,0,0,0,0,0,0,0,0,0,0,0,0,0,0,0,0,0,0,0,0,0,0,0,0,0,0,0,0,0,0,0,0,0,0,0,0,0,0,0,0,0,0,0,0,0,0,0,0,0,0,0,35.4,35.4,35.4,35.4,0,0,0,0,0
2020,sc01,08-24 05:00:00+01:00,0,0,0,0,0,0,0,0,0,0,0,0,0,0,0,0,0,0,0,0,0,0,0,0,0,0,0,0,0,0,0,0,0,0,0,0,0,0,0,0,13.2,13.2,13.2,13.2,13.2,13.2,0,0,0,0,0,0,0,0,9.3,0,0,0,0,0,0,0,0.0001,0,0,0,0,0,0,0,9.3,9.3,9.3,0,0,0,0,9.3,9.3,9.3,9.3,9.3,9.3,0,0,0,0,0,0,0,0,0,0,0,0,0,0,0,0,0,0,0,0,0,0,0,0,0,0,0,0,0,0,0,0,0,0,0,0,0,0,0,0,0,0,0,0,0,0,0,0,0,0,0,0,0,0,0,0,0,0,0,0,0,0,0,0,0,0,21.8,21.8,21.8,21.8,0,0,0,0,0
2020,sc01,08-24 06:00:00+01:00,0,0,0,0,0,0,0,0,0,0,0,0,0,0,0,0,0,0,0,0,0,0,0,0,0,0,0,0,0,0,0,0,0,0,0,0,0,0,0,0,12.7,12.7,12.7,12.7,12.7,12.7,0,0,0,0,0,0,0,0,17.5,0,0,0,0,0,0,0,92.6,0,0,0,0,0,0,0,17.5,17.5,17.5,0,0,0,0,17.5,17.5,17.5,17.5,17.5,17.5,0,0,0,0,0,0,0,0,0,0,0,0,0,0,0,0,0,0,0,0,0,0,0,0,0,0,0,0,0,0,0,0,0,0,0,0,0,0,0,0,0,0,0,0,0,0,0,0,0,0,0,0,0,0,0,0,0,0,0,0,0,0,0,0,0,0,10.3,10.3,10.3,10.3,0,0,0,0,0
2020,sc01,08-24 07:00:00+01:00,0,0,0,0,0,0,0,0,0,0,0,0,0,0,0,0,0,0,0,0,0,0,0,0,0,0,0,0,0,0,0,0,0,0,0,0,0,0,0,0,24.5,24.5,24.5,24.5,24.5,24.5,0,0,0,0,0,0,0,0,25.7,0,0,0,0,0,0,0,270.9,0,0,0,0,0,0,0,25.7,25.7,25.7,0,0,0,0,25.7,25.7,25.7,25.7,25.7,25.7,0,0,0,0,0,0,0,0,0,0,0,0,0,0,0,0,0,0,0,0,0,0,0,0,0,0,0,0,0,0,0,0,0,0,0,0,0,0,0,0,0,0,0,0,0,0,0,0,0,0,0,0,0,0,0,0,0,0,0,0,0,0,0,0,0,0,23.4,23.4,23.4,23.4,0,0,0,0,0
2020,sc01,08-24 08:00:00+01:00,0,0,0,0,0,0,0,0,0,0,0,0,0,0,0,0,0,0,0,0,0,0,0,0,0,0,0,0,0,0,0,0,0,0,0,0,0,0,0,0,36.3,36.3,36.3,36.3,36.3,36.3,0,0,0,0,0,0,0,0,29.8,0,0,0,0,0,0,0,315.2,0,0,0,0,0,0,0,29.8,29.8,29.8,0,0,0,0,29.8,29.8,29.8,29.8,29.8,29.8,0,0,0,0,0,0,0,0,0,0,0,0,0,0,0,0,0,0,0,0,0,0,0,0,0,0,0,0,0,0,0,0,0,0,0,0,0,0,0,0,0,0,0,0,0,0,0,0,0,0,0,0,0,0,0,0,0,0,0,0,0,0,0,0,0,0,26.2,26.2,26.2,26.2,0,0,0,0,0
2020,sc01,08-24 09:00:00+01:00,0,0,0,0,0,0,0,0,0,0,0,0,0,0,0,0,0,0,0,0,0,0,0,0,0,0,0,0,0,0,0,0,0,0,0,0,0,0,0,0,38.7,38.7,38.7,38.7,38.7,38.7,0,0,0,0,0,0,0,0,37.0,0,0,0,0,0,0,0,340.3,0,0,0,0,0,0,0,37.0,37.0,37.0,0,0,0,0,37.0,37.0,37.0,37.0,37.0,37.0,0,0,0,0,0,0,0,0,0,0,0,0,0,0,0,0,0,0,0,0,0,0,0,0,0,0,0,0,0,0,0,0,0,0,0,0,0,0,0,0,0,0,0,0,0,0,0,0,0,0,0,0,0,0,0,0,0,0,0,0,0,0,0,0,0,0,28.1,28.1,28.1,28.1,0,0,0,0,0
2020,sc01,08-24 10:00:00+01:00,0,0,0,0,0,0,0,0,0,0,0,0,0,0,0,0,0,0,0,0,0,0,0,0,0,0,0,0,0,0,0,0,0,0,0,0,0,0,0,0,39.2,39.2,39.2,39.2,39.2,39.2,0,0,0,0,0,0,0,0,37.6,0,0,0,0,0,0,0,354.4,0,0,0,0,0,0,0,37.6,37.6,37.6,0,0,0,0,37.6,37.6,37.6,37.6,37.6,37.6,0,0,0,0,0,0,0,0,0,0,0,0,0,0,0,0,0,0,0,0,0,0,0,0,0,0,0,0,0,0,0,0,0,0,0,0,0,0,0,0,0,0,0,0,0,0,0,0,0,0,0,0,0,0,0,0,0,0,0,0,0,0,0,0,0,0,27.6,27.6,27.6,27.6,0,0,0,0,0
2020,sc01,08-24 11:00:00+01:00,0,0,0,0,0,0,0,0,0,0,0,0,0,0,0,0,0,0,0,0,0,0,0,0,0,0,0,0,0,0,0,0,0,0,0,0,0,0,0,0,37.7,37.7,37.7,37.7,37.7,37.7,0,0,0,0,0,0,0,0,37.4,0,0,0,0,0,0,0,361.3,0,0,0,0,0,0,0,37.4,37.4,37.4,0,0,0,0,37.4,37.4,37.4,37.4,37.4,37.4,0,0,0,0,0,0,0,0,0,0,0,0,0,0,0,0,0,0,0,0,0,0,0,0,0,0,0,0,0,0,0,0,0,0,0,0,0,0,0,0,0,0,0,0,0,0,0,0,0,0,0,0,0,0,0,0,0,0,0,0,0,0,0,0,0,0,27.1,27.1,27.1,27.1,0,0,0,0,0
2020,sc01,08-24 12:00:00+01:00,0,0,0,0,0,0,0,0,0,0,0,0,0,0,0,0,0,0,0,0,0,0,0,0,0,0,0,0,0,0,0,0,0,0,0,0,0,0,0,0,38.2,38.2,38.2,38.2,38.2,38.2,0,0,0,0,0,0,0,0,37.6,0,0,0,0,0,0,0,358.3,0,0,0,0,0,0,0,37.6,37.6,37.6,0,0,0,0,37.6,37.6,37.6,37.6,37.6,37.6,0,0,0,0,0,0,0,0,0,0,0,0,0,0,0,0,0,0,0,0,0,0,0,0,0,0,0,0,0,0,0,0,0,0,0,0,0,0,0,0,0,0,0,0,0,0,0,0,0,0,0,0,0,0,0,0,0,0,0,0,0,0,0,0,0,0,29.7,29.7,29.7,29.7,0,0,0,0,0
2020,sc01,08-24 13:00:00+01:00,0,0,0,0,0,0,0,0,0,0,0,0,0,0,0,0,0,0,0,0,0,0,0,0,0,0,0,0,0,0,0,0,0,0,0,0,0,0,0,0,37.7,37.7,37.7,37.7,37.7,37.7,0,0,0,0,0,0,0,0,37.4,0,0,0,0,0,0,0,347.5,0,0,0,0,0,0,0,37.4,37.4,37.4,0,0,0,0,37.4,37.4,37.4,37.4,37.4,37.4,0,0,0,0,0,0,0,0,0,0,0,0,0,0,0,0,0,0,0,0,0,0,0,0,0,0,0,0,0,0,0,0,0,0,0,0,0,0,0,0,0,0,0,0,0,0,0,0,0,0,0,0,0,0,0,0,0,0,0,0,0,0,0,0,0,0,28.7,28.7,28.7,28.7,0,0,0,0,0
2020,sc01,08-24 14:00:00+01:00,0,0,0,0,0,0,0,0,0,0,0,0,0,0,0,0,0,0,0,0,0,0,0,0,0,0,0,0,0,0,0,0,0,0,0,0,0,0,0,0,38.2,38.2,38.2,38.2,38.2,38.2,0,0,0,0,0,0,0,0,37.6,0,0,0,0,0,0,0,326.6,0,0,0,0,0,0,0,37.6,37.6,37.6,0,0,0,0,37.6,37.6,37.6,37.6,37.6,37.6,0,0,0,0,0,0,0,0,0,0,0,0,0,0,0,0,0,0,0,0,0,0,0,0,0,0,0,0,0,0,0,0,0,0,0,0,0,0,0,0,0,0,0,0,0,0,0,0,0,0,0,0,0,0,0,0,0,0,0,0,0,0,0,0,0,0,34.9,34.9,34.9,34.9,0,0,0,0,0
2020,sc01,08-24 15:00:00+01:00,0,0,0,0,0,0,0,0,0,0,0,0,0,0,0,0,0,0,0,0,0,0,0,0,0,0,0,0,0,0,0,0,0,0,0,0,0,0,0,0,37.7,37.7,37.7,37.7,37.7,37.7,0,0,0,0,0,0,0,0,37.0,0,0,0,0,0,0,0,0.0001,0,0,0,0,0,0,0,37.0,37.0,37.0,0,0,0,0,37.0,37.0,37.0,37.0,37.0,37.0,0,0,0,0,0,0,0,0,0,0,0,0,0,0,0,0,0,0,0,0,0,0,0,0,0,0,0,0,0,0,0,0,0,0,0,0,0,0,0,0,0,0,0,0,0,0,0,0,0,0,0,0,0,0,0,0,0,0,0,0,0,0,0,0,0,0,24.4,24.4,24.4,24.4,0,0,0,0,0
2020,sc01,08-24 16:00:00+01:00,0,0,0,0,0,0,0,0,0,0,0,0,0,0,0,0,0,0,0,0,0,0,0,0,0,0,0,0,0,0,0,0,0,0,0,0,0,0,0,0,38.2,38.2,38.2,38.2,38.2,38.2,0,0,0,0,0,0,0,0,37.6,0,0,0,0,0,0,0,133.0,0,0,0,0,0,0,0,37.6,37.6,37.6,0,0,0,0,37.6,37.6,37.6,37.6,37.6,37.6,0,0,0,0,0,0,0,0,0,0,0,0,0,0,0,0,0,0,0,0,0,0,0,0,0,0,0,0,0,0,0,0,0,0,0,0,0,0,0,0,0,0,0,0,0,0,0,0,0,0,0,0,0,0,0,0,0,0,0,0,0,0,0,0,0,0,26.8,26.8,26.8,26.8,0,0,0,0,0
2020,sc01,08-24 17:00:00+01:00,0,0,0,0,0,0,0,0,0,0,0,0,0,0,0,0,0,0,0,0,0,0,0,0,0,0,0,0,0,0,0,0,0,0,0,0,0,0,0,0,37.3,37.3,37.3,37.3,37.3,37.3,0,0,0,0,0,0,0,0,37.0,0,0,0,0,0,0,0,0.0001,0,0,0,0,0,0,0,37.0,37.0,37.0,0,0,0,0,37.0,37.0,37.0,37.0,37.0,37.0,0,0,0,0,0,0,0,0,0,0,0,0,0,0,0,0,0,0,0,0,0,0,0,0,0,0,0,0,0,0,0,0,0,0,0,0,0,0,0,0,0,0,0,0,0,0,0,0,0,0,0,0,0,0,0,0,0,0,0,0,0,0,0,0,0,0,24.1,24.1,24.1,24.1,0,0,0,0,0
2020,sc01,08-24 18:00:00+01:00,0,0,0,0,0,0,0,0,0,0,0,0,0,0,0,0,0,0,0,0,0,0,0,0,0,0,0,0,0,0,0,0,0,0,0,0,0,0,0,0,37.7,37.7,37.7,37.7,37.7,37.7,0,0,0,0,0,0,0,0,28.2,0,0,0,0,0,0,0,0.0001,0,0,0,0,0,0,0,28.2,28.2,28.2,0,0,0,0,28.2,28.2,28.2,28.2,28.2,28.2,0,0,0,0,0,0,0,0,0,0,0,0,0,0,0,0,0,0,0,0,0,0,0,0,0,0,0,0,0,0,0,0,0,0,0,0,0,0,0,0,0,0,0,0,0,0,0,0,0,0,0,0,0,0,0,0,0,0,0,0,0,0,0,0,0,0,32.3,32.3,32.3,32.3,0,0,0,0,0
2020,sc01,08-24 19:00:00+01:00,0,0,0,0,0,0,0,0,0,0,0,0,0,0,0,0,0,0,0,0,0,0,0,0,0,0,0,0,0,0,0,0,0,0,0,0,0,0,0,0,37.7,37.7,37.7,37.7,37.7,37.7,0,0,0,0,0,0,0,0,27.8,0,0,0,0,0,0,0,0.0001,0,0,0,0,0,0,0,27.8,27.8,27.8,0,0,0,0,27.8,27.8,27.8,27.8,27.8,27.8,0,0,0,0,0,0,0,0,0,0,0,0,0,0,0,0,0,0,0,0,0,0,0,0,0,0,0,0,0,0,0,0,0,0,0,0,0,0,0,0,0,0,0,0,0,0,0,0,0,0,0,0,0,0,0,0,0,0,0,0,0,0,0,0,0,0,43.5,43.5,43.5,43.5,0,0,0,0,0
2020,sc01,08-24 20:00:00+01:00,0,0,0,0,0,0,0,0,0,0,0,0,0,0,0,0,0,0,0,0,0,0,0,0,0,0,0,0,0,0,0,0,0,0,0,0,0,0,0,0,38.2,38.2,38.2,38.2,38.2,38.2,0,0,0,0,0,0,0,0,27.6,0,0,0,0,0,0,0,0.0001,0,0,0,0,0,0,0,27.6,27.6,27.6,0,0,0,0,27.6,27.6,27.6,27.6,27.6,27.6,0,0,0,0,0,0,0,0,0,0,0,0,0,0,0,0,0,0,0,0,0,0,0,0,0,0,0,0,0,0,0,0,0,0,0,0,0,0,0,0,0,0,0,0,0,0,0,0,0,0,0,0,0,0,0,0,0,0,0,0,0,0,0,0,0,0,38.2,38.2,38.2,38.2,0,0,0,0,0
2020,sc01,08-24 21:00:00+01:00,0,0,0,0,0,0,0,0,0,0,0,0,0,0,0,0,0,0,0,0,0,0,0,0,0,0,0,0,0,0,0,0,0,0,0,0,0,0,0,0,37.7,37.7,37.7,37.7,37.7,37.7,0,0,0,0,0,0,0,0,18.9,0,0,0,0,0,0,0,0.0001,0,0,0,0,0,0,0,18.9,18.9,18.9,0,0,0,0,18.9,18.9,18.9,18.9,18.9,18.9,0,0,0,0,0,0,0,0,0,0,0,0,0,0,0,0,0,0,0,0,0,0,0,0,0,0,0,0,0,0,0,0,0,0,0,0,0,0,0,0,0,0,0,0,0,0,0,0,0,0,0,0,0,0,0,0,0,0,0,0,0,0,0,0,0,0,31.4,31.4,31.4,31.4,0,0,0,0,0
2020,sc01,08-24 22:00:00+01:00,0,0,0,0,0,0,0,0,0,0,0,0,0,0,0,0,0,0,0,0,0,0,0,0,0,0,0,0,0,0,0,0,0,0,0,0,0,0,0,0,25.9,25.9,25.9,25.9,25.9,25.9,0,0,0,0,0,0,0,0,9.5,0,0,0,0,0,0,0,0.0001,0,0,0,0,0,0,0,9.5,9.5,9.5,0,0,0,0,9.5,9.5,9.5,9.5,9.5,9.5,0,0,0,0,0,0,0,0,0,0,0,0,0,0,0,0,0,0,0,0,0,0,0,0,0,0,0,0,0,0,0,0,0,0,0,0,0,0,0,0,0,0,0,0,0,0,0,0,0,0,0,0,0,0,0,0,0,0,0,0,0,0,0,0,0,0,30.2,30.2,30.2,30.2,0,0,0,0,0
2020,sc01,08-24 23:00:00+01:00,0,0,0,0,0,0,0,0,0,0,0,0,0,0,0,0,0,0,0,0,0,0,0,0,0,0,0,0,0,0,0,0,0,0,0,0,0,0,0,0,16.5,16.5,16.5,16.5,16.5,16.5,0,0,0,0,0,0,0,0,9.1,0,0,0,0,0,0,0,0.0001,0,0,0,0,0,0,0,9.1,9.1,9.1,0,0,0,0,9.1,9.1,9.1,9.1,9.1,9.1,0,0,0,0,0,0,0,0,0,0,0,0,0,0,0,0,0,0,0,0,0,0,0,0,0,0,0,0,0,0,0,0,0,0,0,0,0,0,0,0,0,0,0,0,0,0,0,0,0,0,0,0,0,0,0,0,0,0,0,0,0,0,0,0,0,0,28.4,28.4,28.4,28.4,0,0,0,0,0
2020,sc01,08-25 00:00:00+01:00,0,0,0,0,0,0,0,0,0,0,0,0,0,0,0,0,0,0,0,0,0,0,0,0,0,0,0,0,0,0,0,0,0,0,0,0,0,0,0,0,13.2,13.2,13.2,13.2,13.2,13.2,0,0,0,0,0,0,0,0,9.1,0,0,0,0,0,0,0,0.0001,0,0,0,0,0,0,0,9.1,9.1,9.1,0,0,0,0,9.1,9.1,9.1,9.1,9.1,9.1,0,0,0,0,0,0,0,0,0,0,0,0,0,0,0,0,0,0,0,0,0,0,0,0,0,0,0,0,0,0,0,0,0,0,0,0,0,0,0,0,0,0,0,0,0,0,0,0,0,0,0,0,0,0,0,0,0,0,0,0,0,0,0,0,0,0,33.7,33.7,33.7,33.7,0,0,0,0,0
2020,sc01,08-25 01:00:00+01:00,0,0,0,0,0,0,0,0,0,0,0,0,0,0,0,0,0,0,0,0,0,0,0,0,0,0,0,0,0,0,0,0,0,0,0,0,0,0,0,0,12.7,12.7,12.7,12.7,12.7,12.7,0,0,0,0,0,0,0,0,9.0,0,0,0,0,0,0,0,0.0001,0,0,0,0,0,0,0,9.0,9.0,9.0,0,0,0,0,9.0,9.0,9.0,9.0,9.0,9.0,0,0,0,0,0,0,0,0,0,0,0,0,0,0,0,0,0,0,0,0,0,0,0,0,0,0,0,0,0,0,0,0,0,0,0,0,0,0,0,0,0,0,0,0,0,0,0,0,0,0,0,0,0,0,0,0,0,0,0,0,0,0,0,0,0,0,31.5,31.5,31.5,31.5,0,0,0,0,0
2020,sc01,08-25 02:00:00+01:00,0,0,0,0,0,0,0,0,0,0,0,0,0,0,0,0,0,0,0,0,0,0,0,0,0,0,0,0,0,0,0,0,0,0,0,0,0,0,0,0,12.7,12.7,12.7,12.7,12.7,12.7,0,0,0,0,0,0,0,0,9.3,0,0,0,0,0,0,0,0.0001,0,0,0,0,0,0,0,9.3,9.3,9.3,0,0,0,0,9.3,9.3,9.3,9.3,9.3,9.3,0,0,0,0,0,0,0,0,0,0,0,0,0,0,0,0,0,0,0,0,0,0,0,0,0,0,0,0,0,0,0,0,0,0,0,0,0,0,0,0,0,0,0,0,0,0,0,0,0,0,0,0,0,0,0,0,0,0,0,0,0,0,0,0,0,0,27.7,27.7,27.7,27.7,0,0,0,0,0
2020,sc01,08-25 03:00:00+01:00,0,0,0,0,0,0,0,0,0,0,0,0,0,0,0,0,0,0,0,0,0,0,0,0,0,0,0,0,0,0,0,0,0,0,0,0,0,0,0,0,12.7,12.7,12.7,12.7,12.7,12.7,0,0,0,0,0,0,0,0,9.0,0,0,0,0,0,0,0,0.0001,0,0,0,0,0,0,0,9.0,9.0,9.0,0,0,0,0,9.0,9.0,9.0,9.0,9.0,9.0,0,0,0,0,0,0,0,0,0,0,0,0,0,0,0,0,0,0,0,0,0,0,0,0,0,0,0,0,0,0,0,0,0,0,0,0,0,0,0,0,0,0,0,0,0,0,0,0,0,0,0,0,0,0,0,0,0,0,0,0,0,0,0,0,0,0,30.1,30.1,30.1,30.1,0,0,0,0,0
2020,sc01,08-25 04:00:00+01:00,0,0,0,0,0,0,0,0,0,0,0,0,0,0,0,0,0,0,0,0,0,0,0,0,0,0,0,0,0,0,0,0,0,0,0,0,0,0,0,0,12.7,12.7,12.7,12.7,12.7,12.7,0,0,0,0,0,0,0,0,9.1,0,0,0,0,0,0,0,0.0001,0,0,0,0,0,0,0,9.1,9.1,9.1,0,0,0,0,9.1,9.1,9.1,9.1,9.1,9.1,0,0,0,0,0,0,0,0,0,0,0,0,0,0,0,0,0,0,0,0,0,0,0,0,0,0,0,0,0,0,0,0,0,0,0,0,0,0,0,0,0,0,0,0,0,0,0,0,0,0,0,0,0,0,0,0,0,0,0,0,0,0,0,0,0,0,39.6,39.6,39.6,39.6,0,0,0,0,0
2020,sc01,08-25 05:00:00+01:00,0,0,0,0,0,0,0,0,0,0,0,0,0,0,0,0,0,0,0,0,0,0,0,0,0,0,0,0,0,0,0,0,0,0,0,0,0,0,0,0,24.5,24.5,24.5,24.5,24.5,24.5,0,0,0,0,0,0,0,0,9.9,0,0,0,0,0,0,0,0.0001,0,0,0,0,0,0,0,9.9,9.9,9.9,0,0,0,0,9.9,9.9,9.9,9.9,9.9,9.9,0,0,0,0,0,0,0,0,0,0,0,0,0,0,0,0,0,0,0,0,0,0,0,0,0,0,0,0,0,0,0,0,0,0,0,0,0,0,0,0,0,0,0,0,0,0,0,0,0,0,0,0,0,0,0,0,0,0,0,0,0,0,0,0,0,0,41.3,41.3,41.3,41.3,0,0,0,0,0
2020,sc01,08-25 06:00:00+01:00,0,0,0,0,0,0,0,0,0,0,0,0,0,0,0,0,0,0,0,0,0,0,0,0,0,0,0,0,0,0,0,0,0,0,0,0,0,0,0,0,25.5,25.5,25.5,25.5,25.5,25.5,0,0,0,0,0,0,0,0,18.5,0,0,0,0,0,0,0,97.7,0,0,0,0,0,0,0,18.5,18.5,18.5,0,0,0,0,18.5,18.5,18.5,18.5,18.5,18.5,0,0,0,0,0,0,0,0,0,0,0,0,0,0,0,0,0,0,0,0,0,0,0,0,0,0,0,0,0,0,0,0,0,0,0,0,0,0,0,0,0,0,0,0,0,0,0,0,0,0,0,0,0,0,0,0,0,0,0,0,0,0,0,0,0,0,36.0,36.0,36.0,36.0,0,0,0,0,0
2020,sc01,08-25 07:00:00+01:00,0,0,0,0,0,0,0,0,0,0,0,0,0,0,0,0,0,0,0,0,0,0,0,0,0,0,0,0,0,0,0,0,0,0,0,0,0,0,0,0,36.8,36.8,36.8,36.8,36.8,36.8,0,0,0,0,0,0,0,0,27.8,0,0,0,0,0,0,0,277.6,0,0,0,0,0,0,0,27.8,27.8,27.8,0,0,0,0,27.8,27.8,27.8,27.8,27.8,27.8,0,0,0,0,0,0,0,0,0,0,0,0,0,0,0,0,0,0,0,0,0,0,0,0,0,0,0,0,0,0,0,0,0,0,0,0,0,0,0,0,0,0,0,0,0,0,0,0,0,0,0,0,0,0,0,0,0,0,0,0,0,0,0,0,0,0,31.9,31.9,31.9,31.9,0,0,0,0,0
2020,sc01,08-25 08:00:00+01:00,0,0,0,0,0,0,0,0,0,0,0,0,0,0,0,0,0,0,0,0,0,0,0,0,0,0,0,0,0,0,0,0,0,0,0,0,0,0,0,0,38.2,38.2,38.2,38.2,38.2,38.2,0,0,0,0,0,0,0,0,28.0,0,0,0,0,0,0,0,322.8,0,0,0,0,0,0,0,28.0,28.0,28.0,0,0,0,0,28.0,28.0,28.0,28.0,28.0,28.0,0,0,0,0,0,0,0,0,0,0,0,0,0,0,0,0,0,0,0,0,0,0,0,0,0,0,0,0,0,0,0,0,0,0,0,0,0,0,0,0,0,0,0,0,0,0,0,0,0,0,0,0,0,0,0,0,0,0,0,0,0,0,0,0,0,0,17.8,17.8,17.8,17.8,0,0,0,0,0
2020,sc01,08-25 09:00:00+01:00,0,0,0,0,0,0,0,0,0,0,0,0,0,0,0,0,0,0,0,0,0,0,0,0,0,0,0,0,0,0,0,0,0,0,0,0,0,0,0,0,38.7,38.7,38.7,38.7,38.7,38.7,0,0,0,0,0,0,0,0,36.4,0,0,0,0,0,0,0,348.4,0,0,0,0,0,0,0,36.4,36.4,36.4,0,0,0,0,36.4,36.4,36.4,36.4,36.4,36.4,0,0,0,0,0,0,0,0,0,0,0,0,0,0,0,0,0,0,0,0,0,0,0,0,0,0,0,0,0,0,0,0,0,0,0,0,0,0,0,0,0,0,0,0,0,0,0,0,0,0,0,0,0,0,0,0,0,0,0,0,0,0,0,0,0,0,16.0,16.0,16.0,16.0,0,0,0,0,0
2020,sc01,08-25 10:00:00+01:00,0,0,0,0,0,0,0,0,0,0,0,0,0,0,0,0,0,0,0,0,0,0,0,0,0,0,0,0,0,0,0,0,0,0,0,0,0,0,0,0,38.2,38.2,38.2,38.2,38.2,38.2,0,0,0,0,0,0,0,0,37.2,0,0,0,0,0,0,0,362.6,0,0,0,0,0,0,0,37.2,37.2,37.2,0,0,0,0,37.2,37.2,37.2,37.2,37.2,37.2,0,0,0,0,0,0,0,0,0,0,0,0,0,0,0,0,0,0,0,0,0,0,0,0,0,0,0,0,0,0,0,0,0,0,0,0,0,0,0,0,0,0,0,0,0,0,0,0,0,0,0,0,0,0,0,0,0,0,0,0,0,0,0,0,0,0,10.9,10.9,10.9,10.9,0,0,0,0,0
2020,sc01,08-25 11:00:00+01:00,0,0,0,0,0,0,0,0,0,0,0,0,0,0,0,0,0,0,0,0,0,0,0,0,0,0,0,0,0,0,0,0,0,0,0,0,0,0,0,0,38.2,38.2,38.2,38.2,38.2,38.2,0,0,0,0,0,0,0,0,37.4,0,0,0,0,0,0,0,369.0,0,0,0,0,0,0,0,37.4,37.4,37.4,0,0,0,0,37.4,37.4,37.4,37.4,37.4,37.4,0,0,0,0,0,0,0,0,0,0,0,0,0,0,0,0,0,0,0,0,0,0,0,0,0,0,0,0,0,0,0,0,0,0,0,0,0,0,0,0,0,0,0,0,0,0,0,0,0,0,0,0,0,0,0,0,0,0,0,0,0,0,0,0,0,0,22.8,22.8,22.8,22.8,0,0,0,0,0
2020,sc01,08-25 12:00:00+01:00,0,0,0,0,0,0,0,0,0,0,0,0,0,0,0,0,0,0,0,0,0,0,0,0,0,0,0,0,0,0,0,0,0,0,0,0,0,0,0,0,37.7,37.7,37.7,37.7,37.7,37.7,0,0,0,0,0,0,0,0,37.4,0,0,0,0,0,0,0,365.4,0,0,0,0,0,0,0,37.4,37.4,37.4,0,0,0,0,37.4,37.4,37.4,37.4,37.4,37.4,0,0,0,0,0,0,0,0,0,0,0,0,0,0,0,0,0,0,0,0,0,0,0,0,0,0,0,0,0,0,0,0,0,0,0,0,0,0,0,0,0,0,0,0,0,0,0,0,0,0,0,0,0,0,0,0,0,0,0,0,0,0,0,0,0,0,26.0,26.0,26.0,26.0,0,0,0,0,0
2020,sc01,08-25 13:00:00+01:00,0,0,0,0,0,0,0,0,0,0,0,0,0,0,0,0,0,0,0,0,0,0,0,0,0,0,0,0,0,0,0,0,0,0,0,0,0,0,0,0,38.2,38.2,38.2,38.2,38.2,38.2,0,0,0,0,0,0,0,0,37.2,0,0,0,0,0,0,0,354.1,0,0,0,0,0,0,0,37.2,37.2,37.2,0,0,0,0,37.2,37.2,37.2,37.2,37.2,37.2,0,0,0,0,0,0,0,0,0,0,0,0,0,0,0,0,0,0,0,0,0,0,0,0,0,0,0,0,0,0,0,0,0,0,0,0,0,0,0,0,0,0,0,0,0,0,0,0,0,0,0,0,0,0,0,0,0,0,0,0,0,0,0,0,0,0,23.5,23.5,23.5,23.5,0,0,0,0,0
2020,sc01,08-25 14:00:00+01:00,0,0,0,0,0,0,0,0,0,0,0,0,0,0,0,0,0,0,0,0,0,0,0,0,0,0,0,0,0,0,0,0,0,0,0,0,0,0,0,0,38.2,38.2,38.2,38.2,38.2,38.2,0,0,0,0,0,0,0,0,37.4,0,0,0,0,0,0,0,333.1,0,0,0,0,0,0,0,37.4,37.4,37.4,0,0,0,0,37.4,37.4,37.4,37.4,37.4,37.4,0,0,0,0,0,0,0,0,0,0,0,0,0,0,0,0,0,0,0,0,0,0,0,0,0,0,0,0,0,0,0,0,0,0,0,0,0,0,0,0,0,0,0,0,0,0,0,0,0,0,0,0,0,0,0,0,0,0,0,0,0,0,0,0,0,0,20.5,20.5,20.5,20.5,0,0,0,0,0
2020,sc01,08-25 15:00:00+01:00,0,0,0,0,0,0,0,0,0,0,0,0,0,0,0,0,0,0,0,0,0,0,0,0,0,0,0,0,0,0,0,0,0,0,0,0,0,0,0,0,37.3,37.3,37.3,37.3,37.3,37.3,0,0,0,0,0,0,0,0,36.6,0,0,0,0,0,0,0,296.6,0,0,0,0,0,0,0,36.6,36.6,36.6,0,0,0,0,36.6,36.6,36.6,36.6,36.6,36.6,0,0,0,0,0,0,0,0,0,0,0,0,0,0,0,0,0,0,0,0,0,0,0,0,0,0,0,0,0,0,0,0,0,0,0,0,0,0,0,0,0,0,0,0,0,0,0,0,0,0,0,0,0,0,0,0,0,0,0,0,0,0,0,0,0,0,35.1,35.1,35.1,35.1,0,0,0,0,0
2020,sc01,08-25 16:00:00+01:00,0,0,0,0,0,0,0,0,0,0,0,0,0,0,0,0,0,0,0,0,0,0,0,0,0,0,0,0,0,0,0,0,0,0,0,0,0,0,0,0,38.2,38.2,38.2,38.2,38.2,38.2,0,0,0,0,0,0,0,0,36.8,0,0,0,0,0,0,0,226.8,0,0,0,0,0,0,0,36.8,36.8,36.8,0,0,0,0,36.8,36.8,36.8,36.8,36.8,36.8,0,0,0,0,0,0,0,0,0,0,0,0,0,0,0,0,0,0,0,0,0,0,0,0,0,0,0,0,0,0,0,0,0,0,0,0,0,0,0,0,0,0,0,0,0,0,0,0,0,0,0,0,0,0,0,0,0,0,0,0,0,0,0,0,0,0,32.7,32.7,32.7,32.7,0,0,0,0,0
2020,sc01,08-25 17:00:00+01:00,0,0,0,0,0,0,0,0,0,0,0,0,0,0,0,0,0,0,0,0,0,0,0,0,0,0,0,0,0,0,0,0,0,0,0,0,0,0,0,0,37.7,37.7,37.7,37.7,37.7,37.7,0,0,0,0,0,0,0,0,36.4,0,0,0,0,0,0,0,0.0001,0,0,0,0,0,0,0,36.4,36.4,36.4,0,0,0,0,36.4,36.4,36.4,36.4,36.4,36.4,0,0,0,0,0,0,0,0,0,0,0,0,0,0,0,0,0,0,0,0,0,0,0,0,0,0,0,0,0,0,0,0,0,0,0,0,0,0,0,0,0,0,0,0,0,0,0,0,0,0,0,0,0,0,0,0,0,0,0,0,0,0,0,0,0,0,24.7,24.7,24.7,24.7,0,0,0,0,0
2020,sc01,08-25 18:00:00+01:00,0,0,0,0,0,0,0,0,0,0,0,0,0,0,0,0,0,0,0,0,0,0,0,0,0,0,0,0,0,0,0,0,0,0,0,0,0,0,0,0,37.3,37.3,37.3,37.3,37.3,37.3,0,0,0,0,0,0,0,0,28.8,0,0,0,0,0,0,0,0.0001,0,0,0,0,0,0,0,28.8,28.8,28.8,0,0,0,0,28.8,28.8,28.8,28.8,28.8,28.8,0,0,0,0,0,0,0,0,0,0,0,0,0,0,0,0,0,0,0,0,0,0,0,0,0,0,0,0,0,0,0,0,0,0,0,0,0,0,0,0,0,0,0,0,0,0,0,0,0,0,0,0,0,0,0,0,0,0,0,0,0,0,0,0,0,0,23.1,23.1,23.1,23.1,0,0,0,0,0
2020,sc01,08-25 19:00:00+01:00,0,0,0,0,0,0,0,0,0,0,0,0,0,0,0,0,0,0,0,0,0,0,0,0,0,0,0,0,0,0,0,0,0,0,0,0,0,0,0,0,37.3,37.3,37.3,37.3,37.3,37.3,0,0,0,0,0,0,0,0,27.4,0,0,0,0,0,0,0,0.0001,0,0,0,0,0,0,0,27.4,27.4,27.4,0,0,0,0,27.4,27.4,27.4,27.4,27.4,27.4,0,0,0,0,0,0,0,0,0,0,0,0,0,0,0,0,0,0,0,0,0,0,0,0,0,0,0,0,0,0,0,0,0,0,0,0,0,0,0,0,0,0,0,0,0,0,0,0,0,0,0,0,0,0,0,0,0,0,0,0,0,0,0,0,0,0,37.9,37.9,37.9,37.9,0,0,0,0,0
2020,sc01,08-25 20:00:00+01:00,0,0,0,0,0,0,0,0,0,0,0,0,0,0,0,0,0,0,0,0,0,0,0,0,0,0,0,0,0,0,0,0,0,0,0,0,0,0,0,0,37.7,37.7,37.7,37.7,37.7,37.7,0,0,0,0,0,0,0,0,27.4,0,0,0,0,0,0,0,0.0001,0,0,0,0,0,0,0,27.4,27.4,27.4,0,0,0,0,27.4,27.4,27.4,27.4,27.4,27.4,0,0,0,0,0,0,0,0,0,0,0,0,0,0,0,0,0,0,0,0,0,0,0,0,0,0,0,0,0,0,0,0,0,0,0,0,0,0,0,0,0,0,0,0,0,0,0,0,0,0,0,0,0,0,0,0,0,0,0,0,0,0,0,0,0,0,25.0,25.0,25.0,25.0,0,0,0,0,0
2020,sc01,08-25 21:00:00+01:00,0,0,0,0,0,0,0,0,0,0,0,0,0,0,0,0,0,0,0,0,0,0,0,0,0,0,0,0,0,0,0,0,0,0,0,0,0,0,0,0,37.3,37.3,37.3,37.3,37.3,37.3,0,0,0,0,0,0,0,0,19.1,0,0,0,0,0,0,0,0.0001,0,0,0,0,0,0,0,19.1,19.1,19.1,0,0,0,0,19.1,19.1,19.1,19.1,19.1,19.1,0,0,0,0,0,0,0,0,0,0,0,0,0,0,0,0,0,0,0,0,0,0,0,0,0,0,0,0,0,0,0,0,0,0,0,0,0,0,0,0,0,0,0,0,0,0,0,0,0,0,0,0,0,0,0,0,0,0,0,0,0,0,0,0,0,0,15.9,15.9,15.9,15.9,0,0,0,0,0
2020,sc01,08-25 22:00:00+01:00,0,0,0,0,0,0,0,0,0,0,0,0,0,0,0,0,0,0,0,0,0,0,0,0,0,0,0,0,0,0,0,0,0,0,0,0,0,0,0,0,30.7,30.7,30.7,30.7,30.7,30.7,0,0,0,0,0,0,0,0,9.9,0,0,0,0,0,0,0,0.0001,0,0,0,0,0,0,0,9.9,9.9,9.9,0,0,0,0,9.9,9.9,9.9,9.9,9.9,9.9,0,0,0,0,0,0,0,0,0,0,0,0,0,0,0,0,0,0,0,0,0,0,0,0,0,0,0,0,0,0,0,0,0,0,0,0,0,0,0,0,0,0,0,0,0,0,0,0,0,0,0,0,0,0,0,0,0,0,0,0,0,0,0,0,0,0,31.2,31.2,31.2,31.2,0,0,0,0,0
2020,sc01,08-25 23:00:00+01:00,0,0,0,0,0,0,0,0,0,0,0,0,0,0,0,0,0,0,0,0,0,0,0,0,0,0,0,0,0,0,0,0,0,0,0,0,0,0,0,0,11.3,11.3,11.3,11.3,11.3,11.3,0,0,0,0,0,0,0,0,9.3,0,0,0,0,0,0,0,0.0001,0,0,0,0,0,0,0,9.3,9.3,9.3,0,0,0,0,9.3,9.3,9.3,9.3,9.3,9.3,0,0,0,0,0,0,0,0,0,0,0,0,0,0,0,0,0,0,0,0,0,0,0,0,0,0,0,0,0,0,0,0,0,0,0,0,0,0,0,0,0,0,0,0,0,0,0,0,0,0,0,0,0,0,0,0,0,0,0,0,0,0,0,0,0,0,29.6,29.6,29.6,29.6,0,0,0,0,0
2020,sc01,08-26 00:00:00+01:00,0,0,0,0,0,0,0,0,0,0,0,0,0,0,0,0,0,0,0,0,0,0,0,0,0,0,0,0,0,0,0,0,0,0,0,0,0,0,0,0,12.7,12.7,12.7,12.7,12.7,12.7,0,0,0,0,0,0,0,0,9.1,0,0,0,0,0,0,0,0.0001,0,0,0,0,0,0,0,9.1,9.1,9.1,0,0,0,0,9.1,9.1,9.1,9.1,9.1,9.1,0,0,0,0,0,0,0,0,0,0,0,0,0,0,0,0,0,0,0,0,0,0,0,0,0,0,0,0,0,0,0,0,0,0,0,0,0,0,0,0,0,0,0,0,0,0,0,0,0,0,0,0,0,0,0,0,0,0,0,0,0,0,0,0,0,0,28.2,28.2,28.2,28.2,0,0,0,0,0
2020,sc01,08-26 01:00:00+01:00,0,0,0,0,0,0,0,0,0,0,0,0,0,0,0,0,0,0,0,0,0,0,0,0,0,0,0,0,0,0,0,0,0,0,0,0,0,0,0,0,12.7,12.7,12.7,12.7,12.7,12.7,0,0,0,0,0,0,0,0,9.1,0,0,0,0,0,0,0,0.0001,0,0,0,0,0,0,0,9.1,9.1,9.1,0,0,0,0,9.1,9.1,9.1,9.1,9.1,9.1,0,0,0,0,0,0,0,0,0,0,0,0,0,0,0,0,0,0,0,0,0,0,0,0,0,0,0,0,0,0,0,0,0,0,0,0,0,0,0,0,0,0,0,0,0,0,0,0,0,0,0,0,0,0,0,0,0,0,0,0,0,0,0,0,0,0,26.5,26.5,26.5,26.5,0,0,0,0,0
2020,sc01,08-26 02:00:00+01:00,0,0,0,0,0,0,0,0,0,0,0,0,0,0,0,0,0,0,0,0,0,0,0,0,0,0,0,0,0,0,0,0,0,0,0,0,0,0,0,0,12.7,12.7,12.7,12.7,12.7,12.7,0,0,0,0,0,0,0,0,9.3,0,0,0,0,0,0,0,0.0001,0,0,0,0,0,0,0,9.3,9.3,9.3,0,0,0,0,9.3,9.3,9.3,9.3,9.3,9.3,0,0,0,0,0,0,0,0,0,0,0,0,0,0,0,0,0,0,0,0,0,0,0,0,0,0,0,0,0,0,0,0,0,0,0,0,0,0,0,0,0,0,0,0,0,0,0,0,0,0,0,0,0,0,0,0,0,0,0,0,0,0,0,0,0,0,26.9,26.9,26.9,26.9,0,0,0,0,0
2020,sc01,08-26 03:00:00+01:00,0,0,0,0,0,0,0,0,0,0,0,0,0,0,0,0,0,0,0,0,0,0,0,0,0,0,0,0,0,0,0,0,0,0,0,0,0,0,0,0,12.7,12.7,12.7,12.7,12.7,12.7,0,0,0,0,0,0,0,0,9.1,0,0,0,0,0,0,0,0.0001,0,0,0,0,0,0,0,9.1,9.1,9.1,0,0,0,0,9.1,9.1,9.1,9.1,9.1,9.1,0,0,0,0,0,0,0,0,0,0,0,0,0,0,0,0,0,0,0,0,0,0,0,0,0,0,0,0,0,0,0,0,0,0,0,0,0,0,0,0,0,0,0,0,0,0,0,0,0,0,0,0,0,0,0,0,0,0,0,0,0,0,0,0,0,0,17.8,17.8,17.8,17.8,0,0,0,0,0
2020,sc01,08-26 04:00:00+01:00,0,0,0,0,0,0,0,0,0,0,0,0,0,0,0,0,0,0,0,0,0,0,0,0,0,0,0,0,0,0,0,0,0,0,0,0,0,0,0,0,12.7,12.7,12.7,12.7,12.7,12.7,0,0,0,0,0,0,0,0,9.1,0,0,0,0,0,0,0,0.0001,0,0,0,0,0,0,0,9.1,9.1,9.1,0,0,0,0,9.1,9.1,9.1,9.1,9.1,9.1,0,0,0,0,0,0,0,0,0,0,0,0,0,0,0,0,0,0,0,0,0,0,0,0,0,0,0,0,0,0,0,0,0,0,0,0,0,0,0,0,0,0,0,0,0,0,0,0,0,0,0,0,0,0,0,0,0,0,0,0,0,0,0,0,0,0,18.1,18.1,18.1,18.1,0,0,0,0,0
2020,sc01,08-26 05:00:00+01:00,0,0,0,0,0,0,0,0,0,0,0,0,0,0,0,0,0,0,0,0,0,0,0,0,0,0,0,0,0,0,0,0,0,0,0,0,0,0,0,0,25.0,25.0,25.0,25.0,25.0,25.0,0,0,0,0,0,0,0,0,9.1,0,0,0,0,0,0,0,0.0001,0,0,0,0,0,0,0,9.1,9.1,9.1,0,0,0,0,9.1,9.1,9.1,9.1,9.1,9.1,0,0,0,0,0,0,0,0,0,0,0,0,0,0,0,0,0,0,0,0,0,0,0,0,0,0,0,0,0,0,0,0,0,0,0,0,0,0,0,0,0,0,0,0,0,0,0,0,0,0,0,0,0,0,0,0,0,0,0,0,0,0,0,0,0,0,40.6,40.6,40.6,40.6,0,0,0,0,0
2020,sc01,08-26 06:00:00+01:00,0,0,0,0,0,0,0,0,0,0,0,0,0,0,0,0,0,0,0,0,0,0,0,0,0,0,0,0,0,0,0,0,0,0,0,0,0,0,0,0,37.3,37.3,37.3,37.3,37.3,37.3,0,0,0,0,0,0,0,0,18.9,0,0,0,0,0,0,0,96.2,0,0,0,0,0,0,0,18.9,18.9,18.9,0,0,0,0,18.9,18.9,18.9,18.9,18.9,18.9,0,0,0,0,0,0,0,0,0,0,0,0,0,0,0,0,0,0,0,0,0,0,0,0,0,0,0,0,0,0,0,0,0,0,0,0,0,0,0,0,0,0,0,0,0,0,0,0,0,0,0,0,0,0,0,0,0,0,0,0,0,0,0,0,0,0,33.3,33.3,33.3,33.3,0,0,0,0,0
2020,sc01,08-26 07:00:00+01:00,0,0,0,0,0,0,0,0,0,0,0,0,0,0,0,0,0,0,0,0,0,0,0,0,0,0,0,0,0,0,0,0,0,0,0,0,0,0,0,0,38.7,38.7,38.7,38.7,38.7,38.7,0,0,0,0,0,0,0,0,27.8,0,0,0,0,0,0,0,277.6,0,0,0,0,0,0,0,27.8,27.8,27.8,0,0,0,0,27.8,27.8,27.8,27.8,27.8,27.8,0,0,0,0,0,0,0,0,0,0,0,0,0,0,0,0,0,0,0,0,0,0,0,0,0,0,0,0,0,0,0,0,0,0,0,0,0,0,0,0,0,0,0,0,0,0,0,0,0,0,0,0,0,0,0,0,0,0,0,0,0,0,0,0,0,0,37.9,37.9,37.9,37.9,0,0,0,0,0
2020,sc01,08-26 08:00:00+01:00,0,0,0,0,0,0,0,0,0,0,0,0,0,0,0,0,0,0,0,0,0,0,0,0,0,0,0,0,0,0,0,0,0,0,0,0,0,0,0,0,38.7,38.7,38.7,38.7,38.7,38.7,0,0,0,0,0,0,0,0,28.6,0,0,0,0,0,0,0,324.2,0,0,0,0,0,0,0,28.6,28.6,28.6,0,0,0,0,28.6,28.6,28.6,28.6,28.6,28.6,0,0,0,0,0,0,0,0,0,0,0,0,0,0,0,0,0,0,0,0,0,0,0,0,0,0,0,0,0,0,0,0,0,0,0,0,0,0,0,0,0,0,0,0,0,0,0,0,0,0,0,0,0,0,0,0,0,0,0,0,0,0,0,0,0,0,34.5,34.5,34.5,34.5,0,0,0,0,0
2020,sc01,08-26 09:00:00+01:00,0,0,0,0,0,0,0,0,0,0,0,0,0,0,0,0,0,0,0,0,0,0,0,0,0,0,0,0,0,0,0,0,0,0,0,0,0,0,0,0,38.2,38.2,38.2,38.2,38.2,38.2,0,0,0,0,0,0,0,0,37.0,0,0,0,0,0,0,0,350.5,0,0,0,0,0,0,0,37.0,37.0,37.0,0,0,0,0,37.0,37.0,37.0,37.0,37.0,37.0,0,0,0,0,0,0,0,0,0,0,0,0,0,0,0,0,0,0,0,0,0,0,0,0,0,0,0,0,0,0,0,0,0,0,0,0,0,0,0,0,0,0,0,0,0,0,0,0,0,0,0,0,0,0,0,0,0,0,0,0,0,0,0,0,0,0,35.3,35.3,35.3,35.3,0,0,0,0,0
2020,sc01,08-26 10:00:00+01:00,0,0,0,0,0,0,0,0,0,0,0,0,0,0,0,0,0,0,0,0,0,0,0,0,0,0,0,0,0,0,0,0,0,0,0,0,0,0,0,0,37.7,37.7,37.7,37.7,37.7,37.7,0,0,0,0,0,0,0,0,37.4,0,0,0,0,0,0,0,365.5,0,0,0,0,0,0,0,37.4,37.4,37.4,0,0,0,0,37.4,37.4,37.4,37.4,37.4,37.4,0,0,0,0,0,0,0,0,0,0,0,0,0,0,0,0,0,0,0,0,0,0,0,0,0,0,0,0,0,0,0,0,0,0,0,0,0,0,0,0,0,0,0,0,0,0,0,0,0,0,0,0,0,0,0,0,0,0,0,0,0,0,0,0,0,0,30.0,30.0,30.0,30.0,0,0,0,0,0
2020,sc01,08-26 11:00:00+01:00,0,0,0,0,0,0,0,0,0,0,0,0,0,0,0,0,0,0,0,0,0,0,0,0,0,0,0,0,0,0,0,0,0,0,0,0,0,0,0,0,38.7,38.7,38.7,38.7,38.7,38.7,0,0,0,0,0,0,0,0,37.2,0,0,0,0,0,0,0,372.3,0,0,0,0,0,0,0,37.2,37.2,37.2,0,0,0,0,37.2,37.2,37.2,37.2,37.2,37.2,0,0,0,0,0,0,0,0,0,0,0,0,0,0,0,0,0,0,0,0,0,0,0,0,0,0,0,0,0,0,0,0,0,0,0,0,0,0,0,0,0,0,0,0,0,0,0,0,0,0,0,0,0,0,0,0,0,0,0,0,0,0,0,0,0,0,27.5,27.5,27.5,27.5,0,0,0,0,0
2020,sc01,08-26 12:00:00+01:00,0,0,0,0,0,0,0,0,0,0,0,0,0,0,0,0,0,0,0,0,0,0,0,0,0,0,0,0,0,0,0,0,0,0,0,0,0,0,0,0,38.2,38.2,38.2,38.2,38.2,38.2,0,0,0,0,0,0,0,0,37.6,0,0,0,0,0,0,0,369.2,0,0,0,0,0,0,0,37.6,37.6,37.6,0,0,0,0,37.6,37.6,37.6,37.6,37.6,37.6,0,0,0,0,0,0,0,0,0,0,0,0,0,0,0,0,0,0,0,0,0,0,0,0,0,0,0,0,0,0,0,0,0,0,0,0,0,0,0,0,0,0,0,0,0,0,0,0,0,0,0,0,0,0,0,0,0,0,0,0,0,0,0,0,0,0,28.4,28.4,28.4,28.4,0,0,0,0,0
2020,sc01,08-26 13:00:00+01:00,0,0,0,0,0,0,0,0,0,0,0,0,0,0,0,0,0,0,0,0,0,0,0,0,0,0,0,0,0,0,0,0,0,0,0,0,0,0,0,0,38.7,38.7,38.7,38.7,38.7,38.7,0,0,0,0,0,0,0,0,37.4,0,0,0,0,0,0,0,357.5,0,0,0,0,0,0,0,37.4,37.4,37.4,0,0,0,0,37.4,37.4,37.4,37.4,37.4,37.4,0,0,0,0,0,0,0,0,0,0,0,0,0,0,0,0,0,0,0,0,0,0,0,0,0,0,0,0,0,0,0,0,0,0,0,0,0,0,0,0,0,0,0,0,0,0,0,0,0,0,0,0,0,0,0,0,0,0,0,0,0,0,0,0,0,0,29.5,29.5,29.5,29.5,0,0,0,0,0
2020,sc01,08-26 14:00:00+01:00,0,0,0,0,0,0,0,0,0,0,0,0,0,0,0,0,0,0,0,0,0,0,0,0,0,0,0,0,0,0,0,0,0,0,0,0,0,0,0,0,37.7,37.7,37.7,37.7,37.7,37.7,0,0,0,0,0,0,0,0,37.2,0,0,0,0,0,0,0,336.3,0,0,0,0,0,0,0,37.2,37.2,37.2,0,0,0,0,37.2,37.2,37.2,37.2,37.2,37.2,0,0,0,0,0,0,0,0,0,0,0,0,0,0,0,0,0,0,0,0,0,0,0,0,0,0,0,0,0,0,0,0,0,0,0,0,0,0,0,0,0,0,0,0,0,0,0,0,0,0,0,0,0,0,0,0,0,0,0,0,0,0,0,0,0,0,30.1,30.1,30.1,30.1,0,0,0,0,0
2020,sc01,08-26 15:00:00+01:00,0,0,0,0,0,0,0,0,0,0,0,0,0,0,0,0,0,0,0,0,0,0,0,0,0,0,0,0,0,0,0,0,0,0,0,0,0,0,0,0,38.2,38.2,38.2,38.2,38.2,38.2,0,0,0,0,0,0,0,0,37.4,0,0,0,0,0,0,0,298.6,0,0,0,0,0,0,0,37.4,37.4,37.4,0,0,0,0,37.4,37.4,37.4,37.4,37.4,37.4,0,0,0,0,0,0,0,0,0,0,0,0,0,0,0,0,0,0,0,0,0,0,0,0,0,0,0,0,0,0,0,0,0,0,0,0,0,0,0,0,0,0,0,0,0,0,0,0,0,0,0,0,0,0,0,0,0,0,0,0,0,0,0,0,0,0,30.0,30.0,30.0,30.0,0,0,0,0,0
2020,sc01,08-26 16:00:00+01:00,0,0,0,0,0,0,0,0,0,0,0,0,0,0,0,0,0,0,0,0,0,0,0,0,0,0,0,0,0,0,0,0,0,0,0,0,0,0,0,0,38.7,38.7,38.7,38.7,38.7,38.7,0,0,0,0,0,0,0,0,37.4,0,0,0,0,0,0,0,226.8,0,0,0,0,0,0,0,37.4,37.4,37.4,0,0,0,0,37.4,37.4,37.4,37.4,37.4,37.4,0,0,0,0,0,0,0,0,0,0,0,0,0,0,0,0,0,0,0,0,0,0,0,0,0,0,0,0,0,0,0,0,0,0,0,0,0,0,0,0,0,0,0,0,0,0,0,0,0,0,0,0,0,0,0,0,0,0,0,0,0,0,0,0,0,0,32.0,32.0,32.0,32.0,0,0,0,0,0
2020,sc01,08-26 17:00:00+01:00,0,0,0,0,0,0,0,0,0,0,0,0,0,0,0,0,0,0,0,0,0,0,0,0,0,0,0,0,0,0,0,0,0,0,0,0,0,0,0,0,37.3,37.3,37.3,37.3,37.3,37.3,0,0,0,0,0,0,0,0,37.6,0,0,0,0,0,0,0,0.0001,0,0,0,0,0,0,0,37.6,37.6,37.6,0,0,0,0,37.6,37.6,37.6,37.6,37.6,37.6,0,0,0,0,0,0,0,0,0,0,0,0,0,0,0,0,0,0,0,0,0,0,0,0,0,0,0,0,0,0,0,0,0,0,0,0,0,0,0,0,0,0,0,0,0,0,0,0,0,0,0,0,0,0,0,0,0,0,0,0,0,0,0,0,0,0,30.1,30.1,30.1,30.1,0,0,0,0,0
2020,sc01,08-26 18:00:00+01:00,0,0,0,0,0,0,0,0,0,0,0,0,0,0,0,0,0,0,0,0,0,0,0,0,0,0,0,0,0,0,0,0,0,0,0,0,0,0,0,0,25.5,25.5,25.5,25.5,25.5,25.5,0,0,0,0,0,0,0,0,29.0,0,0,0,0,0,0,0,0.0001,0,0,0,0,0,0,0,29.0,29.0,29.0,0,0,0,0,29.0,29.0,29.0,29.0,29.0,29.0,0,0,0,0,0,0,0,0,0,0,0,0,0,0,0,0,0,0,0,0,0,0,0,0,0,0,0,0,0,0,0,0,0,0,0,0,0,0,0,0,0,0,0,0,0,0,0,0,0,0,0,0,0,0,0,0,0,0,0,0,0,0,0,0,0,0,28.2,28.2,28.2,28.2,0,0,0,0,0
2020,sc01,08-26 19:00:00+01:00,0,0,0,0,0,0,0,0,0,0,0,0,0,0,0,0,0,0,0,0,0,0,0,0,0,0,0,0,0,0,0,0,0,0,0,0,0,0,0,0,25.5,25.5,25.5,25.5,25.5,25.5,0,0,0,0,0,0,0,0,27.0,0,0,0,0,0,0,0,0.0001,0,0,0,0,0,0,0,27.0,27.0,27.0,0,0,0,0,27.0,27.0,27.0,27.0,27.0,27.0,0,0,0,0,0,0,0,0,0,0,0,0,0,0,0,0,0,0,0,0,0,0,0,0,0,0,0,0,0,0,0,0,0,0,0,0,0,0,0,0,0,0,0,0,0,0,0,0,0,0,0,0,0,0,0,0,0,0,0,0,0,0,0,0,0,0,30.5,30.5,30.5,30.5,0,0,0,0,0
2020,sc01,08-26 20:00:00+01:00,0,0,0,0,0,0,0,0,0,0,0,0,0,0,0,0,0,0,0,0,0,0,0,0,0,0,0,0,0,0,0,0,0,0,0,0,0,0,0,0,16.0,16.0,16.0,16.0,16.0,16.0,0,0,0,0,0,0,0,0,18.5,0,0,0,0,0,0,0,0.0001,0,0,0,0,0,0,0,18.5,18.5,18.5,0,0,0,0,18.5,18.5,18.5,18.5,18.5,18.5,0,0,0,0,0,0,0,0,0,0,0,0,0,0,0,0,0,0,0,0,0,0,0,0,0,0,0,0,0,0,0,0,0,0,0,0,0,0,0,0,0,0,0,0,0,0,0,0,0,0,0,0,0,0,0,0,0,0,0,0,0,0,0,0,0,0,22.9,22.9,22.9,22.9,0,0,0,0,0
2020,sc01,08-26 21:00:00+01:00,0,0,0,0,0,0,0,0,0,0,0,0,0,0,0,0,0,0,0,0,0,0,0,0,0,0,0,0,0,0,0,0,0,0,0,0,0,0,0,0,12.7,12.7,12.7,12.7,12.7,12.7,0,0,0,0,0,0,0,0,18.7,0,0,0,0,0,0,0,0.0001,0,0,0,0,0,0,0,18.7,18.7,18.7,0,0,0,0,18.7,18.7,18.7,18.7,18.7,18.7,0,0,0,0,0,0,0,0,0,0,0,0,0,0,0,0,0,0,0,0,0,0,0,0,0,0,0,0,0,0,0,0,0,0,0,0,0,0,0,0,0,0,0,0,0,0,0,0,0,0,0,0,0,0,0,0,0,0,0,0,0,0,0,0,0,0,36.9,36.9,36.9,36.9,0,0,0,0,0
2020,sc01,08-26 22:00:00+01:00,0,0,0,0,0,0,0,0,0,0,0,0,0,0,0,0,0,0,0,0,0,0,0,0,0,0,0,0,0,0,0,0,0,0,0,0,0,0,0,0,12.7,12.7,12.7,12.7,12.7,12.7,0,0,0,0,0,0,0,0,9.3,0,0,0,0,0,0,0,0.0001,0,0,0,0,0,0,0,9.3,9.3,9.3,0,0,0,0,9.3,9.3,9.3,9.3,9.3,9.3,0,0,0,0,0,0,0,0,0,0,0,0,0,0,0,0,0,0,0,0,0,0,0,0,0,0,0,0,0,0,0,0,0,0,0,0,0,0,0,0,0,0,0,0,0,0,0,0,0,0,0,0,0,0,0,0,0,0,0,0,0,0,0,0,0,0,9.6,9.6,9.6,9.6,0,0,0,0,0
2020,sc01,08-26 23:00:00+01:00,0,0,0,0,0,0,0,0,0,0,0,0,0,0,0,0,0,0,0,0,0,0,0,0,0,0,0,0,0,0,0,0,0,0,0,0,0,0,0,0,12.7,12.7,12.7,12.7,12.7,12.7,0,0,0,0,0,0,0,0,9.3,0,0,0,0,0,0,0,0.0001,0,0,0,0,0,0,0,9.3,9.3,9.3,0,0,0,0,9.3,9.3,9.3,9.3,9.3,9.3,0,0,0,0,0,0,0,0,0,0,0,0,0,0,0,0,0,0,0,0,0,0,0,0,0,0,0,0,0,0,0,0,0,0,0,0,0,0,0,0,0,0,0,0,0,0,0,0,0,0,0,0,0,0,0,0,0,0,0,0,0,0,0,0,0,0,17.0,17.0,17.0,17.0,0,0,0,0,0
2020,sc01,08-27 00:00:00+01:00,0,0,0,0,0,0,0,0,0,0,0,0,0,0,0,0,0,0,0,0,0,0,0,0,0,0,0,0,0,0,0,0,0,0,0,0,0,0,0,0,12.7,12.7,12.7,12.7,12.7,12.7,0,0,0,0,0,0,0,0,9.1,0,0,0,0,0,0,0,0.0001,0,0,0,0,0,0,0,9.1,9.1,9.1,0,0,0,0,9.1,9.1,9.1,9.1,9.1,9.1,0,0,0,0,0,0,0,0,0,0,0,0,0,0,0,0,0,0,0,0,0,0,0,0,0,0,0,0,0,0,0,0,0,0,0,0,0,0,0,0,0,0,0,0,0,0,0,0,0,0,0,0,0,0,0,0,0,0,0,0,0,0,0,0,0,0,26.9,26.9,26.9,26.9,0,0,0,0,0
2020,sc01,08-27 01:00:00+01:00,0,0,0,0,0,0,0,0,0,0,0,0,0,0,0,0,0,0,0,0,0,0,0,0,0,0,0,0,0,0,0,0,0,0,0,0,0,0,0,0,12.7,12.7,12.7,12.7,12.7,12.7,0,0,0,0,0,0,0,0,9.3,0,0,0,0,0,0,0,0.0001,0,0,0,0,0,0,0,9.3,9.3,9.3,0,0,0,0,9.3,9.3,9.3,9.3,9.3,9.3,0,0,0,0,0,0,0,0,0,0,0,0,0,0,0,0,0,0,0,0,0,0,0,0,0,0,0,0,0,0,0,0,0,0,0,0,0,0,0,0,0,0,0,0,0,0,0,0,0,0,0,0,0,0,0,0,0,0,0,0,0,0,0,0,0,0,29.9,29.9,29.9,29.9,0,0,0,0,0
2020,sc01,08-27 02:00:00+01:00,0,0,0,0,0,0,0,0,0,0,0,0,0,0,0,0,0,0,0,0,0,0,0,0,0,0,0,0,0,0,0,0,0,0,0,0,0,0,0,0,13.2,13.2,13.2,13.2,13.2,13.2,0,0,0,0,0,0,0,0,9.3,0,0,0,0,0,0,0,0.0001,0,0,0,0,0,0,0,9.3,9.3,9.3,0,0,0,0,9.3,9.3,9.3,9.3,9.3,9.3,0,0,0,0,0,0,0,0,0,0,0,0,0,0,0,0,0,0,0,0,0,0,0,0,0,0,0,0,0,0,0,0,0,0,0,0,0,0,0,0,0,0,0,0,0,0,0,0,0,0,0,0,0,0,0,0,0,0,0,0,0,0,0,0,0,0,29.3,29.3,29.3,29.3,0,0,0,0,0
2020,sc01,08-27 03:00:00+01:00,0,0,0,0,0,0,0,0,0,0,0,0,0,0,0,0,0,0,0,0,0,0,0,0,0,0,0,0,0,0,0,0,0,0,0,0,0,0,0,0,12.7,12.7,12.7,12.7,12.7,12.7,0,0,0,0,0,0,0,0,9.3,0,0,0,0,0,0,0,0.0001,0,0,0,0,0,0,0,9.3,9.3,9.3,0,0,0,0,9.3,9.3,9.3,9.3,9.3,9.3,0,0,0,0,0,0,0,0,0,0,0,0,0,0,0,0,0,0,0,0,0,0,0,0,0,0,0,0,0,0,0,0,0,0,0,0,0,0,0,0,0,0,0,0,0,0,0,0,0,0,0,0,0,0,0,0,0,0,0,0,0,0,0,0,0,0,35.4,35.4,35.4,35.4,0,0,0,0,0
2020,sc01,08-27 04:00:00+01:00,0,0,0,0,0,0,0,0,0,0,0,0,0,0,0,0,0,0,0,0,0,0,0,0,0,0,0,0,0,0,0,0,0,0,0,0,0,0,0,0,12.7,12.7,12.7,12.7,12.7,12.7,0,0,0,0,0,0,0,0,9.1,0,0,0,0,0,0,0,0.0001,0,0,0,0,0,0,0,9.1,9.1,9.1,0,0,0,0,9.1,9.1,9.1,9.1,9.1,9.1,0,0,0,0,0,0,0,0,0,0,0,0,0,0,0,0,0,0,0,0,0,0,0,0,0,0,0,0,0,0,0,0,0,0,0,0,0,0,0,0,0,0,0,0,0,0,0,0,0,0,0,0,0,0,0,0,0,0,0,0,0,0,0,0,0,0,27.2,27.2,27.2,27.2,0,0,0,0,0
2020,sc01,08-27 05:00:00+01:00,0,0,0,0,0,0,0,0,0,0,0,0,0,0,0,0,0,0,0,0,0,0,0,0,0,0,0,0,0,0,0,0,0,0,0,0,0,0,0,0,13.2,13.2,13.2,13.2,13.2,13.2,0,0,0,0,0,0,0,0,9.3,0,0,0,0,0,0,0,0.0001,0,0,0,0,0,0,0,9.3,9.3,9.3,0,0,0,0,9.3,9.3,9.3,9.3,9.3,9.3,0,0,0,0,0,0,0,0,0,0,0,0,0,0,0,0,0,0,0,0,0,0,0,0,0,0,0,0,0,0,0,0,0,0,0,0,0,0,0,0,0,0,0,0,0,0,0,0,0,0,0,0,0,0,0,0,0,0,0,0,0,0,0,0,0,0,32.0,32.0,32.0,32.0,0,0,0,0,0
2020,sc01,08-27 06:00:00+01:00,0,0,0,0,0,0,0,0,0,0,0,0,0,0,0,0,0,0,0,0,0,0,0,0,0,0,0,0,0,0,0,0,0,0,0,0,0,0,0,0,12.7,12.7,12.7,12.7,12.7,12.7,0,0,0,0,0,0,0,0,18.5,0,0,0,0,0,0,0,91.4,0,0,0,0,0,0,0,18.5,18.5,18.5,0,0,0,0,18.5,18.5,18.5,18.5,18.5,18.5,0,0,0,0,0,0,0,0,0,0,0,0,0,0,0,0,0,0,0,0,0,0,0,0,0,0,0,0,0,0,0,0,0,0,0,0,0,0,0,0,0,0,0,0,0,0,0,0,0,0,0,0,0,0,0,0,0,0,0,0,0,0,0,0,0,0,23.0,23.0,23.0,23.0,0,0,0,0,0
2020,sc01,08-27 07:00:00+01:00,0,0,0,0,0,0,0,0,0,0,0,0,0,0,0,0,0,0,0,0,0,0,0,0,0,0,0,0,0,0,0,0,0,0,0,0,0,0,0,0,25.5,25.5,25.5,25.5,25.5,25.5,0,0,0,0,0,0,0,0,26.7,0,0,0,0,0,0,0,272.7,0,0,0,0,0,0,0,26.7,26.7,26.7,0,0,0,0,26.7,26.7,26.7,26.7,26.7,26.7,0,0,0,0,0,0,0,0,0,0,0,0,0,0,0,0,0,0,0,0,0,0,0,0,0,0,0,0,0,0,0,0,0,0,0,0,0,0,0,0,0,0,0,0,0,0,0,0,0,0,0,0,0,0,0,0,0,0,0,0,0,0,0,0,0,0,26.8,26.8,26.8,26.8,0,0,0,0,0
2020,sc01,08-27 08:00:00+01:00,0,0,0,0,0,0,0,0,0,0,0,0,0,0,0,0,0,0,0,0,0,0,0,0,0,0,0,0,0,0,0,0,0,0,0,0,0,0,0,0,26.9,26.9,26.9,26.9,26.9,26.9,0,0,0,0,0,0,0,0,27.4,0,0,0,0,0,0,0,319.0,0,0,0,0,0,0,0,27.4,27.4,27.4,0,0,0,0,27.4,27.4,27.4,27.4,27.4,27.4,0,0,0,0,0,0,0,0,0,0,0,0,0,0,0,0,0,0,0,0,0,0,0,0,0,0,0,0,0,0,0,0,0,0,0,0,0,0,0,0,0,0,0,0,0,0,0,0,0,0,0,0,0,0,0,0,0,0,0,0,0,0,0,0,0,0,31.5,31.5,31.5,31.5,0,0,0,0,0
2020,sc01,08-27 09:00:00+01:00,0,0,0,0,0,0,0,0,0,0,0,0,0,0,0,0,0,0,0,0,0,0,0,0,0,0,0,0,0,0,0,0,0,0,0,0,0,0,0,0,38.2,38.2,38.2,38.2,38.2,38.2,0,0,0,0,0,0,0,0,27.6,0,0,0,0,0,0,0,345.3,0,0,0,0,0,0,0,27.6,27.6,27.6,0,0,0,0,27.6,27.6,27.6,27.6,27.6,27.6,0,0,0,0,0,0,0,0,0,0,0,0,0,0,0,0,0,0,0,0,0,0,0,0,0,0,0,0,0,0,0,0,0,0,0,0,0,0,0,0,0,0,0,0,0,0,0,0,0,0,0,0,0,0,0,0,0,0,0,0,0,0,0,0,0,0,33.9,33.9,33.9,33.9,0,0,0,0,0
2020,sc01,08-27 10:00:00+01:00,0,0,0,0,0,0,0,0,0,0,0,0,0,0,0,0,0,0,0,0,0,0,0,0,0,0,0,0,0,0,0,0,0,0,0,0,0,0,0,0,37.7,37.7,37.7,37.7,37.7,37.7,0,0,0,0,0,0,0,0,36.0,0,0,0,0,0,0,0,360.0,0,0,0,0,0,0,0,36.0,36.0,36.0,0,0,0,0,36.0,36.0,36.0,36.0,36.0,36.0,0,0,0,0,0,0,0,0,0,0,0,0,0,0,0,0,0,0,0,0,0,0,0,0,0,0,0,0,0,0,0,0,0,0,0,0,0,0,0,0,0,0,0,0,0,0,0,0,0,0,0,0,0,0,0,0,0,0,0,0,0,0,0,0,0,0,29.7,29.7,29.7,29.7,0,0,0,0,0
2020,sc01,08-27 11:00:00+01:00,0,0,0,0,0,0,0,0,0,0,0,0,0,0,0,0,0,0,0,0,0,0,0,0,0,0,0,0,0,0,0,0,0,0,0,0,0,0,0,0,38.7,38.7,38.7,38.7,38.7,38.7,0,0,0,0,0,0,0,0,36.8,0,0,0,0,0,0,0,366.3,0,0,0,0,0,0,0,36.8,36.8,36.8,0,0,0,0,36.8,36.8,36.8,36.8,36.8,36.8,0,0,0,0,0,0,0,0,0,0,0,0,0,0,0,0,0,0,0,0,0,0,0,0,0,0,0,0,0,0,0,0,0,0,0,0,0,0,0,0,0,0,0,0,0,0,0,0,0,0,0,0,0,0,0,0,0,0,0,0,0,0,0,0,0,0,29.5,29.5,29.5,29.5,0,0,0,0,0
2020,sc01,08-27 12:00:00+01:00,0,0,0,0,0,0,0,0,0,0,0,0,0,0,0,0,0,0,0,0,0,0,0,0,0,0,0,0,0,0,0,0,0,0,0,0,0,0,0,0,38.2,38.2,38.2,38.2,38.2,38.2,0,0,0,0,0,0,0,0,36.4,0,0,0,0,0,0,0,362.9,0,0,0,0,0,0,0,36.4,36.4,36.4,0,0,0,0,36.4,36.4,36.4,36.4,36.4,36.4,0,0,0,0,0,0,0,0,0,0,0,0,0,0,0,0,0,0,0,0,0,0,0,0,0,0,0,0,0,0,0,0,0,0,0,0,0,0,0,0,0,0,0,0,0,0,0,0,0,0,0,0,0,0,0,0,0,0,0,0,0,0,0,0,0,0,32.3,32.3,32.3,32.3,0,0,0,0,0
2020,sc01,08-27 13:00:00+01:00,0,0,0,0,0,0,0,0,0,0,0,0,0,0,0,0,0,0,0,0,0,0,0,0,0,0,0,0,0,0,0,0,0,0,0,0,0,0,0,0,38.2,38.2,38.2,38.2,38.2,38.2,0,0,0,0,0,0,0,0,36.8,0,0,0,0,0,0,0,351.6,0,0,0,0,0,0,0,36.8,36.8,36.8,0,0,0,0,36.8,36.8,36.8,36.8,36.8,36.8,0,0,0,0,0,0,0,0,0,0,0,0,0,0,0,0,0,0,0,0,0,0,0,0,0,0,0,0,0,0,0,0,0,0,0,0,0,0,0,0,0,0,0,0,0,0,0,0,0,0,0,0,0,0,0,0,0,0,0,0,0,0,0,0,0,0,38.3,38.3,38.3,38.3,0,0,0,0,0
2020,sc01,08-27 14:00:00+01:00,0,0,0,0,0,0,0,0,0,0,0,0,0,0,0,0,0,0,0,0,0,0,0,0,0,0,0,0,0,0,0,0,0,0,0,0,0,0,0,0,37.7,37.7,37.7,37.7,37.7,37.7,0,0,0,0,0,0,0,0,36.8,0,0,0,0,0,0,0,329.7,0,0,0,0,0,0,0,36.8,36.8,36.8,0,0,0,0,36.8,36.8,36.8,36.8,36.8,36.8,0,0,0,0,0,0,0,0,0,0,0,0,0,0,0,0,0,0,0,0,0,0,0,0,0,0,0,0,0,0,0,0,0,0,0,0,0,0,0,0,0,0,0,0,0,0,0,0,0,0,0,0,0,0,0,0,0,0,0,0,0,0,0,0,0,0,33.2,33.2,33.2,33.2,0,0,0,0,0
2020,sc01,08-27 15:00:00+01:00,0,0,0,0,0,0,0,0,0,0,0,0,0,0,0,0,0,0,0,0,0,0,0,0,0,0,0,0,0,0,0,0,0,0,0,0,0,0,0,0,37.7,37.7,37.7,37.7,37.7,37.7,0,0,0,0,0,0,0,0,37.7,0,0,0,0,0,0,0,292.2,0,0,0,0,0,0,0,37.7,37.7,37.7,0,0,0,0,37.7,37.7,37.7,37.7,37.7,37.7,0,0,0,0,0,0,0,0,0,0,0,0,0,0,0,0,0,0,0,0,0,0,0,0,0,0,0,0,0,0,0,0,0,0,0,0,0,0,0,0,0,0,0,0,0,0,0,0,0,0,0,0,0,0,0,0,0,0,0,0,0,0,0,0,0,0,32.7,32.7,32.7,32.7,0,0,0,0,0
2020,sc01,08-27 16:00:00+01:00,0,0,0,0,0,0,0,0,0,0,0,0,0,0,0,0,0,0,0,0,0,0,0,0,0,0,0,0,0,0,0,0,0,0,0,0,0,0,0,0,25.5,25.5,25.5,25.5,25.5,25.5,0,0,0,0,0,0,0,0,37.6,0,0,0,0,0,0,0,220.2,0,0,0,0,0,0,0,37.6,37.6,37.6,0,0,0,0,37.6,37.6,37.6,37.6,37.6,37.6,0,0,0,0,0,0,0,0,0,0,0,0,0,0,0,0,0,0,0,0,0,0,0,0,0,0,0,0,0,0,0,0,0,0,0,0,0,0,0,0,0,0,0,0,0,0,0,0,0,0,0,0,0,0,0,0,0,0,0,0,0,0,0,0,0,0,33.7,33.7,33.7,33.7,0,0,0,0,0
2020,sc01,08-27 17:00:00+01:00,0,0,0,0,0,0,0,0,0,0,0,0,0,0,0,0,0,0,0,0,0,0,0,0,0,0,0,0,0,0,0,0,0,0,0,0,0,0,0,0,25.0,25.0,25.0,25.0,25.0,25.0,0,0,0,0,0,0,0,0,37.6,0,0,0,0,0,0,0,0.0001,0,0,0,0,0,0,0,37.6,37.6,37.6,0,0,0,0,37.6,37.6,37.6,37.6,37.6,37.6,0,0,0,0,0,0,0,0,0,0,0,0,0,0,0,0,0,0,0,0,0,0,0,0,0,0,0,0,0,0,0,0,0,0,0,0,0,0,0,0,0,0,0,0,0,0,0,0,0,0,0,0,0,0,0,0,0,0,0,0,0,0,0,0,0,0,34.4,34.4,34.4,34.4,0,0,0,0,0
2020,sc01,08-27 18:00:00+01:00,0,0,0,0,0,0,0,0,0,0,0,0,0,0,0,0,0,0,0,0,0,0,0,0,0,0,0,0,0,0,0,0,0,0,0,0,0,0,0,0,12.7,12.7,12.7,12.7,12.7,12.7,0,0,0,0,0,0,0,0,31.1,0,0,0,0,0,0,0,0.0001,0,0,0,0,0,0,0,31.1,31.1,31.1,0,0,0,0,31.1,31.1,31.1,31.1,31.1,31.1,0,0,0,0,0,0,0,0,0,0,0,0,0,0,0,0,0,0,0,0,0,0,0,0,0,0,0,0,0,0,0,0,0,0,0,0,0,0,0,0,0,0,0,0,0,0,0,0,0,0,0,0,0,0,0,0,0,0,0,0,0,0,0,0,0,0,34.9,34.9,34.9,34.9,0,0,0,0,0
2020,sc01,08-27 19:00:00+01:00,0,0,0,0,0,0,0,0,0,0,0,0,0,0,0,0,0,0,0,0,0,0,0,0,0,0,0,0,0,0,0,0,0,0,0,0,0,0,0,0,12.3,12.3,12.3,12.3,12.3,12.3,0,0,0,0,0,0,0,0,27.8,0,0,0,0,0,0,0,0.0001,0,0,0,0,0,0,0,27.8,27.8,27.8,0,0,0,0,27.8,27.8,27.8,27.8,27.8,27.8,0,0,0,0,0,0,0,0,0,0,0,0,0,0,0,0,0,0,0,0,0,0,0,0,0,0,0,0,0,0,0,0,0,0,0,0,0,0,0,0,0,0,0,0,0,0,0,0,0,0,0,0,0,0,0,0,0,0,0,0,0,0,0,0,0,0,29.5,29.5,29.5,29.5,0,0,0,0,0
2020,sc01,08-27 20:00:00+01:00,0,0,0,0,0,0,0,0,0,0,0,0,0,0,0,0,0,0,0,0,0,0,0,0,0,0,0,0,0,0,0,0,0,0,0,0,0,0,0,0,12.7,12.7,12.7,12.7,12.7,12.7,0,0,0,0,0,0,0,0,17.7,0,0,0,0,0,0,0,0.0001,0,0,0,0,0,0,0,17.7,17.7,17.7,0,0,0,0,17.7,17.7,17.7,17.7,17.7,17.7,0,0,0,0,0,0,0,0,0,0,0,0,0,0,0,0,0,0,0,0,0,0,0,0,0,0,0,0,0,0,0,0,0,0,0,0,0,0,0,0,0,0,0,0,0,0,0,0,0,0,0,0,0,0,0,0,0,0,0,0,0,0,0,0,0,0,23.3,23.3,23.3,23.3,0,0,0,0,0
2020,sc01,08-27 21:00:00+01:00,0,0,0,0,0,0,0,0,0,0,0,0,0,0,0,0,0,0,0,0,0,0,0,0,0,0,0,0,0,0,0,0,0,0,0,0,0,0,0,0,12.3,12.3,12.3,12.3,12.3,12.3,0,0,0,0,0,0,0,0,16.0,0,0,0,0,0,0,0,0.0001,0,0,0,0,0,0,0,16.0,16.0,16.0,0,0,0,0,16.0,16.0,16.0,16.0,16.0,16.0,0,0,0,0,0,0,0,0,0,0,0,0,0,0,0,0,0,0,0,0,0,0,0,0,0,0,0,0,0,0,0,0,0,0,0,0,0,0,0,0,0,0,0,0,0,0,0,0,0,0,0,0,0,0,0,0,0,0,0,0,0,0,0,0,0,0,22.3,22.3,22.3,22.3,0,0,0,0,0
2020,sc01,08-27 22:00:00+01:00,0,0,0,0,0,0,0,0,0,0,0,0,0,0,0,0,0,0,0,0,0,0,0,0,0,0,0,0,0,0,0,0,0,0,0,0,0,0,0,0,13.7,13.7,13.7,13.7,13.7,13.7,0,0,0,0,0,0,0,0,8.6,0,0,0,0,0,0,0,0.0001,0,0,0,0,0,0,0,8.6,8.6,8.6,0,0,0,0,8.6,8.6,8.6,8.6,8.6,8.6,0,0,0,0,0,0,0,0,0,0,0,0,0,0,0,0,0,0,0,0,0,0,0,0,0,0,0,0,0,0,0,0,0,0,0,0,0,0,0,0,0,0,0,0,0,0,0,0,0,0,0,0,0,0,0,0,0,0,0,0,0,0,0,0,0,0,21.0,21.0,21.0,21.0,0,0,0,0,0
2020,sc01,08-27 23:00:00+01:00,0,0,0,0,0,0,0,0,0,0,0,0,0,0,0,0,0,0,0,0,0,0,0,0,0,0,0,0,0,0,0,0,0,0,0,0,0,0,0,0,10.9,10.9,10.9,10.9,10.9,10.9,0,0,0,0,0,0,0,0,7.6,0,0,0,0,0,0,0,0.0001,0,0,0,0,0,0,0,7.6,7.6,7.6,0,0,0,0,7.6,7.6,7.6,7.6,7.6,7.6,0,0,0,0,0,0,0,0,0,0,0,0,0,0,0,0,0,0,0,0,0,0,0,0,0,0,0,0,0,0,0,0,0,0,0,0,0,0,0,0,0,0,0,0,0,0,0,0,0,0,0,0,0,0,0,0,0,0,0,0,0,0,0,0,0,0,22.6,22.6,22.6,22.6,0,0,0,0,0
2020,sc01,08-28 00:00:00+01:00,0,0,0,0,0,0,0,0,0,0,0,0,0,0,0,0,0,0,0,0,0,0,0,0,0,0,0,0,0,0,0,0,0,0,0,0,0,0,0,0,12.7,12.7,12.7,12.7,12.7,12.7,0,0,0,0,0,0,0,0,7.8,0,0,0,0,0,0,0,0.0001,0,0,0,0,0,0,0,7.8,7.8,7.8,0,0,0,0,7.8,7.8,7.8,7.8,7.8,7.8,0,0,0,0,0,0,0,0,0,0,0,0,0,0,0,0,0,0,0,0,0,0,0,0,0,0,0,0,0,0,0,0,0,0,0,0,0,0,0,0,0,0,0,0,0,0,0,0,0,0,0,0,0,0,0,0,0,0,0,0,0,0,0,0,0,0,17.6,17.6,17.6,17.6,0,0,0,0,0
2020,sc01,08-28 01:00:00+01:00,0,0,0,0,0,0,0,0,0,0,0,0,0,0,0,0,0,0,0,0,0,0,0,0,0,0,0,0,0,0,0,0,0,0,0,0,0,0,0,0,12.7,12.7,12.7,12.7,12.7,12.7,0,0,0,0,0,0,0,0,7.6,0,0,0,0,0,0,0,0.0001,0,0,0,0,0,0,0,7.6,7.6,7.6,0,0,0,0,7.6,7.6,7.6,7.6,7.6,7.6,0,0,0,0,0,0,0,0,0,0,0,0,0,0,0,0,0,0,0,0,0,0,0,0,0,0,0,0,0,0,0,0,0,0,0,0,0,0,0,0,0,0,0,0,0,0,0,0,0,0,0,0,0,0,0,0,0,0,0,0,0,0,0,0,0,0,22.2,22.2,22.2,22.2,0,0,0,0,0
2020,sc01,08-28 02:00:00+01:00,0,0,0,0,0,0,0,0,0,0,0,0,0,0,0,0,0,0,0,0,0,0,0,0,0,0,0,0,0,0,0,0,0,0,0,0,0,0,0,0,12.7,12.7,12.7,12.7,12.7,12.7,0,0,0,0,0,0,0,0,7.8,0,0,0,0,0,0,0,0.0001,0,0,0,0,0,0,0,7.8,7.8,7.8,0,0,0,0,7.8,7.8,7.8,7.8,7.8,7.8,0,0,0,0,0,0,0,0,0,0,0,0,0,0,0,0,0,0,0,0,0,0,0,0,0,0,0,0,0,0,0,0,0,0,0,0,0,0,0,0,0,0,0,0,0,0,0,0,0,0,0,0,0,0,0,0,0,0,0,0,0,0,0,0,0,0,39.6,39.6,39.6,39.6,0,0,0,0,0
2020,sc01,08-28 03:00:00+01:00,0,0,0,0,0,0,0,0,0,0,0,0,0,0,0,0,0,0,0,0,0,0,0,0,0,0,0,0,0,0,0,0,0,0,0,0,0,0,0,0,13.2,13.2,13.2,13.2,13.2,13.2,0,0,0,0,0,0,0,0,8.6,0,0,0,0,0,0,0,0.0001,0,0,0,0,0,0,0,8.6,8.6,8.6,0,0,0,0,8.6,8.6,8.6,8.6,8.6,8.6,0,0,0,0,0,0,0,0,0,0,0,0,0,0,0,0,0,0,0,0,0,0,0,0,0,0,0,0,0,0,0,0,0,0,0,0,0,0,0,0,0,0,0,0,0,0,0,0,0,0,0,0,0,0,0,0,0,0,0,0,0,0,0,0,0,0,42.3,42.3,42.3,42.3,0,0,0,0,0
2020,sc01,08-28 04:00:00+01:00,0,0,0,0,0,0,0,0,0,0,0,0,0,0,0,0,0,0,0,0,0,0,0,0,0,0,0,0,0,0,0,0,0,0,0,0,0,0,0,0,12.7,12.7,12.7,12.7,12.7,12.7,0,0,0,0,0,0,0,0,9.3,0,0,0,0,0,0,0,0.0001,0,0,0,0,0,0,0,9.3,9.3,9.3,0,0,0,0,9.3,9.3,9.3,9.3,9.3,9.3,0,0,0,0,0,0,0,0,0,0,0,0,0,0,0,0,0,0,0,0,0,0,0,0,0,0,0,0,0,0,0,0,0,0,0,0,0,0,0,0,0,0,0,0,0,0,0,0,0,0,0,0,0,0,0,0,0,0,0,0,0,0,0,0,0,0,8.7,8.7,8.7,8.7,0,0,0,0,0
2020,sc01,08-28 05:00:00+01:00,0,0,0,0,0,0,0,0,0,0,0,0,0,0,0,0,0,0,0,0,0,0,0,0,0,0,0,0,0,0,0,0,0,0,0,0,0,0,0,0,13.2,13.2,13.2,13.2,13.2,13.2,0,0,0,0,0,0,0,0,9.3,0,0,0,0,0,0,0,0.0001,0,0,0,0,0,0,0,9.3,9.3,9.3,0,0,0,0,9.3,9.3,9.3,9.3,9.3,9.3,0,0,0,0,0,0,0,0,0,0,0,0,0,0,0,0,0,0,0,0,0,0,0,0,0,0,0,0,0,0,0,0,0,0,0,0,0,0,0,0,0,0,0,0,0,0,0,0,0,0,0,0,0,0,0,0,0,0,0,0,0,0,0,0,0,0,36.0,36.0,36.0,36.0,0,0,0,0,0
2020,sc01,08-28 06:00:00+01:00,0,0,0,0,0,0,0,0,0,0,0,0,0,0,0,0,0,0,0,0,0,0,0,0,0,0,0,0,0,0,0,0,0,0,0,0,0,0,0,0,12.7,12.7,12.7,12.7,12.7,12.7,0,0,0,0,0,0,0,0,17.7,0,0,0,0,0,0,0,93.3,0,0,0,0,0,0,0,17.7,17.7,17.7,0,0,0,0,17.7,17.7,17.7,17.7,17.7,17.7,0,0,0,0,0,0,0,0,0,0,0,0,0,0,0,0,0,0,0,0,0,0,0,0,0,0,0,0,0,0,0,0,0,0,0,0,0,0,0,0,0,0,0,0,0,0,0,0,0,0,0,0,0,0,0,0,0,0,0,0,0,0,0,0,0,0,21.1,21.1,21.1,21.1,0,0,0,0,0
2020,sc01,08-28 07:00:00+01:00,0,0,0,0,0,0,0,0,0,0,0,0,0,0,0,0,0,0,0,0,0,0,0,0,0,0,0,0,0,0,0,0,0,0,0,0,0,0,0,0,14.2,14.2,14.2,14.2,14.2,14.2,0,0,0,0,0,0,0,0,26.9,0,0,0,0,0,0,0,275.9,0,0,0,0,0,0,0,26.9,26.9,26.9,0,0,0,0,26.9,26.9,26.9,26.9,26.9,26.9,0,0,0,0,0,0,0,0,0,0,0,0,0,0,0,0,0,0,0,0,0,0,0,0,0,0,0,0,0,0,0,0,0,0,0,0,0,0,0,0,0,0,0,0,0,0,0,0,0,0,0,0,0,0,0,0,0,0,0,0,0,0,0,0,0,0,11.3,11.3,11.3,11.3,0,0,0,0,0
2020,sc01,08-28 08:00:00+01:00,0,0,0,0,0,0,0,0,0,0,0,0,0,0,0,0,0,0,0,0,0,0,0,0,0,0,0,0,0,0,0,0,0,0,0,0,0,0,0,0,13.2,13.2,13.2,13.2,13.2,13.2,0,0,0,0,0,0,0,0,27.8,0,0,0,0,0,0,0,322.1,0,0,0,0,0,0,0,27.8,27.8,27.8,0,0,0,0,27.8,27.8,27.8,27.8,27.8,27.8,0,0,0,0,0,0,0,0,0,0,0,0,0,0,0,0,0,0,0,0,0,0,0,0,0,0,0,0,0,0,0,0,0,0,0,0,0,0,0,0,0,0,0,0,0,0,0,0,0,0,0,0,0,0,0,0,0,0,0,0,0,0,0,0,0,0,35.5,35.5,35.5,35.5,0,0,0,0,0
2020,sc01,08-28 09:00:00+01:00,0,0,0,0,0,0,0,0,0,0,0,0,0,0,0,0,0,0,0,0,0,0,0,0,0,0,0,0,0,0,0,0,0,0,0,0,0,0,0,0,12.3,12.3,12.3,12.3,12.3,12.3,0,0,0,0,0,0,0,0,28.8,0,0,0,0,0,0,0,347.5,0,0,0,0,0,0,0,28.8,28.8,28.8,0,0,0,0,28.8,28.8,28.8,28.8,28.8,28.8,0,0,0,0,0,0,0,0,0,0,0,0,0,0,0,0,0,0,0,0,0,0,0,0,0,0,0,0,0,0,0,0,0,0,0,0,0,0,0,0,0,0,0,0,0,0,0,0,0,0,0,0,0,0,0,0,0,0,0,0,0,0,0,0,0,0,31.0,31.0,31.0,31.0,0,0,0,0,0
2020,sc01,08-28 10:00:00+01:00,0,0,0,0,0,0,0,0,0,0,0,0,0,0,0,0,0,0,0,0,0,0,0,0,0,0,0,0,0,0,0,0,0,0,0,0,0,0,0,0,13.2,13.2,13.2,13.2,13.2,13.2,0,0,0,0,0,0,0,0,37.6,0,0,0,0,0,0,0,361.0,0,0,0,0,0,0,0,37.6,37.6,37.6,0,0,0,0,37.6,37.6,37.6,37.6,37.6,37.6,0,0,0,0,0,0,0,0,0,0,0,0,0,0,0,0,0,0,0,0,0,0,0,0,0,0,0,0,0,0,0,0,0,0,0,0,0,0,0,0,0,0,0,0,0,0,0,0,0,0,0,0,0,0,0,0,0,0,0,0,0,0,0,0,0,0,23.9,23.9,23.9,23.9,0,0,0,0,0
2020,sc01,08-28 11:00:00+01:00,0,0,0,0,0,0,0,0,0,0,0,0,0,0,0,0,0,0,0,0,0,0,0,0,0,0,0,0,0,0,0,0,0,0,0,0,0,0,0,0,25.5,25.5,25.5,25.5,25.5,25.5,0,0,0,0,0,0,0,0,37.2,0,0,0,0,0,0,0,366.5,0,0,0,0,0,0,0,37.2,37.2,37.2,0,0,0,0,37.2,37.2,37.2,37.2,37.2,37.2,0,0,0,0,0,0,0,0,0,0,0,0,0,0,0,0,0,0,0,0,0,0,0,0,0,0,0,0,0,0,0,0,0,0,0,0,0,0,0,0,0,0,0,0,0,0,0,0,0,0,0,0,0,0,0,0,0,0,0,0,0,0,0,0,0,0,23.3,23.3,23.3,23.3,0,0,0,0,0
2020,sc01,08-28 12:00:00+01:00,0,0,0,0,0,0,0,0,0,0,0,0,0,0,0,0,0,0,0,0,0,0,0,0,0,0,0,0,0,0,0,0,0,0,0,0,0,0,0,0,39.6,39.6,39.6,39.6,39.6,39.6,0,0,0,0,0,0,0,0,37.6,0,0,0,0,0,0,0,361.7,0,0,0,0,0,0,0,37.6,37.6,37.6,0,0,0,0,37.6,37.6,37.6,37.6,37.6,37.6,0,0,0,0,0,0,0,0,0,0,0,0,0,0,0,0,0,0,0,0,0,0,0,0,0,0,0,0,0,0,0,0,0,0,0,0,0,0,0,0,0,0,0,0,0,0,0,0,0,0,0,0,0,0,0,0,0,0,0,0,0,0,0,0,0,0,24.6,24.6,24.6,24.6,0,0,0,0,0
2020,sc01,08-28 13:00:00+01:00,0,0,0,0,0,0,0,0,0,0,0,0,0,0,0,0,0,0,0,0,0,0,0,0,0,0,0,0,0,0,0,0,0,0,0,0,0,0,0,0,38.2,38.2,38.2,38.2,38.2,38.2,0,0,0,0,0,0,0,0,37.4,0,0,0,0,0,0,0,349.3,0,0,0,0,0,0,0,37.4,37.4,37.4,0,0,0,0,37.4,37.4,37.4,37.4,37.4,37.4,0,0,0,0,0,0,0,0,0,0,0,0,0,0,0,0,0,0,0,0,0,0,0,0,0,0,0,0,0,0,0,0,0,0,0,0,0,0,0,0,0,0,0,0,0,0,0,0,0,0,0,0,0,0,0,0,0,0,0,0,0,0,0,0,0,0,30.0,30.0,30.0,30.0,0,0,0,0,0
2020,sc01,08-28 14:00:00+01:00,0,0,0,0,0,0,0,0,0,0,0,0,0,0,0,0,0,0,0,0,0,0,0,0,0,0,0,0,0,0,0,0,0,0,0,0,0,0,0,0,37.3,37.3,37.3,37.3,37.3,37.3,0,0,0,0,0,0,0,0,37.2,0,0,0,0,0,0,0,326.8,0,0,0,0,0,0,0,37.2,37.2,37.2,0,0,0,0,37.2,37.2,37.2,37.2,37.2,37.2,0,0,0,0,0,0,0,0,0,0,0,0,0,0,0,0,0,0,0,0,0,0,0,0,0,0,0,0,0,0,0,0,0,0,0,0,0,0,0,0,0,0,0,0,0,0,0,0,0,0,0,0,0,0,0,0,0,0,0,0,0,0,0,0,0,0,31.5,31.5,31.5,31.5,0,0,0,0,0
2020,sc01,08-28 15:00:00+01:00,0,0,0,0,0,0,0,0,0,0,0,0,0,0,0,0,0,0,0,0,0,0,0,0,0,0,0,0,0,0,0,0,0,0,0,0,0,0,0,0,37.7,37.7,37.7,37.7,37.7,37.7,0,0,0,0,0,0,0,0,37.7,0,0,0,0,0,0,0,287.5,0,0,0,0,0,0,0,37.7,37.7,37.7,0,0,0,0,37.7,37.7,37.7,37.7,37.7,37.7,0,0,0,0,0,0,0,0,0,0,0,0,0,0,0,0,0,0,0,0,0,0,0,0,0,0,0,0,0,0,0,0,0,0,0,0,0,0,0,0,0,0,0,0,0,0,0,0,0,0,0,0,0,0,0,0,0,0,0,0,0,0,0,0,0,0,31.5,31.5,31.5,31.5,0,0,0,0,0
2020,sc01,08-28 16:00:00+01:00,0,0,0,0,0,0,0,0,0,0,0,0,0,0,0,0,0,0,0,0,0,0,0,0,0,0,0,0,0,0,0,0,0,0,0,0,0,0,0,0,37.3,37.3,37.3,37.3,37.3,37.3,0,0,0,0,0,0,0,0,37.4,0,0,0,0,0,0,0,213.8,0,0,0,0,0,0,0,37.4,37.4,37.4,0,0,0,0,37.4,37.4,37.4,37.4,37.4,37.4,0,0,0,0,0,0,0,0,0,0,0,0,0,0,0,0,0,0,0,0,0,0,0,0,0,0,0,0,0,0,0,0,0,0,0,0,0,0,0,0,0,0,0,0,0,0,0,0,0,0,0,0,0,0,0,0,0,0,0,0,0,0,0,0,0,0,29.6,29.6,29.6,29.6,0,0,0,0,0
2020,sc01,08-28 17:00:00+01:00,0,0,0,0,0,0,0,0,0,0,0,0,0,0,0,0,0,0,0,0,0,0,0,0,0,0,0,0,0,0,0,0,0,0,0,0,0,0,0,0,37.7,37.7,37.7,37.7,37.7,37.7,0,0,0,0,0,0,0,0,37.7,0,0,0,0,0,0,0,0.0001,0,0,0,0,0,0,0,37.7,37.7,37.7,0,0,0,0,37.7,37.7,37.7,37.7,37.7,37.7,0,0,0,0,0,0,0,0,0,0,0,0,0,0,0,0,0,0,0,0,0,0,0,0,0,0,0,0,0,0,0,0,0,0,0,0,0,0,0,0,0,0,0,0,0,0,0,0,0,0,0,0,0,0,0,0,0,0,0,0,0,0,0,0,0,0,29.8,29.8,29.8,29.8,0,0,0,0,0
2020,sc01,08-28 18:00:00+01:00,0,0,0,0,0,0,0,0,0,0,0,0,0,0,0,0,0,0,0,0,0,0,0,0,0,0,0,0,0,0,0,0,0,0,0,0,0,0,0,0,37.3,37.3,37.3,37.3,37.3,37.3,0,0,0,0,0,0,0,0,31.3,0,0,0,0,0,0,0,0.0001,0,0,0,0,0,0,0,31.3,31.3,31.3,0,0,0,0,31.3,31.3,31.3,31.3,31.3,31.3,0,0,0,0,0,0,0,0,0,0,0,0,0,0,0,0,0,0,0,0,0,0,0,0,0,0,0,0,0,0,0,0,0,0,0,0,0,0,0,0,0,0,0,0,0,0,0,0,0,0,0,0,0,0,0,0,0,0,0,0,0,0,0,0,0,0,29.1,29.1,29.1,29.1,0,0,0,0,0
2020,sc01,08-28 19:00:00+01:00,0,0,0,0,0,0,0,0,0,0,0,0,0,0,0,0,0,0,0,0,0,0,0,0,0,0,0,0,0,0,0,0,0,0,0,0,0,0,0,0,29.2,29.2,29.2,29.2,29.2,29.2,0,0,0,0,0,0,0,0,28.2,0,0,0,0,0,0,0,0.0001,0,0,0,0,0,0,0,28.2,28.2,28.2,0,0,0,0,28.2,28.2,28.2,28.2,28.2,28.2,0,0,0,0,0,0,0,0,0,0,0,0,0,0,0,0,0,0,0,0,0,0,0,0,0,0,0,0,0,0,0,0,0,0,0,0,0,0,0,0,0,0,0,0,0,0,0,0,0,0,0,0,0,0,0,0,0,0,0,0,0,0,0,0,0,0,24.8,24.8,24.8,24.8,0,0,0,0,0
2020,sc01,08-28 20:00:00+01:00,0,0,0,0,0,0,0,0,0,0,0,0,0,0,0,0,0,0,0,0,0,0,0,0,0,0,0,0,0,0,0,0,0,0,0,0,0,0,0,0,25.9,25.9,25.9,25.9,25.9,25.9,0,0,0,0,0,0,0,0,18.5,0,0,0,0,0,0,0,0.0001,0,0,0,0,0,0,0,18.5,18.5,18.5,0,0,0,0,18.5,18.5,18.5,18.5,18.5,18.5,0,0,0,0,0,0,0,0,0,0,0,0,0,0,0,0,0,0,0,0,0,0,0,0,0,0,0,0,0,0,0,0,0,0,0,0,0,0,0,0,0,0,0,0,0,0,0,0,0,0,0,0,0,0,0,0,0,0,0,0,0,0,0,0,0,0,24.1,24.1,24.1,24.1,0,0,0,0,0
2020,sc01,08-28 21:00:00+01:00,0,0,0,0,0,0,0,0,0,0,0,0,0,0,0,0,0,0,0,0,0,0,0,0,0,0,0,0,0,0,0,0,0,0,0,0,0,0,0,0,25.9,25.9,25.9,25.9,25.9,25.9,0,0,0,0,0,0,0,0,18.3,0,0,0,0,0,0,0,0.0001,0,0,0,0,0,0,0,18.3,18.3,18.3,0,0,0,0,18.3,18.3,18.3,18.3,18.3,18.3,0,0,0,0,0,0,0,0,0,0,0,0,0,0,0,0,0,0,0,0,0,0,0,0,0,0,0,0,0,0,0,0,0,0,0,0,0,0,0,0,0,0,0,0,0,0,0,0,0,0,0,0,0,0,0,0,0,0,0,0,0,0,0,0,0,0,23.1,23.1,23.1,23.1,0,0,0,0,0
2020,sc01,08-28 22:00:00+01:00,0,0,0,0,0,0,0,0,0,0,0,0,0,0,0,0,0,0,0,0,0,0,0,0,0,0,0,0,0,0,0,0,0,0,0,0,0,0,0,0,13.2,13.2,13.2,13.2,13.2,13.2,0,0,0,0,0,0,0,0,10.1,0,0,0,0,0,0,0,0.0001,0,0,0,0,0,0,0,10.1,10.1,10.1,0,0,0,0,10.1,10.1,10.1,10.1,10.1,10.1,0,0,0,0,0,0,0,0,0,0,0,0,0,0,0,0,0,0,0,0,0,0,0,0,0,0,0,0,0,0,0,0,0,0,0,0,0,0,0,0,0,0,0,0,0,0,0,0,0,0,0,0,0,0,0,0,0,0,0,0,0,0,0,0,0,0,26.1,26.1,26.1,26.1,0,0,0,0,0
2020,sc01,08-28 23:00:00+01:00,0,0,0,0,0,0,0,0,0,0,0,0,0,0,0,0,0,0,0,0,0,0,0,0,0,0,0,0,0,0,0,0,0,0,0,0,0,0,0,0,10.9,10.9,10.9,10.9,10.9,10.9,0,0,0,0,0,0,0,0,9.1,0,0,0,0,0,0,0,0.0001,0,0,0,0,0,0,0,9.1,9.1,9.1,0,0,0,0,9.1,9.1,9.1,9.1,9.1,9.1,0,0,0,0,0,0,0,0,0,0,0,0,0,0,0,0,0,0,0,0,0,0,0,0,0,0,0,0,0,0,0,0,0,0,0,0,0,0,0,0,0,0,0,0,0,0,0,0,0,0,0,0,0,0,0,0,0,0,0,0,0,0,0,0,0,0,34.8,34.8,34.8,34.8,0,0,0,0,0
2020,sc01,08-29 00:00:00+01:00,0,0,0,0,0,0,0,0,0,0,0,0,0,0,0,0,0,0,0,0,0,0,0,0,0,0,0,0,0,0,0,0,0,0,0,0,0,0,0,0,12.3,12.3,12.3,12.3,12.3,12.3,0,0,0,0,0,0,0,0,9.1,0,0,0,0,0,0,0,0.0001,0,0,0,0,0,0,0,9.1,9.1,9.1,0,0,0,0,9.1,9.1,9.1,9.1,9.1,9.1,0,0,0,0,0,0,0,0,0,0,0,0,0,0,0,0,0,0,0,0,0,0,0,0,0,0,0,0,0,0,0,0,0,0,0,0,0,0,0,0,0,0,0,0,0,0,0,0,0,0,0,0,0,0,0,0,0,0,0,0,0,0,0,0,0,0,24.7,24.7,24.7,24.7,0,0,0,0,0
2020,sc01,08-29 01:00:00+01:00,0,0,0,0,0,0,0,0,0,0,0,0,0,0,0,0,0,0,0,0,0,0,0,0,0,0,0,0,0,0,0,0,0,0,0,0,0,0,0,0,12.7,12.7,12.7,12.7,12.7,12.7,0,0,0,0,0,0,0,0,9.1,0,0,0,0,0,0,0,0.0001,0,0,0,0,0,0,0,9.1,9.1,9.1,0,0,0,0,9.1,9.1,9.1,9.1,9.1,9.1,0,0,0,0,0,0,0,0,0,0,0,0,0,0,0,0,0,0,0,0,0,0,0,0,0,0,0,0,0,0,0,0,0,0,0,0,0,0,0,0,0,0,0,0,0,0,0,0,0,0,0,0,0,0,0,0,0,0,0,0,0,0,0,0,0,0,30.0,30.0,30.0,30.0,0,0,0,0,0
2020,sc01,08-29 02:00:00+01:00,0,0,0,0,0,0,0,0,0,0,0,0,0,0,0,0,0,0,0,0,0,0,0,0,0,0,0,0,0,0,0,0,0,0,0,0,0,0,0,0,12.7,12.7,12.7,12.7,12.7,12.7,0,0,0,0,0,0,0,0,9.1,0,0,0,0,0,0,0,0.0001,0,0,0,0,0,0,0,9.1,9.1,9.1,0,0,0,0,9.1,9.1,9.1,9.1,9.1,9.1,0,0,0,0,0,0,0,0,0,0,0,0,0,0,0,0,0,0,0,0,0,0,0,0,0,0,0,0,0,0,0,0,0,0,0,0,0,0,0,0,0,0,0,0,0,0,0,0,0,0,0,0,0,0,0,0,0,0,0,0,0,0,0,0,0,0,30.7,30.7,30.7,30.7,0,0,0,0,0
2020,sc01,08-29 03:00:00+01:00,0,0,0,0,0,0,0,0,0,0,0,0,0,0,0,0,0,0,0,0,0,0,0,0,0,0,0,0,0,0,0,0,0,0,0,0,0,0,0,0,12.7,12.7,12.7,12.7,12.7,12.7,0,0,0,0,0,0,0,0,9.3,0,0,0,0,0,0,0,0.0001,0,0,0,0,0,0,0,9.3,9.3,9.3,0,0,0,0,9.3,9.3,9.3,9.3,9.3,9.3,0,0,0,0,0,0,0,0,0,0,0,0,0,0,0,0,0,0,0,0,0,0,0,0,0,0,0,0,0,0,0,0,0,0,0,0,0,0,0,0,0,0,0,0,0,0,0,0,0,0,0,0,0,0,0,0,0,0,0,0,0,0,0,0,0,0,23.4,23.4,23.4,23.4,0,0,0,0,0
2020,sc01,08-29 04:00:00+01:00,0,0,0,0,0,0,0,0,0,0,0,0,0,0,0,0,0,0,0,0,0,0,0,0,0,0,0,0,0,0,0,0,0,0,0,0,0,0,0,0,12.7,12.7,12.7,12.7,12.7,12.7,0,0,0,0,0,0,0,0,9.1,0,0,0,0,0,0,0,0.0001,0,0,0,0,0,0,0,9.1,9.1,9.1,0,0,0,0,9.1,9.1,9.1,9.1,9.1,9.1,0,0,0,0,0,0,0,0,0,0,0,0,0,0,0,0,0,0,0,0,0,0,0,0,0,0,0,0,0,0,0,0,0,0,0,0,0,0,0,0,0,0,0,0,0,0,0,0,0,0,0,0,0,0,0,0,0,0,0,0,0,0,0,0,0,0,13.9,13.9,13.9,13.9,0,0,0,0,0
2020,sc01,08-29 05:00:00+01:00,0,0,0,0,0,0,0,0,0,0,0,0,0,0,0,0,0,0,0,0,0,0,0,0,0,0,0,0,0,0,0,0,0,0,0,0,0,0,0,0,12.7,12.7,12.7,12.7,12.7,12.7,0,0,0,0,0,0,0,0,9.1,0,0,0,0,0,0,0,0.0001,0,0,0,0,0,0,0,9.1,9.1,9.1,0,0,0,0,9.1,9.1,9.1,9.1,9.1,9.1,0,0,0,0,0,0,0,0,0,0,0,0,0,0,0,0,0,0,0,0,0,0,0,0,0,0,0,0,0,0,0,0,0,0,0,0,0,0,0,0,0,0,0,0,0,0,0,0,0,0,0,0,0,0,0,0,0,0,0,0,0,0,0,0,0,0,14.0,14.0,14.0,14.0,0,0,0,0,0
2020,sc01,08-29 06:00:00+01:00,0,0,0,0,0,0,0,0,0,0,0,0,0,0,0,0,0,0,0,0,0,0,0,0,0,0,0,0,0,0,0,0,0,0,0,0,0,0,0,0,12.7,12.7,12.7,12.7,12.7,12.7,0,0,0,0,0,0,0,0,16.7,0,0,0,0,0,0,0,82.9,0,0,0,0,0,0,0,16.7,16.7,16.7,0,0,0,0,16.7,16.7,16.7,16.7,16.7,16.7,0,0,0,0,0,0,0,0,0,0,0,0,0,0,0,0,0,0,0,0,0,0,0,0,0,0,0,0,0,0,0,0,0,0,0,0,0,0,0,0,0,0,0,0,0,0,0,0,0,0,0,0,0,0,0,0,0,0,0,0,0,0,0,0,0,0,34.4,34.4,34.4,34.4,0,0,0,0,0
2020,sc01,08-29 07:00:00+01:00,0,0,0,0,0,0,0,0,0,0,0,0,0,0,0,0,0,0,0,0,0,0,0,0,0,0,0,0,0,0,0,0,0,0,0,0,0,0,0,0,12.7,12.7,12.7,12.7,12.7,12.7,0,0,0,0,0,0,0,0,26.3,0,0,0,0,0,0,0,264.8,0,0,0,0,0,0,0,26.3,26.3,26.3,0,0,0,0,26.3,26.3,26.3,26.3,26.3,26.3,0,0,0,0,0,0,0,0,0,0,0,0,0,0,0,0,0,0,0,0,0,0,0,0,0,0,0,0,0,0,0,0,0,0,0,0,0,0,0,0,0,0,0,0,0,0,0,0,0,0,0,0,0,0,0,0,0,0,0,0,0,0,0,0,0,0,34.8,34.8,34.8,34.8,0,0,0,0,0
2020,sc01,08-29 08:00:00+01:00,0,0,0,0,0,0,0,0,0,0,0,0,0,0,0,0,0,0,0,0,0,0,0,0,0,0,0,0,0,0,0,0,0,0,0,0,0,0,0,0,12.7,12.7,12.7,12.7,12.7,12.7,0,0,0,0,0,0,0,0,27.2,0,0,0,0,0,0,0,310.6,0,0,0,0,0,0,0,27.2,27.2,27.2,0,0,0,0,27.2,27.2,27.2,27.2,27.2,27.2,0,0,0,0,0,0,0,0,0,0,0,0,0,0,0,0,0,0,0,0,0,0,0,0,0,0,0,0,0,0,0,0,0,0,0,0,0,0,0,0,0,0,0,0,0,0,0,0,0,0,0,0,0,0,0,0,0,0,0,0,0,0,0,0,0,0,32.5,32.5,32.5,32.5,0,0,0,0,0
2020,sc01,08-29 09:00:00+01:00,0,0,0,0,0,0,0,0,0,0,0,0,0,0,0,0,0,0,0,0,0,0,0,0,0,0,0,0,0,0,0,0,0,0,0,0,0,0,0,0,12.7,12.7,12.7,12.7,12.7,12.7,0,0,0,0,0,0,0,0,27.8,0,0,0,0,0,0,0,336.5,0,0,0,0,0,0,0,27.8,27.8,27.8,0,0,0,0,27.8,27.8,27.8,27.8,27.8,27.8,0,0,0,0,0,0,0,0,0,0,0,0,0,0,0,0,0,0,0,0,0,0,0,0,0,0,0,0,0,0,0,0,0,0,0,0,0,0,0,0,0,0,0,0,0,0,0,0,0,0,0,0,0,0,0,0,0,0,0,0,0,0,0,0,0,0,32.1,32.1,32.1,32.1,0,0,0,0,0
2020,sc01,08-29 10:00:00+01:00,0,0,0,0,0,0,0,0,0,0,0,0,0,0,0,0,0,0,0,0,0,0,0,0,0,0,0,0,0,0,0,0,0,0,0,0,0,0,0,0,12.7,12.7,12.7,12.7,12.7,12.7,0,0,0,0,0,0,0,0,34.6,0,0,0,0,0,0,0,351.0,0,0,0,0,0,0,0,34.6,34.6,34.6,0,0,0,0,34.6,34.6,34.6,34.6,34.6,34.6,0,0,0,0,0,0,0,0,0,0,0,0,0,0,0,0,0,0,0,0,0,0,0,0,0,0,0,0,0,0,0,0,0,0,0,0,0,0,0,0,0,0,0,0,0,0,0,0,0,0,0,0,0,0,0,0,0,0,0,0,0,0,0,0,0,0,32.5,32.5,32.5,32.5,0,0,0,0,0
2020,sc01,08-29 11:00:00+01:00,0,0,0,0,0,0,0,0,0,0,0,0,0,0,0,0,0,0,0,0,0,0,0,0,0,0,0,0,0,0,0,0,0,0,0,0,0,0,0,0,21.7,21.7,21.7,21.7,21.7,21.7,0,0,0,0,0,0,0,0,37.2,0,0,0,0,0,0,0,357.2,0,0,0,0,0,0,0,37.2,37.2,37.2,0,0,0,0,37.2,37.2,37.2,37.2,37.2,37.2,0,0,0,0,0,0,0,0,0,0,0,0,0,0,0,0,0,0,0,0,0,0,0,0,0,0,0,0,0,0,0,0,0,0,0,0,0,0,0,0,0,0,0,0,0,0,0,0,0,0,0,0,0,0,0,0,0,0,0,0,0,0,0,0,0,0,34.2,34.2,34.2,34.2,0,0,0,0,0
2020,sc01,08-29 12:00:00+01:00,0,0,0,0,0,0,0,0,0,0,0,0,0,0,0,0,0,0,0,0,0,0,0,0,0,0,0,0,0,0,0,0,0,0,0,0,0,0,0,0,27.8,27.8,27.8,27.8,27.8,27.8,0,0,0,0,0,0,0,0,37.6,0,0,0,0,0,0,0,354.2,0,0,0,0,0,0,0,37.6,37.6,37.6,0,0,0,0,37.6,37.6,37.6,37.6,37.6,37.6,0,0,0,0,0,0,0,0,0,0,0,0,0,0,0,0,0,0,0,0,0,0,0,0,0,0,0,0,0,0,0,0,0,0,0,0,0,0,0,0,0,0,0,0,0,0,0,0,0,0,0,0,0,0,0,0,0,0,0,0,0,0,0,0,0,0,31.8,31.8,31.8,31.8,0,0,0,0,0
2020,sc01,08-29 13:00:00+01:00,0,0,0,0,0,0,0,0,0,0,0,0,0,0,0,0,0,0,0,0,0,0,0,0,0,0,0,0,0,0,0,0,0,0,0,0,0,0,0,0,39.2,39.2,39.2,39.2,39.2,39.2,0,0,0,0,0,0,0,0,37.2,0,0,0,0,0,0,0,342.3,0,0,0,0,0,0,0,37.2,37.2,37.2,0,0,0,0,37.2,37.2,37.2,37.2,37.2,37.2,0,0,0,0,0,0,0,0,0,0,0,0,0,0,0,0,0,0,0,0,0,0,0,0,0,0,0,0,0,0,0,0,0,0,0,0,0,0,0,0,0,0,0,0,0,0,0,0,0,0,0,0,0,0,0,0,0,0,0,0,0,0,0,0,0,0,31.8,31.8,31.8,31.8,0,0,0,0,0
2020,sc01,08-29 14:00:00+01:00,0,0,0,0,0,0,0,0,0,0,0,0,0,0,0,0,0,0,0,0,0,0,0,0,0,0,0,0,0,0,0,0,0,0,0,0,0,0,0,0,38.7,38.7,38.7,38.7,38.7,38.7,0,0,0,0,0,0,0,0,37.2,0,0,0,0,0,0,0,320.5,0,0,0,0,0,0,0,37.2,37.2,37.2,0,0,0,0,37.2,37.2,37.2,37.2,37.2,37.2,0,0,0,0,0,0,0,0,0,0,0,0,0,0,0,0,0,0,0,0,0,0,0,0,0,0,0,0,0,0,0,0,0,0,0,0,0,0,0,0,0,0,0,0,0,0,0,0,0,0,0,0,0,0,0,0,0,0,0,0,0,0,0,0,0,0,29.4,29.4,29.4,29.4,0,0,0,0,0
2020,sc01,08-29 15:00:00+01:00,0,0,0,0,0,0,0,0,0,0,0,0,0,0,0,0,0,0,0,0,0,0,0,0,0,0,0,0,0,0,0,0,0,0,0,0,0,0,0,0,39.6,39.6,39.6,39.6,39.6,39.6,0,0,0,0,0,0,0,0,37.4,0,0,0,0,0,0,0,281.6,0,0,0,0,0,0,0,37.4,37.4,37.4,0,0,0,0,37.4,37.4,37.4,37.4,37.4,37.4,0,0,0,0,0,0,0,0,0,0,0,0,0,0,0,0,0,0,0,0,0,0,0,0,0,0,0,0,0,0,0,0,0,0,0,0,0,0,0,0,0,0,0,0,0,0,0,0,0,0,0,0,0,0,0,0,0,0,0,0,0,0,0,0,0,0,32.0,32.0,32.0,32.0,0,0,0,0,0
2020,sc01,08-29 16:00:00+01:00,0,0,0,0,0,0,0,0,0,0,0,0,0,0,0,0,0,0,0,0,0,0,0,0,0,0,0,0,0,0,0,0,0,0,0,0,0,0,0,0,38.2,38.2,38.2,38.2,38.2,38.2,0,0,0,0,0,0,0,0,37.7,0,0,0,0,0,0,0,207.9,0,0,0,0,0,0,0,37.7,37.7,37.7,0,0,0,0,37.7,37.7,37.7,37.7,37.7,37.7,0,0,0,0,0,0,0,0,0,0,0,0,0,0,0,0,0,0,0,0,0,0,0,0,0,0,0,0,0,0,0,0,0,0,0,0,0,0,0,0,0,0,0,0,0,0,0,0,0,0,0,0,0,0,0,0,0,0,0,0,0,0,0,0,0,0,29.4,29.4,29.4,29.4,0,0,0,0,0
2020,sc01,08-29 17:00:00+01:00,0,0,0,0,0,0,0,0,0,0,0,0,0,0,0,0,0,0,0,0,0,0,0,0,0,0,0,0,0,0,0,0,0,0,0,0,0,0,0,0,39.6,39.6,39.6,39.6,39.6,39.6,0,0,0,0,0,0,0,0,37.6,0,0,0,0,0,0,0,0.0001,0,0,0,0,0,0,0,37.6,37.6,37.6,0,0,0,0,37.6,37.6,37.6,37.6,37.6,37.6,0,0,0,0,0,0,0,0,0,0,0,0,0,0,0,0,0,0,0,0,0,0,0,0,0,0,0,0,0,0,0,0,0,0,0,0,0,0,0,0,0,0,0,0,0,0,0,0,0,0,0,0,0,0,0,0,0,0,0,0,0,0,0,0,0,0,30.3,30.3,30.3,30.3,0,0,0,0,0
2020,sc01,08-29 18:00:00+01:00,0,0,0,0,0,0,0,0,0,0,0,0,0,0,0,0,0,0,0,0,0,0,0,0,0,0,0,0,0,0,0,0,0,0,0,0,0,0,0,0,38.7,38.7,38.7,38.7,38.7,38.7,0,0,0,0,0,0,0,0,28.6,0,0,0,0,0,0,0,0.0001,0,0,0,0,0,0,0,28.6,28.6,28.6,0,0,0,0,28.6,28.6,28.6,28.6,28.6,28.6,0,0,0,0,0,0,0,0,0,0,0,0,0,0,0,0,0,0,0,0,0,0,0,0,0,0,0,0,0,0,0,0,0,0,0,0,0,0,0,0,0,0,0,0,0,0,0,0,0,0,0,0,0,0,0,0,0,0,0,0,0,0,0,0,0,0,31.0,31.0,31.0,31.0,0,0,0,0,0
2020,sc01,08-29 19:00:00+01:00,0,0,0,0,0,0,0,0,0,0,0,0,0,0,0,0,0,0,0,0,0,0,0,0,0,0,0,0,0,0,0,0,0,0,0,0,0,0,0,0,34.4,34.4,34.4,34.4,34.4,34.4,0,0,0,0,0,0,0,0,28.0,0,0,0,0,0,0,0,0.0001,0,0,0,0,0,0,0,28.0,28.0,28.0,0,0,0,0,28.0,28.0,28.0,28.0,28.0,28.0,0,0,0,0,0,0,0,0,0,0,0,0,0,0,0,0,0,0,0,0,0,0,0,0,0,0,0,0,0,0,0,0,0,0,0,0,0,0,0,0,0,0,0,0,0,0,0,0,0,0,0,0,0,0,0,0,0,0,0,0,0,0,0,0,0,0,29.7,29.7,29.7,29.7,0,0,0,0,0
2020,sc01,08-29 20:00:00+01:00,0,0,0,0,0,0,0,0,0,0,0,0,0,0,0,0,0,0,0,0,0,0,0,0,0,0,0,0,0,0,0,0,0,0,0,0,0,0,0,0,26.4,26.4,26.4,26.4,26.4,26.4,0,0,0,0,0,0,0,0,20.4,0,0,0,0,0,0,0,0.0001,0,0,0,0,0,0,0,20.4,20.4,20.4,0,0,0,0,20.4,20.4,20.4,20.4,20.4,20.4,0,0,0,0,0,0,0,0,0,0,0,0,0,0,0,0,0,0,0,0,0,0,0,0,0,0,0,0,0,0,0,0,0,0,0,0,0,0,0,0,0,0,0,0,0,0,0,0,0,0,0,0,0,0,0,0,0,0,0,0,0,0,0,0,0,0,30.9,30.9,30.9,30.9,0,0,0,0,0
2020,sc01,08-29 21:00:00+01:00,0,0,0,0,0,0,0,0,0,0,0,0,0,0,0,0,0,0,0,0,0,0,0,0,0,0,0,0,0,0,0,0,0,0,0,0,0,0,0,0,19.8,19.8,19.8,19.8,19.8,19.8,0,0,0,0,0,0,0,0,18.3,0,0,0,0,0,0,0,0.0001,0,0,0,0,0,0,0,18.3,18.3,18.3,0,0,0,0,18.3,18.3,18.3,18.3,18.3,18.3,0,0,0,0,0,0,0,0,0,0,0,0,0,0,0,0,0,0,0,0,0,0,0,0,0,0,0,0,0,0,0,0,0,0,0,0,0,0,0,0,0,0,0,0,0,0,0,0,0,0,0,0,0,0,0,0,0,0,0,0,0,0,0,0,0,0,28.2,28.2,28.2,28.2,0,0,0,0,0
2020,sc01,08-29 22:00:00+01:00,0,0,0,0,0,0,0,0,0,0,0,0,0,0,0,0,0,0,0,0,0,0,0,0,0,0,0,0,0,0,0,0,0,0,0,0,0,0,0,0,12.7,12.7,12.7,12.7,12.7,12.7,0,0,0,0,0,0,0,0,9.9,0,0,0,0,0,0,0,0.0001,0,0,0,0,0,0,0,9.9,9.9,9.9,0,0,0,0,9.9,9.9,9.9,9.9,9.9,9.9,0,0,0,0,0,0,0,0,0,0,0,0,0,0,0,0,0,0,0,0,0,0,0,0,0,0,0,0,0,0,0,0,0,0,0,0,0,0,0,0,0,0,0,0,0,0,0,0,0,0,0,0,0,0,0,0,0,0,0,0,0,0,0,0,0,0,20.6,20.6,20.6,20.6,0,0,0,0,0
2020,sc01,08-29 23:00:00+01:00,0,0,0,0,0,0,0,0,0,0,0,0,0,0,0,0,0,0,0,0,0,0,0,0,0,0,0,0,0,0,0,0,0,0,0,0,0,0,0,0,12.7,12.7,12.7,12.7,12.7,12.7,0,0,0,0,0,0,0,0,9.3,0,0,0,0,0,0,0,0.0001,0,0,0,0,0,0,0,9.3,9.3,9.3,0,0,0,0,9.3,9.3,9.3,9.3,9.3,9.3,0,0,0,0,0,0,0,0,0,0,0,0,0,0,0,0,0,0,0,0,0,0,0,0,0,0,0,0,0,0,0,0,0,0,0,0,0,0,0,0,0,0,0,0,0,0,0,0,0,0,0,0,0,0,0,0,0,0,0,0,0,0,0,0,0,0,21.5,21.5,21.5,21.5,0,0,0,0,0
2020,sc01,08-30 00:00:00+01:00,0,0,0,0,0,0,0,0,0,0,0,0,0,0,0,0,0,0,0,0,0,0,0,0,0,0,0,0,0,0,0,0,0,0,0,0,0,0,0,0,12.7,12.7,12.7,12.7,12.7,12.7,0,0,0,0,0,0,0,0,9.3,0,0,0,0,0,0,0,0.0001,0,0,0,0,0,0,0,9.3,9.3,9.3,0,0,0,0,9.3,9.3,9.3,9.3,9.3,9.3,0,0,0,0,0,0,0,0,0,0,0,0,0,0,0,0,0,0,0,0,0,0,0,0,0,0,0,0,0,0,0,0,0,0,0,0,0,0,0,0,0,0,0,0,0,0,0,0,0,0,0,0,0,0,0,0,0,0,0,0,0,0,0,0,0,0,18.3,18.3,18.3,18.3,0,0,0,0,0
2020,sc01,08-30 01:00:00+01:00,0,0,0,0,0,0,0,0,0,0,0,0,0,0,0,0,0,0,0,0,0,0,0,0,0,0,0,0,0,0,0,0,0,0,0,0,0,0,0,0,12.7,12.7,12.7,12.7,12.7,12.7,0,0,0,0,0,0,0,0,9.3,0,0,0,0,0,0,0,0.0001,0,0,0,0,0,0,0,9.3,9.3,9.3,0,0,0,0,9.3,9.3,9.3,9.3,9.3,9.3,0,0,0,0,0,0,0,0,0,0,0,0,0,0,0,0,0,0,0,0,0,0,0,0,0,0,0,0,0,0,0,0,0,0,0,0,0,0,0,0,0,0,0,0,0,0,0,0,0,0,0,0,0,0,0,0,0,0,0,0,0,0,0,0,0,0,12.6,12.6,12.6,12.6,0,0,0,0,0
