Scenario,Period,LoadLevel,ESS1
sc01,y2030,2030-01-01T03:00:00+01:00,0.0
sc01,y2030,2030-01-01T07:00:00+01:00,0.0
sc01,y2030,2030-01-01T11:00:00+01:00,0.0
sc01,y2030,2030-01-01T15:00:00+01:00,0.0
sc01,y2030,2030-01-01T19:00:00+01:00,0.0
sc01,y2030,2030-01-01T23:00:00+01:00,0.0
sc01,y2030,2030-01-02T03:00:00+01:00,0.0
sc01,y2030,2030-01-02T07:00:00+01:00,0.0
sc01,y2030,2030-01-02T11:00:00+01:00,0.0
sc01,y2030,2030-01-02T15:00:00+01:00,0.0
sc01,y2030,2030-01-02T19:00:00+01:00,0.0
sc01,y2030,2030-01-02T23:00:00+01:00,0.0
sc01,y2030,2030-01-03T03:00:00+01:00,0.0
sc01,y2030,2030-01-03T07:00:00+01:00,0.0
sc01,y2030,2030-01-03T11:00:00+01:00,0.0
sc01,y2030,2030-01-03T15:00:00+01:00,0.0
sc01,y2030,2030-01-03T19:00:00+01:00,0.0
sc01,y2030,2030-01-03T23:00:00+01:00,0.0
sc01,y2030,2030-01-04T03:00:00+01:00,0.0
sc01,y2030,2030-01-04T07:00:00+01:00,0.0
sc01,y2030,2030-01-04T11:00:00+01:00,0.0
sc01,y2030,2030-01-04T15:00:00+01:00,0.0
sc01,y2030,2030-01-04T19:00:00+01:00,0.0
sc01,y2030,2030-01-04T23:00:00+01:00,0.0
sc01,y2030,2030-01-05T03:00:00+01:00,44.39999999999999
sc01,y2030,2030-01-05T07:00:00+01:00,0.0
sc01,y2030,2030-01-05T11:00:00+01:00,0.0
sc01,y2030,2030-01-05T15:00:00+01:00,0.0
sc01,y2030,2030-01-05T19:00:00+01:00,0.0
sc01,y2030,2030-01-05T23:00:00+01:00,0.0
sc01,y2030,2030-01-06T03:00:00+01:00,0.0
sc01,y2030,2030-01-06T07:00:00+01:00,0.0
sc01,y2030,2030-01-06T11:00:00+01:00,0.0
sc01,y2030,2030-01-06T15:00:00+01:00,0.0
sc01,y2030,2030-01-06T19:00:00+01:00,0.0
sc01,y2030,2030-01-06T23:00:00+01:00,0.0
sc01,y2030,2030-01-07T03:00:00+01:00,0.0
sc01,y2030,2030-01-07T07:00:00+01:00,0.0
sc01,y2030,2030-01-07T11:00:00+01:00,0.0
sc01,y2030,2030-01-07T15:00:00+01:00,0.0
sc01,y2030,2030-01-07T19:00:00+01:00,0.0
sc01,y2030,2030-01-07T23:00:00+01:00,0.0
sc01,y2030,2030-01-08T03:00:00+01:00,0.0
sc01,y2030,2030-01-08T07:00:00+01:00,0.0
sc01,y2030,2030-01-08T11:00:00+01:00,0.0
sc01,y2030,2030-01-08T15:00:00+01:00,0.0
sc01,y2030,2030-01-08T19:00:00+01:00,0.0
sc01,y2030,2030-01-08T23:00:00+01:00,0.0
sc01,y2030,2030-01-09T03:00:00+01:00,0.0
sc01,y2030,2030-01-09T07:00:00+01:00,0.0
sc01,y2030,2030-01-09T11:00:00+01:00,0.0
sc01,y2030,2030-01-09T15:00:00+01:00,0.0
sc01,y2030,2030-01-09T19:00:00+01:00,0.0
sc01,y2030,2030-01-09T23:00:00+01:00,0.0
sc01,y2030,2030-01-10T03:00:00+01:00,0.0
sc01,y2030,2030-01-10T07:00:00+01:00,0.0
sc01,y2030,2030-01-10T11:00:00+01:00,0.0
sc01,y2030,2030-01-10T15:00:00+01:00,0.0
sc01,y2030,2030-01-10T19:00:00+01:00,0.0
sc01,y2030,2030-01-10T23:00:00+01:00,0.0
sc01,y2030,2030-01-11T03:00:00+01:00,0.0
sc01,y2030,2030-01-11T07:00:00+01:00,0.0
sc01,y2030,2030-01-11T11:00:00+01:00,0.0
sc01,y2030,2030-01-11T15:00:00+01:00,0.0
sc01,y2030,2030-01-11T19:00:00+01:00,0.0
sc01,y2030,2030-01-11T23:00:00+01:00,0.0
sc01,y2030,2030-01-12T03:00:00+01:00,0.0
sc01,y2030,2030-01-12T07:00:00+01:00,0.0
sc01,y2030,2030-01-12T11:00:00+01:00,0.0
sc01,y2030,2030-01-12T15:00:00+01:00,0.0
sc01,y2030,2030-01-12T19:00:00+01:00,0.0
sc01,y2030,2030-01-12T23:00:00+01:00,0.0
sc01,y2030,2030-01-13T03:00:00+01:00,0.0
sc01,y2030,2030-01-13T07:00:00+01:00,0.0
sc01,y2030,2030-01-13T11:00:00+01:00,0.0
sc01,y2030,2030-01-13T15:00:00+01:00,0.0
sc01,y2030,2030-01-13T19:00:00+01:00,0.0
sc01,y2030,2030-01-13T23:00:00+01:00,0.0
sc01,y2030,2030-01-14T03:00:00+01:00,0.0
sc01,y2030,2030-01-14T07:00:00+01:00,0.0
sc01,y2030,2030-01-14T11:00:00+01:00,0.0
sc01,y2030,2030-01-14T15:00:00+01:00,0.0
sc01,y2030,2030-01-14T19:00:00+01:00,0.0
sc01,y2030,2030-01-14T23:00:00+01:00,44.39999999999999
sc01,y2030,2030-01-15T03:00:00+01:00,0.0
sc01,y2030,2030-01-15T07:00:00+01:00,0.0
sc01,y2030,2030-01-15T11:00:00+01:00,0.0
sc01,y2030,2030-01-15T15:00:00+01:00,0.0
sc01,y2030,2030-01-15T19:00:00+01:00,0.0
sc01,y2030,2030-01-15T23:00:00+01:00,44.39999999999999
sc01,y2030,2030-01-16T03:00:00+01:00,0.0
sc01,y2030,2030-01-16T07:00:00+01:00,0.0
sc01,y2030,2030-01-16T11:00:00+01:00,0.0
sc01,y2030,2030-01-16T15:00:00+01:00,0.0
sc01,y2030,2030-01-16T19:00:00+01:00,0.0
sc01,y2030,2030-01-16T23:00:00+01:00,0.0
sc01,y2030,2030-01-17T03:00:00+01:00,0.0
sc01,y2030,2030-01-17T07:00:00+01:00,0.0
sc01,y2030,2030-01-17T11:00:00+01:00,0.0
sc01,y2030,2030-01-17T15:00:00+01:00,0.0
sc01,y2030,2030-01-17T19:00:00+01:00,0.0
sc01,y2030,2030-01-17T23:00:00+01:00,0.0
sc01,y2030,2030-01-18T03:00:00+01:00,12.261702509500704
sc01,y2030,2030-01-18T07:00:00+01:00,44.39999999999999
sc01,y2030,2030-01-18T11:00:00+01:00,0.0
sc01,y2030,2030-01-18T15:00:00+01:00,0.0
sc01,y2030,2030-01-18T19:00:00+01:00,0.0
sc01,y2030,2030-01-18T23:00:00+01:00,0.0
sc01,y2030,2030-01-19T03:00:00+01:00,0.0
sc01,y2030,2030-01-19T07:00:00+01:00,0.0
sc01,y2030,2030-01-19T11:00:00+01:00,0.0
sc01,y2030,2030-01-19T15:00:00+01:00,0.0
sc01,y2030,2030-01-19T19:00:00+01:00,44.39999999999999
sc01,y2030,2030-01-19T23:00:00+01:00,0.0
sc01,y2030,2030-01-20T03:00:00+01:00,0.0
sc01,y2030,2030-01-20T07:00:00+01:00,0.0
sc01,y2030,2030-01-20T11:00:00+01:00,0.0
sc01,y2030,2030-01-20T15:00:00+01:00,0.0
sc01,y2030,2030-01-20T19:00:00+01:00,0.0
sc01,y2030,2030-01-20T23:00:00+01:00,0.0
sc01,y2030,2030-01-21T03:00:00+01:00,0.0
sc01,y2030,2030-01-21T07:00:00+01:00,5.087933363875696
sc01,y2030,2030-01-21T11:00:00+01:00,0.0
sc01,y2030,2030-01-21T15:00:00+01:00,0.0
sc01,y2030,2030-01-21T19:00:00+01:00,0.0
sc01,y2030,2030-01-21T23:00:00+01:00,8.702067362625826
sc01,y2030,2030-01-22T03:00:00+01:00,0.0
sc01,y2030,2030-01-22T07:00:00+01:00,0.0
sc01,y2030,2030-01-22T11:00:00+01:00,0.0
sc01,y2030,2030-01-22T15:00:00+01:00,44.39999999999999
sc01,y2030,2030-01-22T19:00:00+01:00,0.0
sc01,y2030,2030-01-22T23:00:00+01:00,0.0
sc01,y2030,2030-01-23T03:00:00+01:00,10.1034363608134
sc01,y2030,2030-01-23T07:00:00+01:00,44.39999999999999
sc01,y2030,2030-01-23T11:00:00+01:00,0.0
sc01,y2030,2030-01-23T15:00:00+01:00,22.989719387661587
sc01,y2030,2030-01-23T19:00:00+01:00,0.0
sc01,y2030,2030-01-23T23:00:00+01:00,0.0
sc01,y2030,2030-01-24T03:00:00+01:00,0.0
sc01,y2030,2030-01-24T07:00:00+01:00,0.0
sc01,y2030,2030-01-24T11:00:00+01:00,0.0
sc01,y2030,2030-01-24T15:00:00+01:00,44.39999999999999
sc01,y2030,2030-01-24T19:00:00+01:00,0.0
sc01,y2030,2030-01-24T23:00:00+01:00,0.0
sc01,y2030,2030-01-25T03:00:00+01:00,17.90736295881373
sc01,y2030,2030-01-25T07:00:00+01:00,44.39999999999999
sc01,y2030,2030-01-25T11:00:00+01:00,0.0
sc01,y2030,2030-01-25T15:00:00+01:00,44.39999999999999
sc01,y2030,2030-01-25T19:00:00+01:00,0.0
sc01,y2030,2030-01-25T23:00:00+01:00,0.0
sc01,y2030,2030-01-26T03:00:00+01:00,0.0
sc01,y2030,2030-01-26T07:00:00+01:00,0.0
sc01,y2030,2030-01-26T11:00:00+01:00,0.0
sc01,y2030,2030-01-26T15:00:00+01:00,0.0
sc01,y2030,2030-01-26T19:00:00+01:00,0.0
sc01,y2030,2030-01-26T23:00:00+01:00,0.0
sc01,y2030,2030-01-27T03:00:00+01:00,44.39999999999999
sc01,y2030,2030-01-27T07:00:00+01:00,44.39999999999999
sc01,y2030,2030-01-27T11:00:00+01:00,0.0
sc01,y2030,2030-01-27T15:00:00+01:00,44.39999999999999
sc01,y2030,2030-01-27T19:00:00+01:00,0.0
sc01,y2030,2030-01-27T23:00:00+01:00,0.0
sc01,y2030,2030-01-28T03:00:00+01:00,0.0
sc01,y2030,2030-01-28T07:00:00+01:00,0.0
sc01,y2030,2030-01-28T11:00:00+01:00,0.0
sc01,y2030,2030-01-28T15:00:00+01:00,0.0
sc01,y2030,2030-01-28T19:00:00+01:00,0.0
sc01,y2030,2030-01-28T23:00:00+01:00,0.0
sc01,y2030,2030-01-29T03:00:00+01:00,0.0
sc01,y2030,2030-01-29T07:00:00+01:00,0.0
sc01,y2030,2030-01-29T11:00:00+01:00,0.0
sc01,y2030,2030-01-29T15:00:00+01:00,0.0
sc01,y2030,2030-01-29T19:00:00+01:00,0.0
sc01,y2030,2030-01-29T23:00:00+01:00,0.0
sc01,y2030,2030-01-30T03:00:00+01:00,0.0
sc01,y2030,2030-01-30T07:00:00+01:00,0.0
sc01,y2030,2030-01-30T11:00:00+01:00,0.0
sc01,y2030,2030-01-30T15:00:00+01:00,0.0
sc01,y2030,2030-01-30T19:00:00+01:00,0.0
sc01,y2030,2030-01-30T23:00:00+01:00,23.64785882268539
sc01,y2030,2030-01-31T03:00:00+01:00,0.0
sc01,y2030,2030-01-31T07:00:00+01:00,0.0
sc01,y2030,2030-01-31T11:00:00+01:00,0.0
sc01,y2030,2030-01-31T15:00:00+01:00,0.0
sc01,y2030,2030-01-31T19:00:00+01:00,0.0
sc01,y2030,2030-01-31T23:00:00+01:00,0.0
sc01,y2030,2030-02-01T03:00:00+01:00,0.0
sc01,y2030,2030-02-01T07:00:00+01:00,0.0
sc01,y2030,2030-02-01T11:00:00+01:00,0.0
sc01,y2030,2030-02-01T15:00:00+01:00,0.0
sc01,y2030,2030-02-01T19:00:00+01:00,0.0
sc01,y2030,2030-02-01T23:00:00+01:00,0.0
sc01,y2030,2030-02-02T03:00:00+01:00,7.643113274189095
sc01,y2030,2030-02-02T07:00:00+01:00,0.0
sc01,y2030,2030-02-02T11:00:00+01:00,0.0
sc01,y2030,2030-02-02T15:00:00+01:00,0.0
sc01,y2030,2030-02-02T19:00:00+01:00,0.0
sc01,y2030,2030-02-02T23:00:00+01:00,0.0
sc01,y2030,2030-02-03T03:00:00+01:00,0.0
sc01,y2030,2030-02-03T07:00:00+01:00,0.0
sc01,y2030,2030-02-03T11:00:00+01:00,0.0
sc01,y2030,2030-02-03T15:00:00+01:00,0.0
sc01,y2030,2030-02-03T19:00:00+01:00,0.0
sc01,y2030,2030-02-03T23:00:00+01:00,4.200107265064812
sc01,y2030,2030-02-04T03:00:00+01:00,0.0
sc01,y2030,2030-02-04T07:00:00+01:00,0.0
sc01,y2030,2030-02-04T11:00:00+01:00,0.0
sc01,y2030,2030-02-04T15:00:00+01:00,0.0
sc01,y2030,2030-02-04T19:00:00+01:00,0.0
sc01,y2030,2030-02-04T23:00:00+01:00,0.0
sc01,y2030,2030-02-05T03:00:00+01:00,0.0
sc01,y2030,2030-02-05T07:00:00+01:00,0.0
sc01,y2030,2030-02-05T11:00:00+01:00,0.0
sc01,y2030,2030-02-05T15:00:00+01:00,27.59646416200523
sc01,y2030,2030-02-05T19:00:00+01:00,44.39999999999999
sc01,y2030,2030-02-05T23:00:00+01:00,0.0
sc01,y2030,2030-02-06T03:00:00+01:00,4.385208005814489
sc01,y2030,2030-02-06T07:00:00+01:00,44.39999999999999
sc01,y2030,2030-02-06T11:00:00+01:00,44.39999999999999
sc01,y2030,2030-02-06T15:00:00+01:00,44.39999999999999
sc01,y2030,2030-02-06T19:00:00+01:00,44.39999999999999
sc01,y2030,2030-02-06T23:00:00+01:00,44.39999999999999
sc01,y2030,2030-02-07T03:00:00+01:00,44.39999999999999
sc01,y2030,2030-02-07T07:00:00+01:00,44.39999999999999
sc01,y2030,2030-02-07T11:00:00+01:00,44.39999999999999
sc01,y2030,2030-02-07T15:00:00+01:00,44.39999999999999
sc01,y2030,2030-02-07T19:00:00+01:00,0.0
sc01,y2030,2030-02-07T23:00:00+01:00,44.39999999999999
sc01,y2030,2030-02-08T03:00:00+01:00,0.0
sc01,y2030,2030-02-08T07:00:00+01:00,44.39999999999999
sc01,y2030,2030-02-08T11:00:00+01:00,44.39999999999999
sc01,y2030,2030-02-08T15:00:00+01:00,0.0
sc01,y2030,2030-02-08T19:00:00+01:00,44.39999999999999
sc01,y2030,2030-02-08T23:00:00+01:00,0.0
sc01,y2030,2030-02-09T03:00:00+01:00,0.0
sc01,y2030,2030-02-09T07:00:00+01:00,44.39999999999999
sc01,y2030,2030-02-09T11:00:00+01:00,44.39999999999999
sc01,y2030,2030-02-09T15:00:00+01:00,44.39999999999999
sc01,y2030,2030-02-09T19:00:00+01:00,44.39999999999999
sc01,y2030,2030-02-09T23:00:00+01:00,0.0
sc01,y2030,2030-02-10T03:00:00+01:00,0.0
sc01,y2030,2030-02-10T07:00:00+01:00,44.39999999999999
sc01,y2030,2030-02-10T11:00:00+01:00,44.39999999999999
sc01,y2030,2030-02-10T15:00:00+01:00,44.39999999999999
sc01,y2030,2030-02-10T19:00:00+01:00,44.39999999999999
sc01,y2030,2030-02-10T23:00:00+01:00,0.0
sc01,y2030,2030-02-11T03:00:00+01:00,0.0
sc01,y2030,2030-02-11T07:00:00+01:00,0.0
sc01,y2030,2030-02-11T11:00:00+01:00,44.39999999999999
sc01,y2030,2030-02-11T15:00:00+01:00,44.39999999999999
sc01,y2030,2030-02-11T19:00:00+01:00,44.39999999999999
sc01,y2030,2030-02-11T23:00:00+01:00,44.39999999999999
sc01,y2030,2030-02-12T03:00:00+01:00,0.0
sc01,y2030,2030-02-12T07:00:00+01:00,0.0
sc01,y2030,2030-02-12T11:00:00+01:00,0.0
sc01,y2030,2030-02-12T15:00:00+01:00,0.0
sc01,y2030,2030-02-12T19:00:00+01:00,0.0
sc01,y2030,2030-02-12T23:00:00+01:00,0.0
sc01,y2030,2030-02-13T03:00:00+01:00,44.39999999999999
sc01,y2030,2030-02-13T07:00:00+01:00,0.0
sc01,y2030,2030-02-13T11:00:00+01:00,0.0
sc01,y2030,2030-02-13T15:00:00+01:00,0.0
sc01,y2030,2030-02-13T19:00:00+01:00,0.0
sc01,y2030,2030-02-13T23:00:00+01:00,0.0
sc01,y2030,2030-02-14T03:00:00+01:00,0.0
sc01,y2030,2030-02-14T07:00:00+01:00,0.0
sc01,y2030,2030-02-14T11:00:00+01:00,0.0
sc01,y2030,2030-02-14T15:00:00+01:00,0.0
sc01,y2030,2030-02-14T19:00:00+01:00,0.0
sc01,y2030,2030-02-14T23:00:00+01:00,38.964503990816304
sc01,y2030,2030-02-15T03:00:00+01:00,0.0
sc01,y2030,2030-02-15T07:00:00+01:00,0.0
sc01,y2030,2030-02-15T11:00:00+01:00,0.0
sc01,y2030,2030-02-15T15:00:00+01:00,0.0
sc01,y2030,2030-02-15T19:00:00+01:00,0.0
sc01,y2030,2030-02-15T23:00:00+01:00,0.0
sc01,y2030,2030-02-16T03:00:00+01:00,7.775883284941498
sc01,y2030,2030-02-16T07:00:00+01:00,0.0
sc01,y2030,2030-02-16T11:00:00+01:00,0.0
sc01,y2030,2030-02-16T15:00:00+01:00,0.0
sc01,y2030,2030-02-16T19:00:00+01:00,0.0
sc01,y2030,2030-02-16T23:00:00+01:00,0.0
sc01,y2030,2030-02-17T03:00:00+01:00,0.0
sc01,y2030,2030-02-17T07:00:00+01:00,11.407051553316617
sc01,y2030,2030-02-17T11:00:00+01:00,44.39999999999999
sc01,y2030,2030-02-17T15:00:00+01:00,0.0
sc01,y2030,2030-02-17T19:00:00+01:00,0.0
sc01,y2030,2030-02-17T23:00:00+01:00,0.0
sc01,y2030,2030-02-18T03:00:00+01:00,0.0
sc01,y2030,2030-02-18T07:00:00+01:00,0.0
sc01,y2030,2030-02-18T11:00:00+01:00,0.0
sc01,y2030,2030-02-18T15:00:00+01:00,0.0
sc01,y2030,2030-02-18T19:00:00+01:00,0.0
sc01,y2030,2030-02-18T23:00:00+01:00,0.0
sc01,y2030,2030-02-19T03:00:00+01:00,0.0
sc01,y2030,2030-02-19T07:00:00+01:00,0.0
sc01,y2030,2030-02-19T11:00:00+01:00,0.0
sc01,y2030,2030-02-19T15:00:00+01:00,0.0
sc01,y2030,2030-02-19T19:00:00+01:00,0.0
sc01,y2030,2030-02-19T23:00:00+01:00,0.0
sc01,y2030,2030-02-20T03:00:00+01:00,0.0
sc01,y2030,2030-02-20T07:00:00+01:00,0.0
sc01,y2030,2030-02-20T11:00:00+01:00,0.0
sc01,y2030,2030-02-20T15:00:00+01:00,0.0
sc01,y2030,2030-02-20T19:00:00+01:00,0.0
sc01,y2030,2030-02-20T23:00:00+01:00,0.0
sc01,y2030,2030-02-21T03:00:00+01:00,0.0
sc01,y2030,2030-02-21T07:00:00+01:00,0.0
sc01,y2030,2030-02-21T11:00:00+01:00,0.0
sc01,y2030,2030-02-21T15:00:00+01:00,0.0
sc01,y2030,2030-02-21T19:00:00+01:00,0.0
sc01,y2030,2030-02-21T23:00:00+01:00,0.0
sc01,y2030,2030-02-22T03:00:00+01:00,0.0
sc01,y2030,2030-02-22T07:00:00+01:00,0.0
sc01,y2030,2030-02-22T11:00:00+01:00,0.0
sc01,y2030,2030-02-22T15:00:00+01:00,0.0
sc01,y2030,2030-02-22T19:00:00+01:00,0.0
sc01,y2030,2030-02-22T23:00:00+01:00,0.0
sc01,y2030,2030-02-23T03:00:00+01:00,0.0
sc01,y2030,2030-02-23T07:00:00+01:00,0.0
sc01,y2030,2030-02-23T11:00:00+01:00,0.0
sc01,y2030,2030-02-23T15:00:00+01:00,0.0
sc01,y2030,2030-02-23T19:00:00+01:00,0.0
sc01,y2030,2030-02-23T23:00:00+01:00,0.0
sc01,y2030,2030-02-24T03:00:00+01:00,0.0
sc01,y2030,2030-02-24T07:00:00+01:00,0.0
sc01,y2030,2030-02-24T11:00:00+01:00,0.0
sc01,y2030,2030-02-24T15:00:00+01:00,0.0
sc01,y2030,2030-02-24T19:00:00+01:00,0.0
sc01,y2030,2030-02-24T23:00:00+01:00,0.0
sc01,y2030,2030-02-25T03:00:00+01:00,0.0
sc01,y2030,2030-02-25T07:00:00+01:00,0.0
sc01,y2030,2030-02-25T11:00:00+01:00,18.3306115965039
sc01,y2030,2030-02-25T15:00:00+01:00,0.0
sc01,y2030,2030-02-25T19:00:00+01:00,0.0
sc01,y2030,2030-02-25T23:00:00+01:00,0.0
sc01,y2030,2030-02-26T03:00:00+01:00,0.0
sc01,y2030,2030-02-26T07:00:00+01:00,0.0
sc01,y2030,2030-02-26T11:00:00+01:00,0.0
sc01,y2030,2030-02-26T15:00:00+01:00,0.0
sc01,y2030,2030-02-26T19:00:00+01:00,0.0
sc01,y2030,2030-02-26T23:00:00+01:00,0.0
sc01,y2030,2030-02-27T03:00:00+01:00,0.0
sc01,y2030,2030-02-27T07:00:00+01:00,0.0
sc01,y2030,2030-02-27T11:00:00+01:00,0.0
sc01,y2030,2030-02-27T15:00:00+01:00,0.0
sc01,y2030,2030-02-27T19:00:00+01:00,0.0
sc01,y2030,2030-02-27T23:00:00+01:00,0.0
sc01,y2030,2030-02-28T03:00:00+01:00,0.4836904763786398
sc01,y2030,2030-02-28T07:00:00+01:00,0.0
sc01,y2030,2030-02-28T11:00:00+01:00,0.0
sc01,y2030,2030-02-28T15:00:00+01:00,0.0
sc01,y2030,2030-02-28T19:00:00+01:00,0.0
sc01,y2030,2030-02-28T23:00:00+01:00,37.60491539962185
sc01,y2030,2030-03-01T03:00:00+01:00,0.0
sc01,y2030,2030-03-01T07:00:00+01:00,0.0
sc01,y2030,2030-03-01T11:00:00+01:00,0.0
sc01,y2030,2030-03-01T15:00:00+01:00,0.0
sc01,y2030,2030-03-01T19:00:00+01:00,0.0
sc01,y2030,2030-03-01T23:00:00+01:00,44.39999999999999
sc01,y2030,2030-03-02T03:00:00+01:00,0.0
sc01,y2030,2030-03-02T07:00:00+01:00,0.0
sc01,y2030,2030-03-02T11:00:00+01:00,0.0
sc01,y2030,2030-03-02T15:00:00+01:00,0.0
sc01,y2030,2030-03-02T19:00:00+01:00,0.0
sc01,y2030,2030-03-02T23:00:00+01:00,0.0
sc01,y2030,2030-03-03T03:00:00+01:00,44.39999999999999
sc01,y2030,2030-03-03T07:00:00+01:00,0.0
sc01,y2030,2030-03-03T11:00:00+01:00,0.0
sc01,y2030,2030-03-03T15:00:00+01:00,0.0
sc01,y2030,2030-03-03T19:00:00+01:00,0.0
sc01,y2030,2030-03-03T23:00:00+01:00,0.0
sc01,y2030,2030-03-04T03:00:00+01:00,0.0
sc01,y2030,2030-03-04T07:00:00+01:00,0.0
sc01,y2030,2030-03-04T11:00:00+01:00,16.357584051249873
sc01,y2030,2030-03-04T15:00:00+01:00,0.0
sc01,y2030,2030-03-04T19:00:00+01:00,0.0
sc01,y2030,2030-03-04T23:00:00+01:00,0.0
sc01,y2030,2030-03-05T03:00:00+01:00,0.0
sc01,y2030,2030-03-05T07:00:00+01:00,0.0
sc01,y2030,2030-03-05T11:00:00+01:00,44.39999999999999
sc01,y2030,2030-03-05T15:00:00+01:00,44.39999999999999
sc01,y2030,2030-03-05T19:00:00+01:00,0.0
sc01,y2030,2030-03-05T23:00:00+01:00,0.0
sc01,y2030,2030-03-06T03:00:00+01:00,0.0
sc01,y2030,2030-03-06T07:00:00+01:00,44.39999999999999
sc01,y2030,2030-03-06T11:00:00+01:00,44.39999999999999
sc01,y2030,2030-03-06T15:00:00+01:00,44.39999999999999
sc01,y2030,2030-03-06T19:00:00+01:00,44.39999999999999
sc01,y2030,2030-03-06T23:00:00+01:00,44.39999999999999
sc01,y2030,2030-03-07T03:00:00+01:00,44.39999999999999
sc01,y2030,2030-03-07T07:00:00+01:00,44.39999999999999
sc01,y2030,2030-03-07T11:00:00+01:00,44.39999999999999
sc01,y2030,2030-03-07T15:00:00+01:00,44.39999999999999
sc01,y2030,2030-03-07T19:00:00+01:00,0.0
sc01,y2030,2030-03-07T23:00:00+01:00,44.39999999999999
sc01,y2030,2030-03-08T03:00:00+01:00,39.55498389265899
sc01,y2030,2030-03-08T07:00:00+01:00,44.39999999999999
sc01,y2030,2030-03-08T11:00:00+01:00,0.0
sc01,y2030,2030-03-08T15:00:00+01:00,44.39999999999999
sc01,y2030,2030-03-08T19:00:00+01:00,44.39999999999999
sc01,y2030,2030-03-08T23:00:00+01:00,44.39999999999999
sc01,y2030,2030-03-09T03:00:00+01:00,0.0
sc01,y2030,2030-03-09T07:00:00+01:00,0.0
sc01,y2030,2030-03-09T11:00:00+01:00,44.39999999999999
sc01,y2030,2030-03-09T15:00:00+01:00,44.39999999999999
sc01,y2030,2030-03-09T19:00:00+01:00,0.0
sc01,y2030,2030-03-09T23:00:00+01:00,0.0
sc01,y2030,2030-03-10T03:00:00+01:00,44.39999999999999
sc01,y2030,2030-03-10T07:00:00+01:00,44.39999999999999
sc01,y2030,2030-03-10T11:00:00+01:00,0.0
sc01,y2030,2030-03-10T15:00:00+01:00,44.39999999999999
sc01,y2030,2030-03-10T19:00:00+01:00,44.39999999999999
sc01,y2030,2030-03-10T23:00:00+01:00,44.39999999999999
sc01,y2030,2030-03-11T03:00:00+01:00,0.0
sc01,y2030,2030-03-11T07:00:00+01:00,0.0
sc01,y2030,2030-03-11T11:00:00+01:00,0.0
sc01,y2030,2030-03-11T15:00:00+01:00,0.0
sc01,y2030,2030-03-11T19:00:00+01:00,0.0
sc01,y2030,2030-03-11T23:00:00+01:00,0.0
sc01,y2030,2030-03-12T03:00:00+01:00,0.0
sc01,y2030,2030-03-12T07:00:00+01:00,0.0
sc01,y2030,2030-03-12T11:00:00+01:00,0.0
sc01,y2030,2030-03-12T15:00:00+01:00,0.0
sc01,y2030,2030-03-12T19:00:00+01:00,0.0
sc01,y2030,2030-03-12T23:00:00+01:00,0.0
sc01,y2030,2030-03-13T03:00:00+01:00,0.0
sc01,y2030,2030-03-13T07:00:00+01:00,0.0
sc01,y2030,2030-03-13T11:00:00+01:00,0.0
sc01,y2030,2030-03-13T15:00:00+01:00,0.0
sc01,y2030,2030-03-13T19:00:00+01:00,0.0
sc01,y2030,2030-03-13T23:00:00+01:00,0.0
sc01,y2030,2030-03-14T03:00:00+01:00,0.0
sc01,y2030,2030-03-14T07:00:00+01:00,0.0
sc01,y2030,2030-03-14T11:00:00+01:00,0.0
sc01,y2030,2030-03-14T15:00:00+01:00,0.0
sc01,y2030,2030-03-14T19:00:00+01:00,0.0
sc01,y2030,2030-03-14T23:00:00+01:00,0.0
sc01,y2030,2030-03-15T03:00:00+01:00,0.0
sc01,y2030,2030-03-15T07:00:00+01:00,0.0
sc01,y2030,2030-03-15T11:00:00+01:00,0.0
sc01,y2030,2030-03-15T15:00:00+01:00,0.0
sc01,y2030,2030-03-15T19:00:00+01:00,0.0
sc01,y2030,2030-03-15T23:00:00+01:00,0.0
sc01,y2030,2030-03-16T03:00:00+01:00,0.0
sc01,y2030,2030-03-16T07:00:00+01:00,0.0
sc01,y2030,2030-03-16T11:00:00+01:00,0.0
sc01,y2030,2030-03-16T15:00:00+01:00,0.0
sc01,y2030,2030-03-16T19:00:00+01:00,0.0
sc01,y2030,2030-03-16T23:00:00+01:00,0.0
sc01,y2030,2030-03-17T03:00:00+01:00,0.0
sc01,y2030,2030-03-17T07:00:00+01:00,0.0
sc01,y2030,2030-03-17T11:00:00+01:00,0.0
sc01,y2030,2030-03-17T15:00:00+01:00,0.0
sc01,y2030,2030-03-17T19:00:00+01:00,0.0
sc01,y2030,2030-03-17T23:00:00+01:00,0.0
sc01,y2030,2030-03-18T03:00:00+01:00,0.0
sc01,y2030,2030-03-18T07:00:00+01:00,5.767993602940558
sc01,y2030,2030-03-18T11:00:00+01:00,0.0
sc01,y2030,2030-03-18T15:00:00+01:00,0.0
sc01,y2030,2030-03-18T19:00:00+01:00,0.0
sc01,y2030,2030-03-18T23:00:00+01:00,0.0
sc01,y2030,2030-03-19T03:00:00+01:00,6.6918953220656
sc01,y2030,2030-03-19T07:00:00+01:00,0.0
sc01,y2030,2030-03-19T11:00:00+01:00,0.0
sc01,y2030,2030-03-19T15:00:00+01:00,0.0
sc01,y2030,2030-03-19T19:00:00+01:00,0.0
sc01,y2030,2030-03-19T23:00:00+01:00,0.0
sc01,y2030,2030-03-20T03:00:00+01:00,2.117853786190782
sc01,y2030,2030-03-20T07:00:00+01:00,0.0
sc01,y2030,2030-03-20T11:00:00+01:00,0.0
sc01,y2030,2030-03-20T15:00:00+01:00,0.0
sc01,y2030,2030-03-20T19:00:00+01:00,0.0
sc01,y2030,2030-03-20T23:00:00+01:00,0.0
sc01,y2030,2030-03-21T03:00:00+01:00,77.69999999999999
sc01,y2030,2030-03-21T07:00:00+01:00,0.0
sc01,y2030,2030-03-21T11:00:00+01:00,0.0
sc01,y2030,2030-03-21T15:00:00+01:00,0.0
sc01,y2030,2030-03-21T19:00:00+01:00,0.0
sc01,y2030,2030-03-21T23:00:00+01:00,0.0
sc01,y2030,2030-03-22T03:00:00+01:00,0.0
sc01,y2030,2030-03-22T07:00:00+01:00,0.0
sc01,y2030,2030-03-22T11:00:00+01:00,0.0
sc01,y2030,2030-03-22T15:00:00+01:00,0.0
sc01,y2030,2030-03-22T19:00:00+01:00,0.0
sc01,y2030,2030-03-22T23:00:00+01:00,0.0
sc01,y2030,2030-03-23T03:00:00+01:00,0.0
sc01,y2030,2030-03-23T07:00:00+01:00,0.0
sc01,y2030,2030-03-23T11:00:00+01:00,0.0
sc01,y2030,2030-03-23T15:00:00+01:00,0.0
sc01,y2030,2030-03-23T19:00:00+01:00,0.0
sc01,y2030,2030-03-23T23:00:00+01:00,0.0
sc01,y2030,2030-03-24T03:00:00+01:00,22.689229934064635
sc01,y2030,2030-03-24T07:00:00+01:00,44.39999999999999
sc01,y2030,2030-03-24T11:00:00+01:00,0.0
sc01,y2030,2030-03-24T15:00:00+01:00,0.0
sc01,y2030,2030-03-24T19:00:00+01:00,0.0
sc01,y2030,2030-03-24T23:00:00+01:00,0.0
sc01,y2030,2030-03-25T03:00:00+01:00,0.0
sc01,y2030,2030-03-25T07:00:00+01:00,0.0
sc01,y2030,2030-03-25T11:00:00+01:00,0.0
sc01,y2030,2030-03-25T15:00:00+01:00,0.0
sc01,y2030,2030-03-25T19:00:00+01:00,0.0
sc01,y2030,2030-03-25T23:00:00+01:00,8.92696991931502
sc01,y2030,2030-03-26T03:00:00+01:00,0.0
sc01,y2030,2030-03-26T07:00:00+01:00,0.0
sc01,y2030,2030-03-26T11:00:00+01:00,0.0
sc01,y2030,2030-03-26T15:00:00+01:00,0.0
sc01,y2030,2030-03-26T19:00:00+01:00,0.0
sc01,y2030,2030-03-26T23:00:00+01:00,44.39999999999999
sc01,y2030,2030-03-27T03:00:00+01:00,0.0
sc01,y2030,2030-03-27T07:00:00+01:00,0.0
sc01,y2030,2030-03-27T11:00:00+01:00,0.0
sc01,y2030,2030-03-27T15:00:00+01:00,0.0
sc01,y2030,2030-03-27T19:00:00+01:00,0.0
sc01,y2030,2030-03-27T23:00:00+01:00,44.39999999999999
sc01,y2030,2030-03-28T03:00:00+01:00,0.0
sc01,y2030,2030-03-28T07:00:00+01:00,44.39999999999999
sc01,y2030,2030-03-28T11:00:00+01:00,44.39999999999999
sc01,y2030,2030-03-28T15:00:00+01:00,0.0
sc01,y2030,2030-03-28T19:00:00+01:00,44.39999999999999
sc01,y2030,2030-03-28T23:00:00+01:00,0.0
sc01,y2030,2030-03-29T03:00:00+01:00,0.0
sc01,y2030,2030-03-29T07:00:00+01:00,0.0
sc01,y2030,2030-03-29T11:00:00+01:00,44.39999999999999
sc01,y2030,2030-03-29T15:00:00+01:00,0.0
sc01,y2030,2030-03-29T19:00:00+01:00,44.39999999999999
sc01,y2030,2030-03-29T23:00:00+01:00,44.39999999999999
sc01,y2030,2030-03-30T03:00:00+01:00,0.0
sc01,y2030,2030-03-30T07:00:00+01:00,0.0
sc01,y2030,2030-03-30T11:00:00+01:00,44.39999999999999
sc01,y2030,2030-03-30T15:00:00+01:00,0.0
sc01,y2030,2030-03-30T19:00:00+01:00,0.0
sc01,y2030,2030-03-30T23:00:00+01:00,44.39999999999999
sc01,y2030,2030-03-31T03:00:00+02:00,0.0
sc01,y2030,2030-03-31T07:00:00+02:00,0.0
sc01,y2030,2030-03-31T11:00:00+02:00,0.0
sc01,y2030,2030-03-31T15:00:00+02:00,0.0
sc01,y2030,2030-03-31T19:00:00+02:00,0.0
sc01,y2030,2030-03-31T23:00:00+02:00,39.845673835252896
sc01,y2030,2030-04-01T03:00:00+02:00,0.0
sc01,y2030,2030-04-01T07:00:00+02:00,0.0
sc01,y2030,2030-04-01T11:00:00+02:00,4.499738532252717
sc01,y2030,2030-04-01T15:00:00+02:00,0.0
sc01,y2030,2030-04-01T19:00:00+02:00,44.39999999999999
sc01,y2030,2030-04-01T23:00:00+02:00,13.238017808002711
sc01,y2030,2030-04-02T03:00:00+02:00,0.0
sc01,y2030,2030-04-02T07:00:00+02:00,0.0
sc01,y2030,2030-04-02T11:00:00+02:00,0.0
sc01,y2030,2030-04-02T15:00:00+02:00,0.0
sc01,y2030,2030-04-02T19:00:00+02:00,0.0
sc01,y2030,2030-04-02T23:00:00+02:00,0.0
sc01,y2030,2030-04-03T03:00:00+02:00,0.0
sc01,y2030,2030-04-03T07:00:00+02:00,0.0
sc01,y2030,2030-04-03T11:00:00+02:00,0.0
sc01,y2030,2030-04-03T15:00:00+02:00,0.0
sc01,y2030,2030-04-03T19:00:00+02:00,0.0
sc01,y2030,2030-04-03T23:00:00+02:00,0.0
sc01,y2030,2030-04-04T03:00:00+02:00,0.0
sc01,y2030,2030-04-04T07:00:00+02:00,0.0
sc01,y2030,2030-04-04T11:00:00+02:00,0.0
sc01,y2030,2030-04-04T15:00:00+02:00,0.0
sc01,y2030,2030-04-04T19:00:00+02:00,0.0
sc01,y2030,2030-04-04T23:00:00+02:00,0.0
sc01,y2030,2030-04-05T03:00:00+02:00,0.0
sc01,y2030,2030-04-05T07:00:00+02:00,0.0
sc01,y2030,2030-04-05T11:00:00+02:00,0.0
sc01,y2030,2030-04-05T15:00:00+02:00,0.0
sc01,y2030,2030-04-05T19:00:00+02:00,0.0
sc01,y2030,2030-04-05T23:00:00+02:00,0.0
sc01,y2030,2030-04-06T03:00:00+02:00,0.0
sc01,y2030,2030-04-06T07:00:00+02:00,0.0
sc01,y2030,2030-04-06T11:00:00+02:00,0.0
sc01,y2030,2030-04-06T15:00:00+02:00,0.0
sc01,y2030,2030-04-06T19:00:00+02:00,0.0
sc01,y2030,2030-04-06T23:00:00+02:00,0.0
sc01,y2030,2030-04-07T03:00:00+02:00,0.0
sc01,y2030,2030-04-07T07:00:00+02:00,39.316807370435356
sc01,y2030,2030-04-07T11:00:00+02:00,44.39999999999999
sc01,y2030,2030-04-07T15:00:00+02:00,0.0
sc01,y2030,2030-04-07T19:00:00+02:00,0.0
sc01,y2030,2030-04-07T23:00:00+02:00,0.0
sc01,y2030,2030-04-08T03:00:00+02:00,0.0
sc01,y2030,2030-04-08T07:00:00+02:00,0.0
sc01,y2030,2030-04-08T11:00:00+02:00,0.0
sc01,y2030,2030-04-08T15:00:00+02:00,0.0
sc01,y2030,2030-04-08T19:00:00+02:00,0.0
sc01,y2030,2030-04-08T23:00:00+02:00,0.0
sc01,y2030,2030-04-09T03:00:00+02:00,0.0
sc01,y2030,2030-04-09T07:00:00+02:00,0.0
sc01,y2030,2030-04-09T11:00:00+02:00,0.0
sc01,y2030,2030-04-09T15:00:00+02:00,0.0
sc01,y2030,2030-04-09T19:00:00+02:00,0.0
sc01,y2030,2030-04-09T23:00:00+02:00,44.39999999999999
sc01,y2030,2030-04-10T03:00:00+02:00,0.0
sc01,y2030,2030-04-10T07:00:00+02:00,0.0
sc01,y2030,2030-04-10T11:00:00+02:00,0.0
sc01,y2030,2030-04-10T15:00:00+02:00,0.0
sc01,y2030,2030-04-10T19:00:00+02:00,0.0
sc01,y2030,2030-04-10T23:00:00+02:00,0.0
sc01,y2030,2030-04-11T03:00:00+02:00,0.0
sc01,y2030,2030-04-11T07:00:00+02:00,0.0
sc01,y2030,2030-04-11T11:00:00+02:00,0.0
sc01,y2030,2030-04-11T15:00:00+02:00,0.0
sc01,y2030,2030-04-11T19:00:00+02:00,0.0
sc01,y2030,2030-04-11T23:00:00+02:00,0.0
sc01,y2030,2030-04-12T03:00:00+02:00,0.0
sc01,y2030,2030-04-12T07:00:00+02:00,0.0
sc01,y2030,2030-04-12T11:00:00+02:00,0.0
sc01,y2030,2030-04-12T15:00:00+02:00,0.0
sc01,y2030,2030-04-12T19:00:00+02:00,0.0
sc01,y2030,2030-04-12T23:00:00+02:00,0.0
sc01,y2030,2030-04-13T03:00:00+02:00,0.0
sc01,y2030,2030-04-13T07:00:00+02:00,0.0
sc01,y2030,2030-04-13T11:00:00+02:00,0.0
sc01,y2030,2030-04-13T15:00:00+02:00,0.0
sc01,y2030,2030-04-13T19:00:00+02:00,0.0
sc01,y2030,2030-04-13T23:00:00+02:00,9.172936612440092
sc01,y2030,2030-04-14T03:00:00+02:00,0.0
sc01,y2030,2030-04-14T07:00:00+02:00,6.1419550116898485
sc01,y2030,2030-04-14T11:00:00+02:00,37.216117999190004
sc01,y2030,2030-04-14T15:00:00+02:00,0.0
sc01,y2030,2030-04-14T19:00:00+02:00,27.939721208499634
sc01,y2030,2030-04-14T23:00:00+02:00,0.0
sc01,y2030,2030-04-15T03:00:00+02:00,0.0
sc01,y2030,2030-04-15T07:00:00+02:00,0.0
sc01,y2030,2030-04-15T11:00:00+02:00,0.0
sc01,y2030,2030-04-15T15:00:00+02:00,0.0
sc01,y2030,2030-04-15T19:00:00+02:00,0.0
sc01,y2030,2030-04-15T23:00:00+02:00,24.662747612435034
sc01,y2030,2030-04-16T03:00:00+02:00,7.16105636031511
sc01,y2030,2030-04-16T07:00:00+02:00,0.0
sc01,y2030,2030-04-16T11:00:00+02:00,0.0
sc01,y2030,2030-04-16T15:00:00+02:00,0.0
sc01,y2030,2030-04-16T19:00:00+02:00,0.0
sc01,y2030,2030-04-16T23:00:00+02:00,0.0
sc01,y2030,2030-04-17T03:00:00+02:00,0.0
sc01,y2030,2030-04-17T07:00:00+02:00,0.0
sc01,y2030,2030-04-17T11:00:00+02:00,0.0
sc01,y2030,2030-04-17T15:00:00+02:00,0.0
sc01,y2030,2030-04-17T19:00:00+02:00,0.0
sc01,y2030,2030-04-17T23:00:00+02:00,0.0
sc01,y2030,2030-04-18T03:00:00+02:00,0.0
sc01,y2030,2030-04-18T07:00:00+02:00,0.0
sc01,y2030,2030-04-18T11:00:00+02:00,0.0
sc01,y2030,2030-04-18T15:00:00+02:00,0.0
sc01,y2030,2030-04-18T19:00:00+02:00,0.0
sc01,y2030,2030-04-18T23:00:00+02:00,0.0
sc01,y2030,2030-04-19T03:00:00+02:00,0.0
sc01,y2030,2030-04-19T07:00:00+02:00,0.0
sc01,y2030,2030-04-19T11:00:00+02:00,0.0
sc01,y2030,2030-04-19T15:00:00+02:00,0.0
sc01,y2030,2030-04-19T19:00:00+02:00,0.0
sc01,y2030,2030-04-19T23:00:00+02:00,0.0
sc01,y2030,2030-04-20T03:00:00+02:00,0.0
sc01,y2030,2030-04-20T07:00:00+02:00,0.0
sc01,y2030,2030-04-20T11:00:00+02:00,0.0
sc01,y2030,2030-04-20T15:00:00+02:00,0.0
sc01,y2030,2030-04-20T19:00:00+02:00,0.0
sc01,y2030,2030-04-20T23:00:00+02:00,44.39999999999999
sc01,y2030,2030-04-21T03:00:00+02:00,0.0
sc01,y2030,2030-04-21T07:00:00+02:00,44.39999999999999
sc01,y2030,2030-04-21T11:00:00+02:00,0.0
sc01,y2030,2030-04-21T15:00:00+02:00,0.0
sc01,y2030,2030-04-21T19:00:00+02:00,0.0
sc01,y2030,2030-04-21T23:00:00+02:00,0.0
sc01,y2030,2030-04-22T03:00:00+02:00,0.0
sc01,y2030,2030-04-22T07:00:00+02:00,0.0
sc01,y2030,2030-04-22T11:00:00+02:00,0.0
sc01,y2030,2030-04-22T15:00:00+02:00,0.0
sc01,y2030,2030-04-22T19:00:00+02:00,0.0
sc01,y2030,2030-04-22T23:00:00+02:00,0.0
sc01,y2030,2030-04-23T03:00:00+02:00,0.0
sc01,y2030,2030-04-23T07:00:00+02:00,0.0
sc01,y2030,2030-04-23T11:00:00+02:00,0.0
sc01,y2030,2030-04-23T15:00:00+02:00,0.0
sc01,y2030,2030-04-23T19:00:00+02:00,0.0
sc01,y2030,2030-04-23T23:00:00+02:00,0.0
sc01,y2030,2030-04-24T03:00:00+02:00,44.39999999999999
sc01,y2030,2030-04-24T07:00:00+02:00,0.0
sc01,y2030,2030-04-24T11:00:00+02:00,0.0
sc01,y2030,2030-04-24T15:00:00+02:00,0.0
sc01,y2030,2030-04-24T19:00:00+02:00,0.0
sc01,y2030,2030-04-24T23:00:00+02:00,0.0
sc01,y2030,2030-04-25T03:00:00+02:00,0.0
sc01,y2030,2030-04-25T07:00:00+02:00,0.0
sc01,y2030,2030-04-25T11:00:00+02:00,0.0
sc01,y2030,2030-04-25T15:00:00+02:00,0.0
sc01,y2030,2030-04-25T19:00:00+02:00,0.0
sc01,y2030,2030-04-25T23:00:00+02:00,0.0
sc01,y2030,2030-04-26T03:00:00+02:00,6.616620551314845
sc01,y2030,2030-04-26T07:00:00+02:00,0.0
sc01,y2030,2030-04-26T11:00:00+02:00,0.0
sc01,y2030,2030-04-26T15:00:00+02:00,0.0
sc01,y2030,2030-04-26T19:00:00+02:00,0.0
sc01,y2030,2030-04-26T23:00:00+02:00,44.39999999999999
sc01,y2030,2030-04-27T03:00:00+02:00,0.0
sc01,y2030,2030-04-27T07:00:00+02:00,0.0
sc01,y2030,2030-04-27T11:00:00+02:00,0.0
sc01,y2030,2030-04-27T15:00:00+02:00,44.39999999999999
sc01,y2030,2030-04-27T19:00:00+02:00,44.39999999999999
sc01,y2030,2030-04-27T23:00:00+02:00,0.0
sc01,y2030,2030-04-28T03:00:00+02:00,0.0
sc01,y2030,2030-04-28T07:00:00+02:00,44.36356855106452
sc01,y2030,2030-04-28T11:00:00+02:00,0.0
sc01,y2030,2030-04-28T15:00:00+02:00,0.0
sc01,y2030,2030-04-28T19:00:00+02:00,0.0
sc01,y2030,2030-04-28T23:00:00+02:00,0.0
sc01,y2030,2030-04-29T03:00:00+02:00,0.0
sc01,y2030,2030-04-29T07:00:00+02:00,0.0
sc01,y2030,2030-04-29T11:00:00+02:00,44.39999999999999
sc01,y2030,2030-04-29T15:00:00+02:00,0.0
sc01,y2030,2030-04-29T19:00:00+02:00,44.39999999999999
sc01,y2030,2030-04-29T23:00:00+02:00,38.24411025756419
sc01,y2030,2030-04-30T03:00:00+02:00,0.0
sc01,y2030,2030-04-30T07:00:00+02:00,0.0
sc01,y2030,2030-04-30T11:00:00+02:00,0.0
sc01,y2030,2030-04-30T15:00:00+02:00,0.0
sc01,y2030,2030-04-30T19:00:00+02:00,0.0
sc01,y2030,2030-04-30T23:00:00+02:00,29.019313621564514
sc01,y2030,2030-05-01T03:00:00+02:00,0.0
sc01,y2030,2030-05-01T07:00:00+02:00,0.0
sc01,y2030,2030-05-01T11:00:00+02:00,0.0
sc01,y2030,2030-05-01T15:00:00+02:00,62.16
sc01,y2030,2030-05-01T19:00:00+02:00,0.0
sc01,y2030,2030-05-01T23:00:00+02:00,0.0
sc01,y2030,2030-05-02T03:00:00+02:00,0.0
sc01,y2030,2030-05-02T07:00:00+02:00,0.0
sc01,y2030,2030-05-02T11:00:00+02:00,0.0
sc01,y2030,2030-05-02T15:00:00+02:00,19.18014477162511
sc01,y2030,2030-05-02T19:00:00+02:00,0.0
sc01,y2030,2030-05-02T23:00:00+02:00,0.0
sc01,y2030,2030-05-03T03:00:00+02:00,30.017497752940464
sc01,y2030,2030-05-03T07:00:00+02:00,0.0
sc01,y2030,2030-05-03T11:00:00+02:00,0.0
sc01,y2030,2030-05-03T15:00:00+02:00,0.0
sc01,y2030,2030-05-03T19:00:00+02:00,0.0
sc01,y2030,2030-05-03T23:00:00+02:00,0.0
sc01,y2030,2030-05-04T03:00:00+02:00,0.0
sc01,y2030,2030-05-04T07:00:00+02:00,39.90656468174991
sc01,y2030,2030-05-04T11:00:00+02:00,44.39999999999999
sc01,y2030,2030-05-04T15:00:00+02:00,37.11785320337502
sc01,y2030,2030-05-04T19:00:00+02:00,0.0
sc01,y2030,2030-05-04T23:00:00+02:00,0.0
sc01,y2030,2030-05-05T03:00:00+02:00,0.0
sc01,y2030,2030-05-05T07:00:00+02:00,0.0
sc01,y2030,2030-05-05T11:00:00+02:00,0.0
sc01,y2030,2030-05-05T15:00:00+02:00,0.0
sc01,y2030,2030-05-05T19:00:00+02:00,0.0
sc01,y2030,2030-05-05T23:00:00+02:00,0.0
sc01,y2030,2030-05-06T03:00:00+02:00,0.0
sc01,y2030,2030-05-06T07:00:00+02:00,6.784208862191971
sc01,y2030,2030-05-06T11:00:00+02:00,0.0
sc01,y2030,2030-05-06T15:00:00+02:00,0.0
sc01,y2030,2030-05-06T19:00:00+02:00,0.0
sc01,y2030,2030-05-06T23:00:00+02:00,0.0
sc01,y2030,2030-05-07T03:00:00+02:00,0.0
sc01,y2030,2030-05-07T07:00:00+02:00,0.0
sc01,y2030,2030-05-07T11:00:00+02:00,0.0
sc01,y2030,2030-05-07T15:00:00+02:00,0.0
sc01,y2030,2030-05-07T19:00:00+02:00,0.0
sc01,y2030,2030-05-07T23:00:00+02:00,0.0
sc01,y2030,2030-05-08T03:00:00+02:00,0.0
sc01,y2030,2030-05-08T07:00:00+02:00,0.0
sc01,y2030,2030-05-08T11:00:00+02:00,0.0
sc01,y2030,2030-05-08T15:00:00+02:00,0.0
sc01,y2030,2030-05-08T19:00:00+02:00,0.0
sc01,y2030,2030-05-08T23:00:00+02:00,0.0
sc01,y2030,2030-05-09T03:00:00+02:00,0.0
sc01,y2030,2030-05-09T07:00:00+02:00,0.0
sc01,y2030,2030-05-09T11:00:00+02:00,0.0
sc01,y2030,2030-05-09T15:00:00+02:00,0.0
sc01,y2030,2030-05-09T19:00:00+02:00,0.0
sc01,y2030,2030-05-09T23:00:00+02:00,0.0
sc01,y2030,2030-05-10T03:00:00+02:00,0.0
sc01,y2030,2030-05-10T07:00:00+02:00,0.0
sc01,y2030,2030-05-10T11:00:00+02:00,6.6060504304441
sc01,y2030,2030-05-10T15:00:00+02:00,41.34824738381901
sc01,y2030,2030-05-10T19:00:00+02:00,0.0
sc01,y2030,2030-05-10T23:00:00+02:00,0.0
sc01,y2030,2030-05-11T03:00:00+02:00,44.39999999999999
sc01,y2030,2030-05-11T07:00:00+02:00,30.145740112194286
sc01,y2030,2030-05-11T11:00:00+02:00,0.0
sc01,y2030,2030-05-11T15:00:00+02:00,0.0
sc01,y2030,2030-05-11T19:00:00+02:00,0.0
sc01,y2030,2030-05-11T23:00:00+02:00,0.0
sc01,y2030,2030-05-12T03:00:00+02:00,0.0
sc01,y2030,2030-05-12T07:00:00+02:00,27.61230886219479
sc01,y2030,2030-05-12T11:00:00+02:00,0.0
sc01,y2030,2030-05-12T15:00:00+02:00,0.0
sc01,y2030,2030-05-12T19:00:00+02:00,0.0
sc01,y2030,2030-05-12T23:00:00+02:00,0.0
sc01,y2030,2030-05-13T03:00:00+02:00,0.0
sc01,y2030,2030-05-13T07:00:00+02:00,0.0
sc01,y2030,2030-05-13T11:00:00+02:00,0.8973691804453898
sc01,y2030,2030-05-13T15:00:00+02:00,0.0
sc01,y2030,2030-05-13T19:00:00+02:00,0.0
sc01,y2030,2030-05-13T23:00:00+02:00,0.0
sc01,y2030,2030-05-14T03:00:00+02:00,44.39999999999999
sc01,y2030,2030-05-14T07:00:00+02:00,0.0
sc01,y2030,2030-05-14T11:00:00+02:00,44.39999999999999
sc01,y2030,2030-05-14T15:00:00+02:00,0.0
sc01,y2030,2030-05-14T19:00:00+02:00,0.0
sc01,y2030,2030-05-14T23:00:00+02:00,44.39999999999999
sc01,y2030,2030-05-15T03:00:00+02:00,44.39999999999999
sc01,y2030,2030-05-15T07:00:00+02:00,44.39999999999999
sc01,y2030,2030-05-15T11:00:00+02:00,44.39999999999999
sc01,y2030,2030-05-15T15:00:00+02:00,44.39999999999999
sc01,y2030,2030-05-15T19:00:00+02:00,0.0
sc01,y2030,2030-05-15T23:00:00+02:00,0.0
sc01,y2030,2030-05-16T03:00:00+02:00,13.32997489758192
sc01,y2030,2030-05-16T07:00:00+02:00,13.54573538155357
sc01,y2030,2030-05-16T11:00:00+02:00,44.39999999999999
sc01,y2030,2030-05-16T15:00:00+02:00,44.39999999999999
sc01,y2030,2030-05-16T19:00:00+02:00,0.0
sc01,y2030,2030-05-16T23:00:00+02:00,0.0
sc01,y2030,2030-05-17T03:00:00+02:00,44.39999999999999
sc01,y2030,2030-05-17T07:00:00+02:00,0.0
sc01,y2030,2030-05-17T11:00:00+02:00,36.31417711844714
sc01,y2030,2030-05-17T15:00:00+02:00,44.39999999999999
sc01,y2030,2030-05-17T19:00:00+02:00,0.0
sc01,y2030,2030-05-17T23:00:00+02:00,0.0
sc01,y2030,2030-05-18T03:00:00+02:00,0.0
sc01,y2030,2030-05-18T07:00:00+02:00,0.0
sc01,y2030,2030-05-18T11:00:00+02:00,0.0
sc01,y2030,2030-05-18T15:00:00+02:00,0.0
sc01,y2030,2030-05-18T19:00:00+02:00,0.0
sc01,y2030,2030-05-18T23:00:00+02:00,0.0
sc01,y2030,2030-05-19T03:00:00+02:00,44.39999999999999
sc01,y2030,2030-05-19T07:00:00+02:00,5.72132718174978
sc01,y2030,2030-05-19T11:00:00+02:00,44.39999999999999
sc01,y2030,2030-05-19T15:00:00+02:00,44.39999999999999
sc01,y2030,2030-05-19T19:00:00+02:00,0.0
sc01,y2030,2030-05-19T23:00:00+02:00,0.0
sc01,y2030,2030-05-20T03:00:00+02:00,0.0
sc01,y2030,2030-05-20T07:00:00+02:00,0.8632396817498389
sc01,y2030,2030-05-20T11:00:00+02:00,44.39999999999999
sc01,y2030,2030-05-20T15:00:00+02:00,44.39999999999999
sc01,y2030,2030-05-20T19:00:00+02:00,0.0
sc01,y2030,2030-05-20T23:00:00+02:00,0.0
sc01,y2030,2030-05-21T03:00:00+02:00,44.39999999999999
sc01,y2030,2030-05-21T07:00:00+02:00,0.0
sc01,y2030,2030-05-21T11:00:00+02:00,0.0
sc01,y2030,2030-05-21T15:00:00+02:00,0.0
sc01,y2030,2030-05-21T19:00:00+02:00,0.0
sc01,y2030,2030-05-21T23:00:00+02:00,0.0
sc01,y2030,2030-05-22T03:00:00+02:00,0.0
sc01,y2030,2030-05-22T07:00:00+02:00,15.515320931749788
sc01,y2030,2030-05-22T11:00:00+02:00,44.39999999999999
sc01,y2030,2030-05-22T15:00:00+02:00,0.0
sc01,y2030,2030-05-22T19:00:00+02:00,0.0
sc01,y2030,2030-05-22T23:00:00+02:00,0.0
sc01,y2030,2030-05-23T03:00:00+02:00,44.39999999999999
sc01,y2030,2030-05-23T07:00:00+02:00,19.918107646237484
sc01,y2030,2030-05-23T11:00:00+02:00,0.0
sc01,y2030,2030-05-23T15:00:00+02:00,14.05102517081246
sc01,y2030,2030-05-23T19:00:00+02:00,0.0
sc01,y2030,2030-05-23T23:00:00+02:00,0.0
sc01,y2030,2030-05-24T03:00:00+02:00,35.97165095632548
sc01,y2030,2030-05-24T07:00:00+02:00,23.648614681749947
sc01,y2030,2030-05-24T11:00:00+02:00,0.0
sc01,y2030,2030-05-24T15:00:00+02:00,44.39999999999999
sc01,y2030,2030-05-24T19:00:00+02:00,0.0
sc01,y2030,2030-05-24T23:00:00+02:00,0.0
sc01,y2030,2030-05-25T03:00:00+02:00,44.39999999999999
sc01,y2030,2030-05-25T07:00:00+02:00,0.0
sc01,y2030,2030-05-25T11:00:00+02:00,0.0
sc01,y2030,2030-05-25T15:00:00+02:00,0.0
sc01,y2030,2030-05-25T19:00:00+02:00,0.0
sc01,y2030,2030-05-25T23:00:00+02:00,0.0
sc01,y2030,2030-05-26T03:00:00+02:00,0.0
sc01,y2030,2030-05-26T07:00:00+02:00,0.0
sc01,y2030,2030-05-26T11:00:00+02:00,36.4603353182501
sc01,y2030,2030-05-26T15:00:00+02:00,0.0
sc01,y2030,2030-05-26T19:00:00+02:00,0.0
sc01,y2030,2030-05-26T23:00:00+02:00,0.0
sc01,y2030,2030-05-27T03:00:00+02:00,26.923113890750027
sc01,y2030,2030-05-27T07:00:00+02:00,0.0
sc01,y2030,2030-05-27T11:00:00+02:00,29.40527086845135
sc01,y2030,2030-05-27T15:00:00+02:00,0.0
sc01,y2030,2030-05-27T19:00:00+02:00,0.0
sc01,y2030,2030-05-27T23:00:00+02:00,0.0
sc01,y2030,2030-05-28T03:00:00+02:00,9.440029002951766
sc01,y2030,2030-05-28T07:00:00+02:00,0.0
sc01,y2030,2030-05-28T11:00:00+02:00,21.20649418045195
sc01,y2030,2030-05-28T15:00:00+02:00,57.63434011617287
sc01,y2030,2030-05-28T19:00:00+02:00,44.39999999999999
sc01,y2030,2030-05-28T23:00:00+02:00,44.39999999999999
sc01,y2030,2030-05-29T03:00:00+02:00,13.065341502952188
sc01,y2030,2030-05-29T07:00:00+02:00,0.0
sc01,y2030,2030-05-29T11:00:00+02:00,17.16026831954753
sc01,y2030,2030-05-29T15:00:00+02:00,44.39999999999999
sc01,y2030,2030-05-29T19:00:00+02:00,44.39999999999999
sc01,y2030,2030-05-29T23:00:00+02:00,44.39999999999999
sc01,y2030,2030-05-30T03:00:00+02:00,0.0
sc01,y2030,2030-05-30T07:00:00+02:00,0.0
sc01,y2030,2030-05-30T11:00:00+02:00,44.39999999999999
sc01,y2030,2030-05-30T15:00:00+02:00,28.84123470109115
sc01,y2030,2030-05-30T19:00:00+02:00,32.70778246081129
sc01,y2030,2030-05-30T23:00:00+02:00,44.39999999999999
sc01,y2030,2030-05-31T03:00:00+02:00,0.0
sc01,y2030,2030-05-31T07:00:00+02:00,29.156227612203047
sc01,y2030,2030-05-31T11:00:00+02:00,44.39999999999999
sc01,y2030,2030-05-31T15:00:00+02:00,44.39999999999999
sc01,y2030,2030-05-31T19:00:00+02:00,44.39999999999999
sc01,y2030,2030-05-31T23:00:00+02:00,44.39999999999999
sc01,y2030,2030-06-01T03:00:00+02:00,0.0
sc01,y2030,2030-06-01T07:00:00+02:00,0.0
sc01,y2030,2030-06-01T11:00:00+02:00,0.0
sc01,y2030,2030-06-01T15:00:00+02:00,0.0
sc01,y2030,2030-06-01T19:00:00+02:00,0.0
sc01,y2030,2030-06-01T23:00:00+02:00,44.39999999999999
sc01,y2030,2030-06-02T03:00:00+02:00,0.0
sc01,y2030,2030-06-02T07:00:00+02:00,0.0
sc01,y2030,2030-06-02T11:00:00+02:00,0.0
sc01,y2030,2030-06-02T15:00:00+02:00,0.0
sc01,y2030,2030-06-02T19:00:00+02:00,44.39999999999999
sc01,y2030,2030-06-02T23:00:00+02:00,44.39999999999999
sc01,y2030,2030-06-03T03:00:00+02:00,44.39999999999999
sc01,y2030,2030-06-03T07:00:00+02:00,25.030933862204343
sc01,y2030,2030-06-03T11:00:00+02:00,44.39999999999999
sc01,y2030,2030-06-03T15:00:00+02:00,44.39999999999999
sc01,y2030,2030-06-03T19:00:00+02:00,44.39999999999999
sc01,y2030,2030-06-03T23:00:00+02:00,0.0
sc01,y2030,2030-06-04T03:00:00+02:00,44.39999999999999
sc01,y2030,2030-06-04T07:00:00+02:00,15.413765112204825
sc01,y2030,2030-06-04T11:00:00+02:00,44.39999999999999
sc01,y2030,2030-06-04T15:00:00+02:00,44.39999999999999
sc01,y2030,2030-06-04T19:00:00+02:00,0.0
sc01,y2030,2030-06-04T23:00:00+02:00,0.0
sc01,y2030,2030-06-05T03:00:00+02:00,0.0
sc01,y2030,2030-06-05T07:00:00+02:00,9.817558862205367
sc01,y2030,2030-06-05T11:00:00+02:00,0.0
sc01,y2030,2030-06-05T15:00:00+02:00,0.0
sc01,y2030,2030-06-05T19:00:00+02:00,0.0
sc01,y2030,2030-06-05T23:00:00+02:00,0.0
sc01,y2030,2030-06-06T03:00:00+02:00,25.01440400295585
sc01,y2030,2030-06-06T07:00:00+02:00,0.0
sc01,y2030,2030-06-06T11:00:00+02:00,9.579219180455983
sc01,y2030,2030-06-06T15:00:00+02:00,0.0
sc01,y2030,2030-06-06T19:00:00+02:00,0.0
sc01,y2030,2030-06-06T23:00:00+02:00,0.0
sc01,y2030,2030-06-07T03:00:00+02:00,8.188560252956202
sc01,y2030,2030-06-07T07:00:00+02:00,0.0
sc01,y2030,2030-06-07T11:00:00+02:00,40.29178168045644
sc01,y2030,2030-06-07T15:00:00+02:00,0.0
sc01,y2030,2030-06-07T19:00:00+02:00,0.0
sc01,y2030,2030-06-07T23:00:00+02:00,0.0
sc01,y2030,2030-06-08T03:00:00+02:00,0.0
sc01,y2030,2030-06-08T07:00:00+02:00,12.943883862206684
sc01,y2030,2030-06-08T11:00:00+02:00,44.28785581954314
sc01,y2030,2030-06-08T15:00:00+02:00,0.0
sc01,y2030,2030-06-08T19:00:00+02:00,0.0
sc01,y2030,2030-06-08T23:00:00+02:00,0.0
sc01,y2030,2030-06-09T03:00:00+02:00,44.39999999999999
sc01,y2030,2030-06-09T07:00:00+02:00,0.0
sc01,y2030,2030-06-09T11:00:00+02:00,44.39999999999999
sc01,y2030,2030-06-09T15:00:00+02:00,44.39999999999999
sc01,y2030,2030-06-09T19:00:00+02:00,0.0
sc01,y2030,2030-06-09T23:00:00+02:00,0.0
sc01,y2030,2030-06-10T03:00:00+02:00,0.0
sc01,y2030,2030-06-10T07:00:00+02:00,0.0
sc01,y2030,2030-06-10T11:00:00+02:00,25.03618168045782
sc01,y2030,2030-06-10T15:00:00+02:00,0.0
sc01,y2030,2030-06-10T19:00:00+02:00,0.0
sc01,y2030,2030-06-10T23:00:00+02:00,0.0
sc01,y2030,2030-06-11T03:00:00+02:00,44.39999999999999
sc01,y2030,2030-06-11T07:00:00+02:00,19.891077612208154
sc01,y2030,2030-06-11T11:00:00+02:00,0.0
sc01,y2030,2030-06-11T15:00:00+02:00,0.0
sc01,y2030,2030-06-11T19:00:00+02:00,0.0
sc01,y2030,2030-06-11T23:00:00+02:00,0.0
sc01,y2030,2030-06-12T03:00:00+02:00,0.0
sc01,y2030,2030-06-12T07:00:00+02:00,0.0
sc01,y2030,2030-06-12T11:00:00+02:00,0.0
sc01,y2030,2030-06-12T15:00:00+02:00,0.0
sc01,y2030,2030-06-12T19:00:00+02:00,0.0
sc01,y2030,2030-06-12T23:00:00+02:00,0.0
sc01,y2030,2030-06-13T03:00:00+02:00,0.0
sc01,y2030,2030-06-13T07:00:00+02:00,0.0
sc01,y2030,2030-06-13T11:00:00+02:00,0.0
sc01,y2030,2030-06-13T15:00:00+02:00,0.0
sc01,y2030,2030-06-13T19:00:00+02:00,0.0
sc01,y2030,2030-06-13T23:00:00+02:00,0.0
sc01,y2030,2030-06-14T03:00:00+02:00,0.0
sc01,y2030,2030-06-14T07:00:00+02:00,0.0
sc01,y2030,2030-06-14T11:00:00+02:00,0.0
sc01,y2030,2030-06-14T15:00:00+02:00,0.0
sc01,y2030,2030-06-14T19:00:00+02:00,0.0
sc01,y2030,2030-06-14T23:00:00+02:00,0.0
sc01,y2030,2030-06-15T03:00:00+02:00,0.0
sc01,y2030,2030-06-15T07:00:00+02:00,21.382765112209825
sc01,y2030,2030-06-15T11:00:00+02:00,0.0
sc01,y2030,2030-06-15T15:00:00+02:00,0.0
sc01,y2030,2030-06-15T19:00:00+02:00,0.0
sc01,y2030,2030-06-15T23:00:00+02:00,0.0
sc01,y2030,2030-06-16T03:00:00+02:00,40.7332647470397
sc01,y2030,2030-06-16T07:00:00+02:00,0.0
sc01,y2030,2030-06-16T11:00:00+02:00,1.1931941804604884
sc01,y2030,2030-06-16T15:00:00+02:00,44.39999999999999
sc01,y2030,2030-06-16T19:00:00+02:00,0.0
sc01,y2030,2030-06-16T23:00:00+02:00,0.0
sc01,y2030,2030-06-17T03:00:00+02:00,0.0
sc01,y2030,2030-06-17T07:00:00+02:00,0.0
sc01,y2030,2030-06-17T11:00:00+02:00,0.0
sc01,y2030,2030-06-17T15:00:00+02:00,0.0
sc01,y2030,2030-06-17T19:00:00+02:00,0.0
sc01,y2030,2030-06-17T23:00:00+02:00,40.111020699789115
sc01,y2030,2030-06-18T03:00:00+02:00,0.0
sc01,y2030,2030-06-18T07:00:00+02:00,0.0
sc01,y2030,2030-06-18T11:00:00+02:00,0.0
sc01,y2030,2030-06-18T15:00:00+02:00,12.967447383836262
sc01,y2030,2030-06-18T19:00:00+02:00,77.69999999999999
sc01,y2030,2030-06-18T23:00:00+02:00,0.0
sc01,y2030,2030-06-19T03:00:00+02:00,0.0
sc01,y2030,2030-06-19T07:00:00+02:00,0.0
sc01,y2030,2030-06-19T11:00:00+02:00,0.0
sc01,y2030,2030-06-19T15:00:00+02:00,16.374891133836833
sc01,y2030,2030-06-19T19:00:00+02:00,0.0
sc01,y2030,2030-06-19T23:00:00+02:00,44.39999999999999
sc01,y2030,2030-06-20T03:00:00+02:00,0.0
sc01,y2030,2030-06-20T07:00:00+02:00,0.0
sc01,y2030,2030-06-20T11:00:00+02:00,19.567544180462193
sc01,y2030,2030-06-20T15:00:00+02:00,0.0
sc01,y2030,2030-06-20T19:00:00+02:00,0.0
sc01,y2030,2030-06-20T23:00:00+02:00,0.0
sc01,y2030,2030-06-21T03:00:00+02:00,40.129822752962255
sc01,y2030,2030-06-21T07:00:00+02:00,0.0
sc01,y2030,2030-06-21T11:00:00+02:00,19.626380819537488
sc01,y2030,2030-06-21T15:00:00+02:00,0.0
sc01,y2030,2030-06-21T19:00:00+02:00,0.0
sc01,y2030,2030-06-21T23:00:00+02:00,0.0
sc01,y2030,2030-06-22T03:00:00+02:00,0.0
sc01,y2030,2030-06-22T07:00:00+02:00,0.0
sc01,y2030,2030-06-22T11:00:00+02:00,0.0
sc01,y2030,2030-06-22T15:00:00+02:00,0.0
sc01,y2030,2030-06-22T19:00:00+02:00,0.0
sc01,y2030,2030-06-22T23:00:00+02:00,0.0
sc01,y2030,2030-06-23T03:00:00+02:00,0.0
sc01,y2030,2030-06-23T07:00:00+02:00,44.39999999999999
sc01,y2030,2030-06-23T11:00:00+02:00,0.0
sc01,y2030,2030-06-23T15:00:00+02:00,0.0
sc01,y2030,2030-06-23T19:00:00+02:00,0.0
sc01,y2030,2030-06-23T23:00:00+02:00,0.0
sc01,y2030,2030-06-24T03:00:00+02:00,0.0
sc01,y2030,2030-06-24T07:00:00+02:00,0.0
sc01,y2030,2030-06-24T11:00:00+02:00,0.0
sc01,y2030,2030-06-24T15:00:00+02:00,0.0
sc01,y2030,2030-06-24T19:00:00+02:00,0.0
sc01,y2030,2030-06-24T23:00:00+02:00,0.0
sc01,y2030,2030-06-25T03:00:00+02:00,44.39999999999999
sc01,y2030,2030-06-25T07:00:00+02:00,0.0
sc01,y2030,2030-06-25T11:00:00+02:00,0.0
sc01,y2030,2030-06-25T15:00:00+02:00,44.39999999999999
sc01,y2030,2030-06-25T19:00:00+02:00,44.39999999999999
sc01,y2030,2030-06-25T23:00:00+02:00,44.39999999999999
sc01,y2030,2030-06-26T03:00:00+02:00,0.0
sc01,y2030,2030-06-26T07:00:00+02:00,0.0
sc01,y2030,2030-06-26T11:00:00+02:00,0.0
sc01,y2030,2030-06-26T15:00:00+02:00,0.0
sc01,y2030,2030-06-26T19:00:00+02:00,20.42506331295657
sc01,y2030,2030-06-26T23:00:00+02:00,0.0
sc01,y2030,2030-06-27T03:00:00+02:00,44.39999999999999
sc01,y2030,2030-06-27T07:00:00+02:00,0.0
sc01,y2030,2030-06-27T11:00:00+02:00,0.0
sc01,y2030,2030-06-27T15:00:00+02:00,0.0
sc01,y2030,2030-06-27T19:00:00+02:00,44.39999999999999
sc01,y2030,2030-06-27T23:00:00+02:00,44.39999999999999
sc01,y2030,2030-06-28T03:00:00+02:00,0.0
sc01,y2030,2030-06-28T07:00:00+02:00,0.0
sc01,y2030,2030-06-28T11:00:00+02:00,0.0
sc01,y2030,2030-06-28T15:00:00+02:00,0.0
sc01,y2030,2030-06-28T19:00:00+02:00,44.39999999999999
sc01,y2030,2030-06-28T23:00:00+02:00,44.39999999999999
sc01,y2030,2030-06-29T03:00:00+02:00,44.39999999999999
sc01,y2030,2030-06-29T07:00:00+02:00,32.17465886221571
sc01,y2030,2030-06-29T11:00:00+02:00,44.39999999999999
sc01,y2030,2030-06-29T15:00:00+02:00,0.0
sc01,y2030,2030-06-29T19:00:00+02:00,44.39999999999999
sc01,y2030,2030-06-29T23:00:00+02:00,44.39999999999999
sc01,y2030,2030-06-30T03:00:00+02:00,36.58122099703376
sc01,y2030,2030-06-30T07:00:00+02:00,0.0
sc01,y2030,2030-06-30T11:00:00+02:00,44.39999999999999
sc01,y2030,2030-06-30T15:00:00+02:00,31.2699036338418
sc01,y2030,2030-06-30T19:00:00+02:00,44.39999999999999
sc01,y2030,2030-06-30T23:00:00+02:00,0.0
sc01,y2030,2030-07-01T03:00:00+02:00,0.0
sc01,y2030,2030-07-01T07:00:00+02:00,0.0
sc01,y2030,2030-07-01T11:00:00+02:00,0.0
sc01,y2030,2030-07-01T15:00:00+02:00,0.0
sc01,y2030,2030-07-01T19:00:00+02:00,44.39999999999999
sc01,y2030,2030-07-01T23:00:00+02:00,44.39999999999999
sc01,y2030,2030-07-02T03:00:00+02:00,0.0
sc01,y2030,2030-07-02T07:00:00+02:00,16.835033862217074
sc01,y2030,2030-07-02T11:00:00+02:00,0.0
sc01,y2030,2030-07-02T15:00:00+02:00,0.0
sc01,y2030,2030-07-02T19:00:00+02:00,0.0
sc01,y2030,2030-07-02T23:00:00+02:00,0.0
sc01,y2030,2030-07-03T03:00:00+02:00,39.27769150296751
sc01,y2030,2030-07-03T07:00:00+02:00,0.0
sc01,y2030,2030-07-03T11:00:00+02:00,0.0
sc01,y2030,2030-07-03T15:00:00+02:00,0.0
sc01,y2030,2030-07-03T19:00:00+02:00,0.0
sc01,y2030,2030-07-03T23:00:00+02:00,0.0
sc01,y2030,2030-07-04T03:00:00+02:00,39.81542900296805
sc01,y2030,2030-07-04T07:00:00+02:00,5.49902136221797
sc01,y2030,2030-07-04T11:00:00+02:00,44.39999999999999
sc01,y2030,2030-07-04T15:00:00+02:00,0.0
sc01,y2030,2030-07-04T19:00:00+02:00,0.0
sc01,y2030,2030-07-04T23:00:00+02:00,0.0
sc01,y2030,2030-07-05T03:00:00+02:00,0.0
sc01,y2030,2030-07-05T07:00:00+02:00,2.9167276122183394
sc01,y2030,2030-07-05T11:00:00+02:00,48.92231831953142
sc01,y2030,2030-07-05T15:00:00+02:00,0.0
sc01,y2030,2030-07-05T19:00:00+02:00,0.0
sc01,y2030,2030-07-05T23:00:00+02:00,0.0
sc01,y2030,2030-07-06T03:00:00+02:00,44.39999999999999
sc01,y2030,2030-07-06T07:00:00+02:00,23.319296362218743
sc01,y2030,2030-07-06T11:00:00+02:00,21.684793319530993
sc01,y2030,2030-07-06T15:00:00+02:00,41.059234883844496
sc01,y2030,2030-07-06T19:00:00+02:00,0.0
sc01,y2030,2030-07-06T23:00:00+02:00,0.0
sc01,y2030,2030-07-07T03:00:00+02:00,0.0
sc01,y2030,2030-07-07T07:00:00+02:00,0.0
sc01,y2030,2030-07-07T11:00:00+02:00,0.0
sc01,y2030,2030-07-07T15:00:00+02:00,0.0
sc01,y2030,2030-07-07T19:00:00+02:00,0.0
sc01,y2030,2030-07-07T23:00:00+02:00,0.0
sc01,y2030,2030-07-08T03:00:00+02:00,0.0
sc01,y2030,2030-07-08T07:00:00+02:00,0.0
sc01,y2030,2030-07-08T11:00:00+02:00,6.719925430469786
sc01,y2030,2030-07-08T15:00:00+02:00,26.55303488384525
sc01,y2030,2030-07-08T19:00:00+02:00,0.0
sc01,y2030,2030-07-08T23:00:00+02:00,44.39999999999999
sc01,y2030,2030-07-09T03:00:00+02:00,0.0
sc01,y2030,2030-07-09T07:00:00+02:00,0.0
sc01,y2030,2030-07-09T11:00:00+02:00,0.0
sc01,y2030,2030-07-09T15:00:00+02:00,44.39999999999999
sc01,y2030,2030-07-09T19:00:00+02:00,0.0
sc01,y2030,2030-07-09T23:00:00+02:00,0.0
sc01,y2030,2030-07-10T03:00:00+02:00,0.0
sc01,y2030,2030-07-10T07:00:00+02:00,0.0
sc01,y2030,2030-07-10T11:00:00+02:00,44.39999999999999
sc01,y2030,2030-07-10T15:00:00+02:00,42.065072383846186
sc01,y2030,2030-07-10T19:00:00+02:00,0.0
sc01,y2030,2030-07-10T23:00:00+02:00,0.0
sc01,y2030,2030-07-11T03:00:00+02:00,0.0
sc01,y2030,2030-07-11T07:00:00+02:00,0.0
sc01,y2030,2030-07-11T11:00:00+02:00,44.39999999999999
sc01,y2030,2030-07-11T15:00:00+02:00,0.0
sc01,y2030,2030-07-11T19:00:00+02:00,0.0
sc01,y2030,2030-07-11T23:00:00+02:00,0.0
sc01,y2030,2030-07-12T03:00:00+02:00,0.0
sc01,y2030,2030-07-12T07:00:00+02:00,31.32337761222137
sc01,y2030,2030-07-12T11:00:00+02:00,0.0
sc01,y2030,2030-07-12T15:00:00+02:00,0.0
sc01,y2030,2030-07-12T19:00:00+02:00,0.0
sc01,y2030,2030-07-12T23:00:00+02:00,0.0
sc01,y2030,2030-07-13T03:00:00+02:00,44.39999999999999
sc01,y2030,2030-07-13T07:00:00+02:00,17.266477612221777
sc01,y2030,2030-07-13T11:00:00+02:00,0.0
sc01,y2030,2030-07-13T15:00:00+02:00,0.0
sc01,y2030,2030-07-13T19:00:00+02:00,0.0
sc01,y2030,2030-07-13T23:00:00+02:00,0.0
sc01,y2030,2030-07-14T03:00:00+02:00,44.39999999999999
sc01,y2030,2030-07-14T07:00:00+02:00,0.0
sc01,y2030,2030-07-14T11:00:00+02:00,46.06609956952767
sc01,y2030,2030-07-14T15:00:00+02:00,0.0
sc01,y2030,2030-07-14T19:00:00+02:00,0.0
sc01,y2030,2030-07-14T23:00:00+02:00,0.0
sc01,y2030,2030-07-15T03:00:00+02:00,0.0
sc01,y2030,2030-07-15T07:00:00+02:00,15.999727612222625
sc01,y2030,2030-07-15T11:00:00+02:00,44.39999999999999
sc01,y2030,2030-07-15T15:00:00+02:00,0.0
sc01,y2030,2030-07-15T19:00:00+02:00,0.0
sc01,y2030,2030-07-15T23:00:00+02:00,0.0
sc01,y2030,2030-07-16T03:00:00+02:00,0.0
sc01,y2030,2030-07-16T07:00:00+02:00,11.68307761222309
sc01,y2030,2030-07-16T11:00:00+02:00,0.0
sc01,y2030,2030-07-16T15:00:00+02:00,0.0
sc01,y2030,2030-07-16T19:00:00+02:00,32.287593659308115
sc01,y2030,2030-07-16T23:00:00+02:00,0.0
sc01,y2030,2030-07-17T03:00:00+02:00,0.0
sc01,y2030,2030-07-17T07:00:00+02:00,20.481290112223437
sc01,y2030,2030-07-17T11:00:00+02:00,0.0
sc01,y2030,2030-07-17T15:00:00+02:00,0.0
sc01,y2030,2030-07-17T19:00:00+02:00,44.39999999999999
sc01,y2030,2030-07-17T23:00:00+02:00,44.39999999999999
sc01,y2030,2030-07-18T03:00:00+02:00,0.0
sc01,y2030,2030-07-18T07:00:00+02:00,24.95063386222415
sc01,y2030,2030-07-18T11:00:00+02:00,44.39999999999999
sc01,y2030,2030-07-18T15:00:00+02:00,29.137422383849753
sc01,y2030,2030-07-18T19:00:00+02:00,0.0
sc01,y2030,2030-07-18T23:00:00+02:00,0.0
sc01,y2030,2030-07-19T03:00:00+02:00,0.0
sc01,y2030,2030-07-19T07:00:00+02:00,0.0
sc01,y2030,2030-07-19T11:00:00+02:00,0.0
sc01,y2030,2030-07-19T15:00:00+02:00,0.0
sc01,y2030,2030-07-19T19:00:00+02:00,44.39999999999999
sc01,y2030,2030-07-19T23:00:00+02:00,44.39999999999999
sc01,y2030,2030-07-20T03:00:00+02:00,0.0
sc01,y2030,2030-07-20T07:00:00+02:00,0.0
sc01,y2030,2030-07-20T11:00:00+02:00,0.0
sc01,y2030,2030-07-20T15:00:00+02:00,0.0
sc01,y2030,2030-07-20T19:00:00+02:00,44.39999999999999
sc01,y2030,2030-07-20T23:00:00+02:00,44.39999999999999
sc01,y2030,2030-07-21T03:00:00+02:00,0.0
sc01,y2030,2030-07-21T07:00:00+02:00,0.0
sc01,y2030,2030-07-21T11:00:00+02:00,0.0
sc01,y2030,2030-07-21T15:00:00+02:00,0.0
sc01,y2030,2030-07-21T19:00:00+02:00,44.39999999999999
sc01,y2030,2030-07-21T23:00:00+02:00,0.0
sc01,y2030,2030-07-22T03:00:00+02:00,0.0
sc01,y2030,2030-07-22T07:00:00+02:00,0.0
sc01,y2030,2030-07-22T11:00:00+02:00,0.0
sc01,y2030,2030-07-22T15:00:00+02:00,0.0
sc01,y2030,2030-07-22T19:00:00+02:00,0.0
sc01,y2030,2030-07-22T23:00:00+02:00,0.0
sc01,y2030,2030-07-23T03:00:00+02:00,27.263964747023863
sc01,y2030,2030-07-23T07:00:00+02:00,0.0
sc01,y2030,2030-07-23T11:00:00+02:00,0.0
sc01,y2030,2030-07-23T15:00:00+02:00,0.0
sc01,y2030,2030-07-23T19:00:00+02:00,0.0
sc01,y2030,2030-07-23T23:00:00+02:00,0.0
sc01,y2030,2030-07-24T03:00:00+02:00,22.85023974702338
sc01,y2030,2030-07-24T07:00:00+02:00,0.0
sc01,y2030,2030-07-24T11:00:00+02:00,0.0
sc01,y2030,2030-07-24T15:00:00+02:00,44.39999999999999
sc01,y2030,2030-07-24T19:00:00+02:00,0.0
sc01,y2030,2030-07-24T23:00:00+02:00,44.39999999999999
sc01,y2030,2030-07-25T03:00:00+02:00,0.0
sc01,y2030,2030-07-25T07:00:00+02:00,0.0
sc01,y2030,2030-07-25T11:00:00+02:00,0.0
sc01,y2030,2030-07-25T15:00:00+02:00,0.0
sc01,y2030,2030-07-25T19:00:00+02:00,0.0
sc01,y2030,2030-07-25T23:00:00+02:00,0.0
sc01,y2030,2030-07-26T03:00:00+02:00,0.0
sc01,y2030,2030-07-26T07:00:00+02:00,23.06719011222752
sc01,y2030,2030-07-26T11:00:00+02:00,44.39999999999999
sc01,y2030,2030-07-26T15:00:00+02:00,0.0
sc01,y2030,2030-07-26T19:00:00+02:00,0.0
sc01,y2030,2030-07-26T23:00:00+02:00,0.0
sc01,y2030,2030-07-27T03:00:00+02:00,0.0
sc01,y2030,2030-07-27T07:00:00+02:00,0.0
sc01,y2030,2030-07-27T11:00:00+02:00,44.39999999999999
sc01,y2030,2030-07-27T15:00:00+02:00,0.0
sc01,y2030,2030-07-27T19:00:00+02:00,0.0
sc01,y2030,2030-07-27T23:00:00+02:00,0.0
sc01,y2030,2030-07-28T03:00:00+02:00,0.0
sc01,y2030,2030-07-28T07:00:00+02:00,0.0
sc01,y2030,2030-07-28T11:00:00+02:00,0.0
sc01,y2030,2030-07-28T15:00:00+02:00,0.0
sc01,y2030,2030-07-28T19:00:00+02:00,0.0
sc01,y2030,2030-07-28T23:00:00+02:00,0.0
sc01,y2030,2030-07-29T03:00:00+02:00,0.0
sc01,y2030,2030-07-29T07:00:00+02:00,44.39999999999999
sc01,y2030,2030-07-29T11:00:00+02:00,0.0
sc01,y2030,2030-07-29T15:00:00+02:00,0.0
sc01,y2030,2030-07-29T19:00:00+02:00,0.0
sc01,y2030,2030-07-29T23:00:00+02:00,0.0
sc01,y2030,2030-07-30T03:00:00+02:00,20.20464775297931
sc01,y2030,2030-07-30T07:00:00+02:00,0.0
sc01,y2030,2030-07-30T11:00:00+02:00,0.0
sc01,y2030,2030-07-30T15:00:00+02:00,0.0
sc01,y2030,2030-07-30T19:00:00+02:00,0.0
sc01,y2030,2030-07-30T23:00:00+02:00,0.0
sc01,y2030,2030-07-31T03:00:00+02:00,0.0
sc01,y2030,2030-07-31T07:00:00+02:00,0.0
sc01,y2030,2030-07-31T11:00:00+02:00,44.39999999999999
sc01,y2030,2030-07-31T15:00:00+02:00,0.0
sc01,y2030,2030-07-31T19:00:00+02:00,0.0
sc01,y2030,2030-07-31T23:00:00+02:00,0.0
sc01,y2030,2030-08-01T03:00:00+02:00,42.06624775298018
sc01,y2030,2030-08-01T07:00:00+02:00,0.0
sc01,y2030,2030-08-01T11:00:00+02:00,0.0
sc01,y2030,2030-08-01T15:00:00+02:00,0.0
sc01,y2030,2030-08-01T19:00:00+02:00,0.0
sc01,y2030,2030-08-01T23:00:00+02:00,0.0
sc01,y2030,2030-08-02T03:00:00+02:00,44.39999999999999
sc01,y2030,2030-08-02T07:00:00+02:00,0.0
sc01,y2030,2030-08-02T11:00:00+02:00,10.519375430480704
sc01,y2030,2030-08-02T15:00:00+02:00,24.36270988385658
sc01,y2030,2030-08-02T19:00:00+02:00,0.0
sc01,y2030,2030-08-02T23:00:00+02:00,0.0
sc01,y2030,2030-08-03T03:00:00+02:00,49.087083497019066
sc01,y2030,2030-08-03T07:00:00+02:00,18.525083862231064
sc01,y2030,2030-08-03T11:00:00+02:00,44.79577456951878
sc01,y2030,2030-08-03T15:00:00+02:00,0.0
sc01,y2030,2030-08-03T19:00:00+02:00,0.0
sc01,y2030,2030-08-03T23:00:00+02:00,0.0
sc01,y2030,2030-08-04T03:00:00+02:00,44.39999999999999
sc01,y2030,2030-08-04T07:00:00+02:00,0.0
sc01,y2030,2030-08-04T11:00:00+02:00,0.0
sc01,y2030,2030-08-04T15:00:00+02:00,0.0
sc01,y2030,2030-08-04T19:00:00+02:00,0.0
sc01,y2030,2030-08-04T23:00:00+02:00,0.0
sc01,y2030,2030-08-05T03:00:00+02:00,0.0
sc01,y2030,2030-08-05T07:00:00+02:00,19.504827612231935
sc01,y2030,2030-08-05T11:00:00+02:00,0.0
sc01,y2030,2030-08-05T15:00:00+02:00,0.0
sc01,y2030,2030-08-05T19:00:00+02:00,0.0
sc01,y2030,2030-08-05T23:00:00+02:00,0.0
sc01,y2030,2030-08-06T03:00:00+02:00,0.0
sc01,y2030,2030-08-06T07:00:00+02:00,0.0
sc01,y2030,2030-08-06T11:00:00+02:00,0.0
sc01,y2030,2030-08-06T15:00:00+02:00,0.0
sc01,y2030,2030-08-06T19:00:00+02:00,0.0
sc01,y2030,2030-08-06T23:00:00+02:00,0.0
sc01,y2030,2030-08-07T03:00:00+02:00,44.39999999999999
sc01,y2030,2030-08-07T07:00:00+02:00,15.025808862232843
sc01,y2030,2030-08-07T11:00:00+02:00,0.0
sc01,y2030,2030-08-07T15:00:00+02:00,0.0
sc01,y2030,2030-08-07T19:00:00+02:00,0.0
sc01,y2030,2030-08-07T23:00:00+02:00,0.0
sc01,y2030,2030-08-08T03:00:00+02:00,20.417454002983227
sc01,y2030,2030-08-08T07:00:00+02:00,0.0
sc01,y2030,2030-08-08T11:00:00+02:00,27.343305819516605
sc01,y2030,2030-08-08T15:00:00+02:00,0.0
sc01,y2030,2030-08-08T19:00:00+02:00,0.0
sc01,y2030,2030-08-08T23:00:00+02:00,0.0
sc01,y2030,2030-08-09T03:00:00+02:00,0.0
sc01,y2030,2030-08-09T07:00:00+02:00,0.0
sc01,y2030,2030-08-09T11:00:00+02:00,22.500969180483832
sc01,y2030,2030-08-09T15:00:00+02:00,44.39999999999999
sc01,y2030,2030-08-09T19:00:00+02:00,0.0
sc01,y2030,2030-08-09T23:00:00+02:00,0.0
sc01,y2030,2030-08-10T03:00:00+02:00,0.0
sc01,y2030,2030-08-10T07:00:00+02:00,24.14571511223412
sc01,y2030,2030-08-10T11:00:00+02:00,0.0
sc01,y2030,2030-08-10T15:00:00+02:00,0.0
sc01,y2030,2030-08-10T19:00:00+02:00,0.0
sc01,y2030,2030-08-10T23:00:00+02:00,0.0
sc01,y2030,2030-08-11T03:00:00+02:00,0.0
sc01,y2030,2030-08-11T07:00:00+02:00,25.50775886223461
sc01,y2030,2030-08-11T11:00:00+02:00,0.0
sc01,y2030,2030-08-11T15:00:00+02:00,0.0
sc01,y2030,2030-08-11T19:00:00+02:00,0.0
sc01,y2030,2030-08-11T23:00:00+02:00,0.0
sc01,y2030,2030-08-12T03:00:00+02:00,44.39999999999999
sc01,y2030,2030-08-12T07:00:00+02:00,0.0
sc01,y2030,2030-08-12T11:00:00+02:00,0.0
sc01,y2030,2030-08-12T15:00:00+02:00,0.0
sc01,y2030,2030-08-12T19:00:00+02:00,0.0
sc01,y2030,2030-08-12T23:00:00+02:00,0.0
sc01,y2030,2030-08-13T03:00:00+02:00,8.778173774611098
sc01,y2030,2030-08-13T07:00:00+02:00,0.0
sc01,y2030,2030-08-13T11:00:00+02:00,0.0
sc01,y2030,2030-08-13T15:00:00+02:00,0.0
sc01,y2030,2030-08-13T19:00:00+02:00,0.0
sc01,y2030,2030-08-13T23:00:00+02:00,0.0
sc01,y2030,2030-08-14T03:00:00+02:00,0.0
sc01,y2030,2030-08-14T07:00:00+02:00,0.0
sc01,y2030,2030-08-14T11:00:00+02:00,0.0
sc01,y2030,2030-08-14T15:00:00+02:00,0.0
sc01,y2030,2030-08-14T19:00:00+02:00,0.0
sc01,y2030,2030-08-14T23:00:00+02:00,0.0
sc01,y2030,2030-08-15T03:00:00+02:00,0.0
sc01,y2030,2030-08-15T07:00:00+02:00,22.742765112236384
sc01,y2030,2030-08-15T11:00:00+02:00,20.327112069513323
sc01,y2030,2030-08-15T15:00:00+02:00,0.0
sc01,y2030,2030-08-15T19:00:00+02:00,0.0
sc01,y2030,2030-08-15T23:00:00+02:00,0.0
sc01,y2030,2030-08-16T03:00:00+02:00,22.67086025298687
sc01,y2030,2030-08-16T07:00:00+02:00,44.39999999999999
sc01,y2030,2030-08-16T11:00:00+02:00,0.0
sc01,y2030,2030-08-16T15:00:00+02:00,0.0
sc01,y2030,2030-08-16T19:00:00+02:00,0.0
sc01,y2030,2030-08-16T23:00:00+02:00,0.0
sc01,y2030,2030-08-17T03:00:00+02:00,12.60287275298727
sc01,y2030,2030-08-17T07:00:00+02:00,0.0
sc01,y2030,2030-08-17T11:00:00+02:00,0.0
sc01,y2030,2030-08-17T15:00:00+02:00,0.0
sc01,y2030,2030-08-17T19:00:00+02:00,0.0
sc01,y2030,2030-08-17T23:00:00+02:00,0.0
sc01,y2030,2030-08-18T03:00:00+02:00,0.0
sc01,y2030,2030-08-18T07:00:00+02:00,12.711158862237893
sc01,y2030,2030-08-18T11:00:00+02:00,0.0
sc01,y2030,2030-08-18T15:00:00+02:00,0.0
sc01,y2030,2030-08-18T19:00:00+02:00,0.0
sc01,y2030,2030-08-18T23:00:00+02:00,0.0
sc01,y2030,2030-08-19T03:00:00+02:00,0.0
sc01,y2030,2030-08-19T07:00:00+02:00,24.054746362238422
sc01,y2030,2030-08-19T11:00:00+02:00,0.0
sc01,y2030,2030-08-19T15:00:00+02:00,0.0
sc01,y2030,2030-08-19T19:00:00+02:00,0.0
sc01,y2030,2030-08-19T23:00:00+02:00,0.0
sc01,y2030,2030-08-20T03:00:00+02:00,0.0
sc01,y2030,2030-08-20T07:00:00+02:00,44.09287238776122
sc01,y2030,2030-08-20T11:00:00+02:00,0.0
sc01,y2030,2030-08-20T15:00:00+02:00,0.0
sc01,y2030,2030-08-20T19:00:00+02:00,0.0
sc01,y2030,2030-08-20T23:00:00+02:00,0.0
sc01,y2030,2030-08-21T03:00:00+02:00,0.0
sc01,y2030,2030-08-21T07:00:00+02:00,0.0
sc01,y2030,2030-08-21T11:00:00+02:00,0.0
sc01,y2030,2030-08-21T15:00:00+02:00,0.0
sc01,y2030,2030-08-21T19:00:00+02:00,0.0
sc01,y2030,2030-08-21T23:00:00+02:00,0.0
sc01,y2030,2030-08-22T03:00:00+02:00,0.0
sc01,y2030,2030-08-22T07:00:00+02:00,0.0
sc01,y2030,2030-08-22T11:00:00+02:00,0.0
sc01,y2030,2030-08-22T15:00:00+02:00,38.18106511613456
sc01,y2030,2030-08-22T19:00:00+02:00,0.0
sc01,y2030,2030-08-22T23:00:00+02:00,0.0
sc01,y2030,2030-08-23T03:00:00+02:00,0.0
sc01,y2030,2030-08-23T07:00:00+02:00,43.25233274209228
sc01,y2030,2030-08-23T11:00:00+02:00,0.0
sc01,y2030,2030-08-23T15:00:00+02:00,0.0
sc01,y2030,2030-08-23T19:00:00+02:00,0.0
sc01,y2030,2030-08-23T23:00:00+02:00,31.61095654724999
sc01,y2030,2030-08-24T03:00:00+02:00,0.0
sc01,y2030,2030-08-24T07:00:00+02:00,0.0
sc01,y2030,2030-08-24T11:00:00+02:00,44.39999999999999
sc01,y2030,2030-08-24T15:00:00+02:00,6.5112661338664335
sc01,y2030,2030-08-24T19:00:00+02:00,0.0
sc01,y2030,2030-08-24T23:00:00+02:00,0.0
sc01,y2030,2030-08-25T03:00:00+02:00,0.0
sc01,y2030,2030-08-25T07:00:00+02:00,21.62035261224099
sc01,y2030,2030-08-25T11:00:00+02:00,0.0
sc01,y2030,2030-08-25T15:00:00+02:00,0.0
sc01,y2030,2030-08-25T19:00:00+02:00,0.0
sc01,y2030,2030-08-25T23:00:00+02:00,0.0
sc01,y2030,2030-08-26T03:00:00+02:00,0.0
sc01,y2030,2030-08-26T07:00:00+02:00,30.37705122538281
sc01,y2030,2030-08-26T11:00:00+02:00,29.651524043633025
sc01,y2030,2030-08-26T15:00:00+02:00,0.0
sc01,y2030,2030-08-26T19:00:00+02:00,0.0
sc01,y2030,2030-08-26T23:00:00+02:00,0.0
sc01,y2030,2030-08-27T03:00:00+02:00,0.0
sc01,y2030,2030-08-27T07:00:00+02:00,5.664669149120893
sc01,y2030,2030-08-27T11:00:00+02:00,7.438529467371113
sc01,y2030,2030-08-27T15:00:00+02:00,0.0
sc01,y2030,2030-08-27T19:00:00+02:00,0.0
sc01,y2030,2030-08-27T23:00:00+02:00,35.21510819975787
sc01,y2030,2030-08-28T03:00:00+02:00,0.0
sc01,y2030,2030-08-28T07:00:00+02:00,0.0
sc01,y2030,2030-08-28T11:00:00+02:00,0.0
sc01,y2030,2030-08-28T15:00:00+02:00,0.0
sc01,y2030,2030-08-28T19:00:00+02:00,0.0
sc01,y2030,2030-08-28T23:00:00+02:00,0.0
sc01,y2030,2030-08-29T03:00:00+02:00,0.0
sc01,y2030,2030-08-29T07:00:00+02:00,0.0
sc01,y2030,2030-08-29T11:00:00+02:00,0.0
sc01,y2030,2030-08-29T15:00:00+02:00,44.39999999999999
sc01,y2030,2030-08-29T19:00:00+02:00,0.0
sc01,y2030,2030-08-29T23:00:00+02:00,0.0
sc01,y2030,2030-08-30T03:00:00+02:00,0.0
sc01,y2030,2030-08-30T07:00:00+02:00,21.619623609250183
sc01,y2030,2030-08-30T11:00:00+02:00,44.39999999999999
sc01,y2030,2030-08-30T15:00:00+02:00,0.0
sc01,y2030,2030-08-30T19:00:00+02:00,0.0
sc01,y2030,2030-08-30T23:00:00+02:00,30.114895437999834
sc01,y2030,2030-08-31T03:00:00+02:00,0.0
sc01,y2030,2030-08-31T07:00:00+02:00,0.0
sc01,y2030,2030-08-31T11:00:00+02:00,0.0
sc01,y2030,2030-08-31T15:00:00+02:00,0.0
sc01,y2030,2030-08-31T19:00:00+02:00,0.0
sc01,y2030,2030-08-31T23:00:00+02:00,0.0
sc01,y2030,2030-09-01T03:00:00+02:00,0.0
sc01,y2030,2030-09-01T07:00:00+02:00,1.8186084317498574
sc01,y2030,2030-09-01T11:00:00+02:00,44.39999999999999
sc01,y2030,2030-09-01T15:00:00+02:00,0.0
sc01,y2030,2030-09-01T19:00:00+02:00,0.0
sc01,y2030,2030-09-01T23:00:00+02:00,0.0
sc01,y2030,2030-09-02T03:00:00+02:00,0.0
sc01,y2030,2030-09-02T07:00:00+02:00,8.896290112244465
sc01,y2030,2030-09-02T11:00:00+02:00,0.0
sc01,y2030,2030-09-02T15:00:00+02:00,0.0
sc01,y2030,2030-09-02T19:00:00+02:00,0.0
sc01,y2030,2030-09-02T23:00:00+02:00,14.617444047249961
sc01,y2030,2030-09-03T03:00:00+02:00,0.0
sc01,y2030,2030-09-03T07:00:00+02:00,0.0
sc01,y2030,2030-09-03T11:00:00+02:00,22.919025430495065
sc01,y2030,2030-09-03T15:00:00+02:00,0.0
sc01,y2030,2030-09-03T19:00:00+02:00,0.0
sc01,y2030,2030-09-03T23:00:00+02:00,10.806598050245197
sc01,y2030,2030-09-04T03:00:00+02:00,0.0
sc01,y2030,2030-09-04T07:00:00+02:00,0.0
sc01,y2030,2030-09-04T11:00:00+02:00,0.0
sc01,y2030,2030-09-04T15:00:00+02:00,0.0
sc01,y2030,2030-09-04T19:00:00+02:00,0.0
sc01,y2030,2030-09-04T23:00:00+02:00,13.064223050245683
sc01,y2030,2030-09-05T03:00:00+02:00,0.0
sc01,y2030,2030-09-05T07:00:00+02:00,0.0
sc01,y2030,2030-09-05T11:00:00+02:00,0.0
sc01,y2030,2030-09-05T15:00:00+02:00,0.0
sc01,y2030,2030-09-05T19:00:00+02:00,0.0
sc01,y2030,2030-09-05T23:00:00+02:00,0.0
sc01,y2030,2030-09-06T03:00:00+02:00,0.0
sc01,y2030,2030-09-06T07:00:00+02:00,5.765190112246243
sc01,y2030,2030-09-06T11:00:00+02:00,0.0
sc01,y2030,2030-09-06T15:00:00+02:00,0.0
sc01,y2030,2030-09-06T19:00:00+02:00,0.0
sc01,y2030,2030-09-06T23:00:00+02:00,44.39999999999999
sc01,y2030,2030-09-07T03:00:00+02:00,0.0
sc01,y2030,2030-09-07T07:00:00+02:00,0.0
sc01,y2030,2030-09-07T11:00:00+02:00,0.0
sc01,y2030,2030-09-07T15:00:00+02:00,0.0
sc01,y2030,2030-09-07T19:00:00+02:00,0.0
sc01,y2030,2030-09-07T23:00:00+02:00,0.0
sc01,y2030,2030-09-08T03:00:00+02:00,25.293454002996818
sc01,y2030,2030-09-08T07:00:00+02:00,0.0
sc01,y2030,2030-09-08T11:00:00+02:00,0.0
sc01,y2030,2030-09-08T15:00:00+02:00,0.0
sc01,y2030,2030-09-08T19:00:00+02:00,0.0
sc01,y2030,2030-09-08T23:00:00+02:00,0.0
sc01,y2030,2030-09-09T03:00:00+02:00,0.0
sc01,y2030,2030-09-09T07:00:00+02:00,0.0
sc01,y2030,2030-09-09T11:00:00+02:00,0.0
sc01,y2030,2030-09-09T15:00:00+02:00,0.0
sc01,y2030,2030-09-09T19:00:00+02:00,0.0
sc01,y2030,2030-09-09T23:00:00+02:00,0.0
sc01,y2030,2030-09-10T03:00:00+02:00,22.527979002997856
sc01,y2030,2030-09-10T07:00:00+02:00,0.0
sc01,y2030,2030-09-10T11:00:00+02:00,0.0
sc01,y2030,2030-09-10T15:00:00+02:00,0.0
sc01,y2030,2030-09-10T19:00:00+02:00,0.0
sc01,y2030,2030-09-10T23:00:00+02:00,0.0
sc01,y2030,2030-09-11T03:00:00+02:00,0.0
sc01,y2030,2030-09-11T07:00:00+02:00,0.0
sc01,y2030,2030-09-11T11:00:00+02:00,0.0
sc01,y2030,2030-09-11T15:00:00+02:00,0.0
sc01,y2030,2030-09-11T19:00:00+02:00,0.0
sc01,y2030,2030-09-11T23:00:00+02:00,0.0
sc01,y2030,2030-09-12T03:00:00+02:00,0.0
sc01,y2030,2030-09-12T07:00:00+02:00,17.127471362248958
sc01,y2030,2030-09-12T11:00:00+02:00,0.0
sc01,y2030,2030-09-12T15:00:00+02:00,0.0
sc01,y2030,2030-09-12T19:00:00+02:00,0.0
sc01,y2030,2030-09-12T23:00:00+02:00,0.0
sc01,y2030,2030-09-13T03:00:00+02:00,0.0
sc01,y2030,2030-09-13T07:00:00+02:00,15.051927263808441
sc01,y2030,2030-09-13T11:00:00+02:00,33.5259188320588
sc01,y2030,2030-09-13T15:00:00+02:00,0.0
sc01,y2030,2030-09-13T19:00:00+02:00,0.0
sc01,y2030,2030-09-13T23:00:00+02:00,0.0
sc01,y2030,2030-09-14T03:00:00+02:00,0.0
sc01,y2030,2030-09-14T07:00:00+02:00,31.627704859250038
sc01,y2030,2030-09-14T11:00:00+02:00,0.0
sc01,y2030,2030-09-14T15:00:00+02:00,44.39999999999999
sc01,y2030,2030-09-14T19:00:00+02:00,0.0
sc01,y2030,2030-09-14T23:00:00+02:00,0.0
sc01,y2030,2030-09-15T03:00:00+02:00,0.0
sc01,y2030,2030-09-15T07:00:00+02:00,0.0
sc01,y2030,2030-09-15T11:00:00+02:00,7.41554679662404
sc01,y2030,2030-09-15T15:00:00+02:00,0.0
sc01,y2030,2030-09-15T19:00:00+02:00,0.0
sc01,y2030,2030-09-15T23:00:00+02:00,44.39999999999999
sc01,y2030,2030-09-16T03:00:00+02:00,0.0
sc01,y2030,2030-09-16T07:00:00+02:00,25.395092359250192
sc01,y2030,2030-09-16T11:00:00+02:00,0.0
sc01,y2030,2030-09-16T15:00:00+02:00,0.0
sc01,y2030,2030-09-16T19:00:00+02:00,0.0
sc01,y2030,2030-09-16T23:00:00+02:00,0.0
sc01,y2030,2030-09-17T03:00:00+02:00,0.0
sc01,y2030,2030-09-17T07:00:00+02:00,0.0
sc01,y2030,2030-09-17T11:00:00+02:00,0.0
sc01,y2030,2030-09-17T15:00:00+02:00,0.0
sc01,y2030,2030-09-17T19:00:00+02:00,0.0
sc01,y2030,2030-09-17T23:00:00+02:00,0.0
sc01,y2030,2030-09-18T03:00:00+02:00,0.0
sc01,y2030,2030-09-18T07:00:00+02:00,0.0
sc01,y2030,2030-09-18T11:00:00+02:00,0.0
sc01,y2030,2030-09-18T15:00:00+02:00,0.0
sc01,y2030,2030-09-18T19:00:00+02:00,0.0
sc01,y2030,2030-09-18T23:00:00+02:00,0.0
sc01,y2030,2030-09-19T03:00:00+02:00,44.39999999999999
sc01,y2030,2030-09-19T07:00:00+02:00,0.21912761225212352
sc01,y2030,2030-09-19T11:00:00+02:00,0.0
sc01,y2030,2030-09-19T15:00:00+02:00,0.0
sc01,y2030,2030-09-19T19:00:00+02:00,0.0
sc01,y2030,2030-09-19T23:00:00+02:00,44.39999999999999
sc01,y2030,2030-09-20T03:00:00+02:00,0.0
sc01,y2030,2030-09-20T07:00:00+02:00,0.0
sc01,y2030,2030-09-20T11:00:00+02:00,45.81946831949723
sc01,y2030,2030-09-20T15:00:00+02:00,0.0
sc01,y2030,2030-09-20T19:00:00+02:00,0.0
sc01,y2030,2030-09-20T23:00:00+02:00,0.0
sc01,y2030,2030-09-21T03:00:00+02:00,0.0
sc01,y2030,2030-09-21T07:00:00+02:00,0.0
sc01,y2030,2030-09-21T11:00:00+02:00,0.0
sc01,y2030,2030-09-21T15:00:00+02:00,0.0
sc01,y2030,2030-09-21T19:00:00+02:00,0.0
sc01,y2030,2030-09-21T23:00:00+02:00,0.0
sc01,y2030,2030-09-22T03:00:00+02:00,0.0
sc01,y2030,2030-09-22T07:00:00+02:00,5.404046362253501
sc01,y2030,2030-09-22T11:00:00+02:00,42.2582441805035
sc01,y2030,2030-09-22T15:00:00+02:00,0.0
sc01,y2030,2030-09-22T19:00:00+02:00,0.0
sc01,y2030,2030-09-22T23:00:00+02:00,0.0
sc01,y2030,2030-09-23T03:00:00+02:00,6.995897753003688
sc01,y2030,2030-09-23T07:00:00+02:00,0.0
sc01,y2030,2030-09-23T11:00:00+02:00,0.0
sc01,y2030,2030-09-23T15:00:00+02:00,44.39999999999999
sc01,y2030,2030-09-23T19:00:00+02:00,0.0
sc01,y2030,2030-09-23T23:00:00+02:00,0.0
sc01,y2030,2030-09-24T03:00:00+02:00,44.39999999999999
sc01,y2030,2030-09-24T07:00:00+02:00,5.779202612254341
sc01,y2030,2030-09-24T11:00:00+02:00,0.0
sc01,y2030,2030-09-24T15:00:00+02:00,0.0
sc01,y2030,2030-09-24T19:00:00+02:00,0.0
sc01,y2030,2030-09-24T23:00:00+02:00,44.39999999999999
sc01,y2030,2030-09-25T03:00:00+02:00,0.0
sc01,y2030,2030-09-25T07:00:00+02:00,0.0
sc01,y2030,2030-09-25T11:00:00+02:00,0.0
sc01,y2030,2030-09-25T15:00:00+02:00,0.0
sc01,y2030,2030-09-25T19:00:00+02:00,0.0
sc01,y2030,2030-09-25T23:00:00+02:00,44.39999999999999
sc01,y2030,2030-09-26T03:00:00+02:00,0.0
sc01,y2030,2030-09-26T07:00:00+02:00,0.0
sc01,y2030,2030-09-26T11:00:00+02:00,0.0
sc01,y2030,2030-09-26T15:00:00+02:00,0.0
sc01,y2030,2030-09-26T19:00:00+02:00,0.0
sc01,y2030,2030-09-26T23:00:00+02:00,44.39999999999999
sc01,y2030,2030-09-27T03:00:00+02:00,0.0
sc01,y2030,2030-09-27T07:00:00+02:00,0.0
sc01,y2030,2030-09-27T11:00:00+02:00,0.0
sc01,y2030,2030-09-27T15:00:00+02:00,0.0
sc01,y2030,2030-09-27T19:00:00+02:00,0.0
sc01,y2030,2030-09-27T23:00:00+02:00,0.0
sc01,y2030,2030-09-28T03:00:00+02:00,40.78213349699416
sc01,y2030,2030-09-28T07:00:00+02:00,0.0
sc01,y2030,2030-09-28T11:00:00+02:00,40.45108793050617
sc01,y2030,2030-09-28T15:00:00+02:00,0.0
sc01,y2030,2030-09-28T19:00:00+02:00,44.39999999999999
sc01,y2030,2030-09-28T23:00:00+02:00,0.0
sc01,y2030,2030-09-29T03:00:00+02:00,0.0
sc01,y2030,2030-09-29T07:00:00+02:00,0.0
sc01,y2030,2030-09-29T11:00:00+02:00,0.0
sc01,y2030,2030-09-29T15:00:00+02:00,0.0
sc01,y2030,2030-09-29T19:00:00+02:00,44.39999999999999
sc01,y2030,2030-09-29T23:00:00+02:00,0.0
sc01,y2030,2030-09-30T03:00:00+02:00,0.0
sc01,y2030,2030-09-30T07:00:00+02:00,0.0
sc01,y2030,2030-09-30T11:00:00+02:00,0.0
sc01,y2030,2030-09-30T15:00:00+02:00,0.0
sc01,y2030,2030-09-30T19:00:00+02:00,0.0
sc01,y2030,2030-09-30T23:00:00+02:00,44.39999999999999
sc01,y2030,2030-10-01T03:00:00+02:00,0.0
sc01,y2030,2030-10-01T07:00:00+02:00,0.0
sc01,y2030,2030-10-01T11:00:00+02:00,0.0
sc01,y2030,2030-10-01T15:00:00+02:00,0.0
sc01,y2030,2030-10-01T19:00:00+02:00,0.0
sc01,y2030,2030-10-01T23:00:00+02:00,0.0
sc01,y2030,2030-10-02T03:00:00+02:00,0.0
sc01,y2030,2030-10-02T07:00:00+02:00,0.0
sc01,y2030,2030-10-02T11:00:00+02:00,0.0
sc01,y2030,2030-10-02T15:00:00+02:00,0.0
sc01,y2030,2030-10-02T19:00:00+02:00,0.0
sc01,y2030,2030-10-02T23:00:00+02:00,0.0
sc01,y2030,2030-10-03T03:00:00+02:00,0.0
sc01,y2030,2030-10-03T07:00:00+02:00,0.0
sc01,y2030,2030-10-03T11:00:00+02:00,0.0
sc01,y2030,2030-10-03T15:00:00+02:00,0.0
sc01,y2030,2030-10-03T19:00:00+02:00,0.0
sc01,y2030,2030-10-03T23:00:00+02:00,0.0
sc01,y2030,2030-10-04T03:00:00+02:00,0.0
sc01,y2030,2030-10-04T07:00:00+02:00,0.0
sc01,y2030,2030-10-04T11:00:00+02:00,0.0
sc01,y2030,2030-10-04T15:00:00+02:00,0.0
sc01,y2030,2030-10-04T19:00:00+02:00,0.0
sc01,y2030,2030-10-04T23:00:00+02:00,25.817653343873875
sc01,y2030,2030-10-05T03:00:00+02:00,0.0
sc01,y2030,2030-10-05T07:00:00+02:00,0.0
sc01,y2030,2030-10-05T11:00:00+02:00,0.0
sc01,y2030,2030-10-05T15:00:00+02:00,0.0
sc01,y2030,2030-10-05T19:00:00+02:00,0.0
sc01,y2030,2030-10-05T23:00:00+02:00,0.0
sc01,y2030,2030-10-06T03:00:00+02:00,0.0
sc01,y2030,2030-10-06T07:00:00+02:00,0.0
sc01,y2030,2030-10-06T11:00:00+02:00,0.0
sc01,y2030,2030-10-06T15:00:00+02:00,0.0
sc01,y2030,2030-10-06T19:00:00+02:00,0.0
sc01,y2030,2030-10-06T23:00:00+02:00,0.0
sc01,y2030,2030-10-07T03:00:00+02:00,0.0
sc01,y2030,2030-10-07T07:00:00+02:00,0.0
sc01,y2030,2030-10-07T11:00:00+02:00,0.0
sc01,y2030,2030-10-07T15:00:00+02:00,0.0
sc01,y2030,2030-10-07T19:00:00+02:00,0.0
sc01,y2030,2030-10-07T23:00:00+02:00,0.0
sc01,y2030,2030-10-08T03:00:00+02:00,0.0
sc01,y2030,2030-10-08T07:00:00+02:00,16.750208862260585
sc01,y2030,2030-10-08T11:00:00+02:00,0.0
sc01,y2030,2030-10-08T15:00:00+02:00,0.0
sc01,y2030,2030-10-08T19:00:00+02:00,0.0
sc01,y2030,2030-10-08T23:00:00+02:00,0.0
sc01,y2030,2030-10-09T03:00:00+02:00,0.0
sc01,y2030,2030-10-09T07:00:00+02:00,0.0
sc01,y2030,2030-10-09T11:00:00+02:00,0.0
sc01,y2030,2030-10-09T15:00:00+02:00,0.0
sc01,y2030,2030-10-09T19:00:00+02:00,0.0
sc01,y2030,2030-10-09T23:00:00+02:00,0.0
sc01,y2030,2030-10-10T03:00:00+02:00,0.0
sc01,y2030,2030-10-10T07:00:00+02:00,0.0
sc01,y2030,2030-10-10T11:00:00+02:00,0.0
sc01,y2030,2030-10-10T15:00:00+02:00,0.0
sc01,y2030,2030-10-10T19:00:00+02:00,0.0
sc01,y2030,2030-10-10T23:00:00+02:00,0.0
sc01,y2030,2030-10-11T03:00:00+02:00,0.0
sc01,y2030,2030-10-11T07:00:00+02:00,0.0
sc01,y2030,2030-10-11T11:00:00+02:00,0.0
sc01,y2030,2030-10-11T15:00:00+02:00,0.0
sc01,y2030,2030-10-11T19:00:00+02:00,0.0
sc01,y2030,2030-10-11T23:00:00+02:00,0.0
sc01,y2030,2030-10-12T03:00:00+02:00,0.0
sc01,y2030,2030-10-12T07:00:00+02:00,18.578033862262423
sc01,y2030,2030-10-12T11:00:00+02:00,44.39999999999999
sc01,y2030,2030-10-12T15:00:00+02:00,0.0
sc01,y2030,2030-10-12T19:00:00+02:00,0.0
sc01,y2030,2030-10-12T23:00:00+02:00,0.0
sc01,y2030,2030-10-13T03:00:00+02:00,0.0
sc01,y2030,2030-10-13T07:00:00+02:00,0.0
sc01,y2030,2030-10-13T11:00:00+02:00,3.3083691805129156
sc01,y2030,2030-10-13T15:00:00+02:00,42.66270363388907
sc01,y2030,2030-10-13T19:00:00+02:00,0.0
sc01,y2030,2030-10-13T23:00:00+02:00,0.0
sc01,y2030,2030-10-14T03:00:00+02:00,0.0
sc01,y2030,2030-10-14T07:00:00+02:00,0.0
sc01,y2030,2030-10-14T11:00:00+02:00,0.0
sc01,y2030,2030-10-14T15:00:00+02:00,4.683472383889498
sc01,y2030,2030-10-14T19:00:00+02:00,0.0
sc01,y2030,2030-10-14T23:00:00+02:00,0.0
sc01,y2030,2030-10-15T03:00:00+02:00,41.82397900301355
sc01,y2030,2030-10-15T07:00:00+02:00,7.732152612263732
sc01,y2030,2030-10-15T11:00:00+02:00,0.0
sc01,y2030,2030-10-15T15:00:00+02:00,0.0
sc01,y2030,2030-10-15T19:00:00+02:00,0.0
sc01,y2030,2030-10-15T23:00:00+02:00,0.0
sc01,y2030,2030-10-16T03:00:00+02:00,0.0
sc01,y2030,2030-10-16T07:00:00+02:00,0.0
sc01,y2030,2030-10-16T11:00:00+02:00,0.0
sc01,y2030,2030-10-16T15:00:00+02:00,0.0
sc01,y2030,2030-10-16T19:00:00+02:00,0.0
sc01,y2030,2030-10-16T23:00:00+02:00,0.0
sc01,y2030,2030-10-17T03:00:00+02:00,0.0
sc01,y2030,2030-10-17T07:00:00+02:00,0.0
sc01,y2030,2030-10-17T11:00:00+02:00,0.0
sc01,y2030,2030-10-17T15:00:00+02:00,42.016759883891034
sc01,y2030,2030-10-17T19:00:00+02:00,0.0
sc01,y2030,2030-10-17T23:00:00+02:00,0.0
sc01,y2030,2030-10-18T03:00:00+02:00,0.0
sc01,y2030,2030-10-18T07:00:00+02:00,25.016771362265043
sc01,y2030,2030-10-18T11:00:00+02:00,0.0
sc01,y2030,2030-10-18T15:00:00+02:00,0.0
sc01,y2030,2030-10-18T19:00:00+02:00,0.0
sc01,y2030,2030-10-18T23:00:00+02:00,0.0
sc01,y2030,2030-10-19T03:00:00+02:00,0.0
sc01,y2030,2030-10-19T07:00:00+02:00,0.0
sc01,y2030,2030-10-19T11:00:00+02:00,0.0
sc01,y2030,2030-10-19T15:00:00+02:00,0.0
sc01,y2030,2030-10-19T19:00:00+02:00,0.0
sc01,y2030,2030-10-19T23:00:00+02:00,0.0
sc01,y2030,2030-10-20T03:00:00+02:00,44.39999999999999
sc01,y2030,2030-10-20T07:00:00+02:00,0.0
sc01,y2030,2030-10-20T11:00:00+02:00,0.0
sc01,y2030,2030-10-20T15:00:00+02:00,0.0
sc01,y2030,2030-10-20T19:00:00+02:00,0.0
sc01,y2030,2030-10-20T23:00:00+02:00,13.201735550266102
sc01,y2030,2030-10-21T03:00:00+02:00,0.0
sc01,y2030,2030-10-21T07:00:00+02:00,0.0
sc01,y2030,2030-10-21T11:00:00+02:00,0.0
sc01,y2030,2030-10-21T15:00:00+02:00,0.0
sc01,y2030,2030-10-21T19:00:00+02:00,0.0
sc01,y2030,2030-10-21T23:00:00+02:00,6.841741800266643
sc01,y2030,2030-10-22T03:00:00+02:00,0.0
sc01,y2030,2030-10-22T07:00:00+02:00,0.0
sc01,y2030,2030-10-22T11:00:00+02:00,36.62458170337941
sc01,y2030,2030-10-22T15:00:00+02:00,36.73927238389316
sc01,y2030,2030-10-22T19:00:00+02:00,0.0
sc01,y2030,2030-10-22T23:00:00+02:00,0.0
sc01,y2030,2030-10-23T03:00:00+02:00,0.0
sc01,y2030,2030-10-23T07:00:00+02:00,0.0
sc01,y2030,2030-10-23T11:00:00+02:00,0.0
sc01,y2030,2030-10-23T15:00:00+02:00,0.0
sc01,y2030,2030-10-23T19:00:00+02:00,0.0
sc01,y2030,2030-10-23T23:00:00+02:00,0.0
sc01,y2030,2030-10-24T03:00:00+02:00,0.0
sc01,y2030,2030-10-24T07:00:00+02:00,0.0
sc01,y2030,2030-10-24T11:00:00+02:00,0.0
sc01,y2030,2030-10-24T15:00:00+02:00,0.0
sc01,y2030,2030-10-24T19:00:00+02:00,0.0
sc01,y2030,2030-10-24T23:00:00+02:00,0.0
sc01,y2030,2030-10-25T03:00:00+02:00,0.0
sc01,y2030,2030-10-25T07:00:00+02:00,0.0
sc01,y2030,2030-10-25T11:00:00+02:00,0.0
sc01,y2030,2030-10-25T15:00:00+02:00,0.0
sc01,y2030,2030-10-25T19:00:00+02:00,0.0
sc01,y2030,2030-10-25T23:00:00+02:00,0.0
sc01,y2030,2030-10-26T03:00:00+02:00,0.0
sc01,y2030,2030-10-26T07:00:00+02:00,0.0
sc01,y2030,2030-10-26T11:00:00+02:00,35.36050581948119
sc01,y2030,2030-10-26T15:00:00+02:00,0.0
sc01,y2030,2030-10-26T19:00:00+02:00,0.0
sc01,y2030,2030-10-26T23:00:00+02:00,0.0
sc01,y2030,2030-10-27T03:00:00+01:00,0.0
sc01,y2030,2030-10-27T07:00:00+01:00,0.0
sc01,y2030,2030-10-27T11:00:00+01:00,44.39999999999999
sc01,y2030,2030-10-27T15:00:00+01:00,44.39999999999999
sc01,y2030,2030-10-27T19:00:00+01:00,0.0
sc01,y2030,2030-10-27T23:00:00+01:00,62.16
sc01,y2030,2030-10-28T03:00:00+01:00,0.0
sc01,y2030,2030-10-28T07:00:00+01:00,31.615142359250225
sc01,y2030,2030-10-28T11:00:00+01:00,0.0
sc01,y2030,2030-10-28T15:00:00+01:00,0.0
sc01,y2030,2030-10-28T19:00:00+01:00,0.0
sc01,y2030,2030-10-28T23:00:00+01:00,44.39999999999999
sc01,y2030,2030-10-29T03:00:00+01:00,0.0
sc01,y2030,2030-10-29T07:00:00+01:00,28.879711109250263
sc01,y2030,2030-10-29T11:00:00+01:00,0.0
sc01,y2030,2030-10-29T15:00:00+01:00,0.0
sc01,y2030,2030-10-29T19:00:00+01:00,0.0
sc01,y2030,2030-10-29T23:00:00+01:00,0.0
sc01,y2030,2030-10-30T03:00:00+01:00,0.0
sc01,y2030,2030-10-30T07:00:00+01:00,0.0
sc01,y2030,2030-10-30T11:00:00+01:00,22.225904068250145
sc01,y2030,2030-10-30T15:00:00+01:00,44.39999999999999
sc01,y2030,2030-10-30T19:00:00+01:00,0.0
sc01,y2030,2030-10-30T23:00:00+01:00,44.39999999999999
sc01,y2030,2030-10-31T03:00:00+01:00,0.0
sc01,y2030,2030-10-31T07:00:00+01:00,0.0
sc01,y2030,2030-10-31T11:00:00+01:00,44.39999999999999
sc01,y2030,2030-10-31T15:00:00+01:00,0.0
sc01,y2030,2030-10-31T19:00:00+01:00,0.0
sc01,y2030,2030-10-31T23:00:00+01:00,0.0
sc01,y2030,2030-11-01T03:00:00+01:00,44.39999999999999
sc01,y2030,2030-11-01T07:00:00+01:00,29.0938736092502
sc01,y2030,2030-11-01T11:00:00+01:00,17.725221427500216
sc01,y2030,2030-11-01T15:00:00+01:00,0.0
sc01,y2030,2030-11-01T19:00:00+01:00,38.80089218722854
sc01,y2030,2030-11-01T23:00:00+01:00,33.69591279724993
sc01,y2030,2030-11-02T03:00:00+01:00,44.39999999999999
sc01,y2030,2030-11-02T07:00:00+01:00,0.0
sc01,y2030,2030-11-02T11:00:00+01:00,44.39999999999999
sc01,y2030,2030-11-02T15:00:00+01:00,0.0
sc01,y2030,2030-11-02T19:00:00+01:00,0.0
sc01,y2030,2030-11-02T23:00:00+01:00,0.0
sc01,y2030,2030-11-03T03:00:00+01:00,44.39999999999999
sc01,y2030,2030-11-03T07:00:00+01:00,0.0
sc01,y2030,2030-11-03T11:00:00+01:00,0.0
sc01,y2030,2030-11-03T15:00:00+01:00,44.39999999999999
sc01,y2030,2030-11-03T19:00:00+01:00,0.0
sc01,y2030,2030-11-03T23:00:00+01:00,0.0
sc01,y2030,2030-11-04T03:00:00+01:00,0.0
sc01,y2030,2030-11-04T07:00:00+01:00,0.0
sc01,y2030,2030-11-04T11:00:00+01:00,40.42402543052265
sc01,y2030,2030-11-04T15:00:00+01:00,0.0
sc01,y2030,2030-11-04T19:00:00+01:00,0.0
sc01,y2030,2030-11-04T23:00:00+01:00,0.0
sc01,y2030,2030-11-05T03:00:00+01:00,24.81701650302273
sc01,y2030,2030-11-05T07:00:00+01:00,0.0
sc01,y2030,2030-11-05T11:00:00+01:00,24.597137930523093
sc01,y2030,2030-11-05T15:00:00+01:00,47.077540116100586
sc01,y2030,2030-11-05T19:00:00+01:00,0.0
sc01,y2030,2030-11-05T23:00:00+01:00,0.0
sc01,y2030,2030-11-06T03:00:00+01:00,44.39999999999999
sc01,y2030,2030-11-06T07:00:00+01:00,0.0
sc01,y2030,2030-11-06T11:00:00+01:00,44.39999999999999
sc01,y2030,2030-11-06T15:00:00+01:00,0.0
sc01,y2030,2030-11-06T19:00:00+01:00,0.0
sc01,y2030,2030-11-06T23:00:00+01:00,0.0
sc01,y2030,2030-11-07T03:00:00+01:00,44.39999999999999
sc01,y2030,2030-11-07T07:00:00+01:00,0.0
sc01,y2030,2030-11-07T11:00:00+01:00,44.39999999999999
sc01,y2030,2030-11-07T15:00:00+01:00,0.0
sc01,y2030,2030-11-07T19:00:00+01:00,0.0
sc01,y2030,2030-11-07T23:00:00+01:00,0.0
sc01,y2030,2030-11-08T03:00:00+01:00,15.479847753024135
sc01,y2030,2030-11-08T07:00:00+01:00,0.0
sc01,y2030,2030-11-08T11:00:00+01:00,0.0
sc01,y2030,2030-11-08T15:00:00+01:00,0.0
sc01,y2030,2030-11-08T19:00:00+01:00,0.0
sc01,y2030,2030-11-08T23:00:00+01:00,0.0
sc01,y2030,2030-11-09T03:00:00+01:00,77.69999999999999
sc01,y2030,2030-11-09T07:00:00+01:00,0.0
sc01,y2030,2030-11-09T11:00:00+01:00,0.0
sc01,y2030,2030-11-09T15:00:00+01:00,0.0
sc01,y2030,2030-11-09T19:00:00+01:00,0.0
sc01,y2030,2030-11-09T23:00:00+01:00,0.0
sc01,y2030,2030-11-10T03:00:00+01:00,44.39999999999999
sc01,y2030,2030-11-10T07:00:00+01:00,0.0
sc01,y2030,2030-11-10T11:00:00+01:00,0.0
sc01,y2030,2030-11-10T15:00:00+01:00,0.0
sc01,y2030,2030-11-10T19:00:00+01:00,0.0
sc01,y2030,2030-11-10T23:00:00+01:00,0.0
sc01,y2030,2030-11-11T03:00:00+01:00,44.39999999999999
sc01,y2030,2030-11-11T07:00:00+01:00,0.0
sc01,y2030,2030-11-11T11:00:00+01:00,0.0
sc01,y2030,2030-11-11T15:00:00+01:00,0.0
sc01,y2030,2030-11-11T19:00:00+01:00,0.0
sc01,y2030,2030-11-11T23:00:00+01:00,0.0
sc01,y2030,2030-11-12T03:00:00+01:00,0.0
sc01,y2030,2030-11-12T07:00:00+01:00,0.0
sc01,y2030,2030-11-12T11:00:00+01:00,0.0
sc01,y2030,2030-11-12T15:00:00+01:00,0.0
sc01,y2030,2030-11-12T19:00:00+01:00,0.0
sc01,y2030,2030-11-12T23:00:00+01:00,44.39999999999999
sc01,y2030,2030-11-13T03:00:00+01:00,0.0
sc01,y2030,2030-11-13T07:00:00+01:00,0.0
sc01,y2030,2030-11-13T11:00:00+01:00,0.0
sc01,y2030,2030-11-13T15:00:00+01:00,0.0
sc01,y2030,2030-11-13T19:00:00+01:00,44.39999999999999
sc01,y2030,2030-11-13T23:00:00+01:00,44.39999999999999
sc01,y2030,2030-11-14T03:00:00+01:00,44.39999999999999
sc01,y2030,2030-11-14T07:00:00+01:00,21.74234011227705
sc01,y2030,2030-11-14T11:00:00+01:00,0.0
sc01,y2030,2030-11-14T15:00:00+01:00,0.0
sc01,y2030,2030-11-14T19:00:00+01:00,0.0
sc01,y2030,2030-11-14T23:00:00+01:00,0.0
sc01,y2030,2030-11-15T03:00:00+01:00,0.0
sc01,y2030,2030-11-15T07:00:00+01:00,0.0
sc01,y2030,2030-11-15T11:00:00+01:00,0.0
sc01,y2030,2030-11-15T15:00:00+01:00,0.0
sc01,y2030,2030-11-15T19:00:00+01:00,0.0
sc01,y2030,2030-11-15T23:00:00+01:00,40.84133675522072
sc01,y2030,2030-11-16T03:00:00+01:00,0.0
sc01,y2030,2030-11-16T07:00:00+01:00,0.0
sc01,y2030,2030-11-16T11:00:00+01:00,0.0
sc01,y2030,2030-11-16T15:00:00+01:00,0.0
sc01,y2030,2030-11-16T19:00:00+01:00,0.0
sc01,y2030,2030-11-16T23:00:00+01:00,44.39999999999999
sc01,y2030,2030-11-17T03:00:00+01:00,0.0
sc01,y2030,2030-11-17T07:00:00+01:00,0.0
sc01,y2030,2030-11-17T11:00:00+01:00,0.0
sc01,y2030,2030-11-17T15:00:00+01:00,0.0
sc01,y2030,2030-11-17T19:00:00+01:00,44.39999999999999
sc01,y2030,2030-11-17T23:00:00+01:00,44.39999999999999
sc01,y2030,2030-11-18T03:00:00+01:00,0.0
sc01,y2030,2030-11-18T07:00:00+01:00,0.0
sc01,y2030,2030-11-18T11:00:00+01:00,0.0
sc01,y2030,2030-11-18T15:00:00+01:00,0.0
sc01,y2030,2030-11-18T19:00:00+01:00,0.0
sc01,y2030,2030-11-18T23:00:00+01:00,0.0
sc01,y2030,2030-11-19T03:00:00+01:00,0.0
sc01,y2030,2030-11-19T07:00:00+01:00,0.0
sc01,y2030,2030-11-19T11:00:00+01:00,0.0
sc01,y2030,2030-11-19T15:00:00+01:00,0.0
sc01,y2030,2030-11-19T19:00:00+01:00,0.0
sc01,y2030,2030-11-19T23:00:00+01:00,0.0
sc01,y2030,2030-11-20T03:00:00+01:00,0.0
sc01,y2030,2030-11-20T07:00:00+01:00,4.964558431749699
sc01,y2030,2030-11-20T11:00:00+01:00,0.0
sc01,y2030,2030-11-20T15:00:00+01:00,0.0
sc01,y2030,2030-11-20T19:00:00+01:00,0.0
sc01,y2030,2030-11-20T23:00:00+01:00,44.39999999999999
sc01,y2030,2030-11-21T03:00:00+01:00,0.0
sc01,y2030,2030-11-21T07:00:00+01:00,0.0
sc01,y2030,2030-11-21T11:00:00+01:00,19.898003354578638
sc01,y2030,2030-11-21T15:00:00+01:00,62.16
sc01,y2030,2030-11-21T19:00:00+01:00,44.39999999999999
sc01,y2030,2030-11-21T23:00:00+01:00,0.0
sc01,y2030,2030-11-22T03:00:00+01:00,0.0
sc01,y2030,2030-11-22T07:00:00+01:00,0.0
sc01,y2030,2030-11-22T11:00:00+01:00,32.44198531825005
sc01,y2030,2030-11-22T15:00:00+01:00,0.0
sc01,y2030,2030-11-22T19:00:00+01:00,0.0
sc01,y2030,2030-11-22T23:00:00+01:00,0.0
sc01,y2030,2030-11-23T03:00:00+01:00,0.0
sc01,y2030,2030-11-23T07:00:00+01:00,0.0
sc01,y2030,2030-11-23T11:00:00+01:00,44.39999999999999
sc01,y2030,2030-11-23T15:00:00+01:00,0.0
sc01,y2030,2030-11-23T19:00:00+01:00,0.0
sc01,y2030,2030-11-23T23:00:00+01:00,0.0
sc01,y2030,2030-11-24T03:00:00+01:00,36.32420224696842
sc01,y2030,2030-11-24T07:00:00+01:00,0.0
sc01,y2030,2030-11-24T11:00:00+01:00,26.155894180531824
sc01,y2030,2030-11-24T15:00:00+01:00,34.49445886609165
sc01,y2030,2030-11-24T19:00:00+01:00,0.0
sc01,y2030,2030-11-24T23:00:00+01:00,0.0
sc01,y2030,2030-11-25T03:00:00+01:00,0.0
sc01,y2030,2030-11-25T07:00:00+01:00,0.0
sc01,y2030,2030-11-25T11:00:00+01:00,0.0
sc01,y2030,2030-11-25T15:00:00+01:00,0.0
sc01,y2030,2030-11-25T19:00:00+01:00,0.0
sc01,y2030,2030-11-25T23:00:00+01:00,23.77435532190908
sc01,y2030,2030-11-26T03:00:00+01:00,0.0
sc01,y2030,2030-11-26T07:00:00+01:00,0.0
sc01,y2030,2030-11-26T11:00:00+01:00,0.0
sc01,y2030,2030-11-26T15:00:00+01:00,0.0
sc01,y2030,2030-11-26T19:00:00+01:00,26.87657343721728
sc01,y2030,2030-11-26T23:00:00+01:00,0.0
sc01,y2030,2030-11-27T03:00:00+01:00,0.0
sc01,y2030,2030-11-27T07:00:00+01:00,0.0
sc01,y2030,2030-11-27T11:00:00+01:00,0.0
sc01,y2030,2030-11-27T15:00:00+01:00,0.0
sc01,y2030,2030-11-27T19:00:00+01:00,0.0
sc01,y2030,2030-11-27T23:00:00+01:00,0.0
sc01,y2030,2030-11-28T03:00:00+01:00,0.0
sc01,y2030,2030-11-28T07:00:00+01:00,0.0
sc01,y2030,2030-11-28T11:00:00+01:00,0.0
sc01,y2030,2030-11-28T15:00:00+01:00,38.39312238391002
sc01,y2030,2030-11-28T19:00:00+01:00,0.0
sc01,y2030,2030-11-28T23:00:00+01:00,0.0
sc01,y2030,2030-11-29T03:00:00+01:00,0.0
sc01,y2030,2030-11-29T07:00:00+01:00,0.0
sc01,y2030,2030-11-29T11:00:00+01:00,23.29354331946587
sc01,y2030,2030-11-29T15:00:00+01:00,0.0
sc01,y2030,2030-11-29T19:00:00+01:00,0.0
sc01,y2030,2030-11-29T23:00:00+01:00,0.0
sc01,y2030,2030-11-30T03:00:00+01:00,0.0
sc01,y2030,2030-11-30T07:00:00+01:00,0.0
sc01,y2030,2030-11-30T11:00:00+01:00,0.0
sc01,y2030,2030-11-30T15:00:00+01:00,0.0
sc01,y2030,2030-11-30T19:00:00+01:00,0.0
sc01,y2030,2030-11-30T23:00:00+01:00,0.0
sc01,y2030,2030-12-01T03:00:00+01:00,0.0
sc01,y2030,2030-12-01T07:00:00+01:00,44.39999999999999
sc01,y2030,2030-12-01T11:00:00+01:00,0.0
sc01,y2030,2030-12-01T15:00:00+01:00,0.0
sc01,y2030,2030-12-01T19:00:00+01:00,0.0
sc01,y2030,2030-12-01T23:00:00+01:00,0.0
sc01,y2030,2030-12-02T03:00:00+01:00,0.0
sc01,y2030,2030-12-02T07:00:00+01:00,0.0
sc01,y2030,2030-12-02T11:00:00+01:00,0.0
sc01,y2030,2030-12-02T15:00:00+01:00,0.0
sc01,y2030,2030-12-02T19:00:00+01:00,0.0
sc01,y2030,2030-12-02T23:00:00+01:00,0.0
sc01,y2030,2030-12-03T03:00:00+01:00,0.0
sc01,y2030,2030-12-03T07:00:00+01:00,0.0
sc01,y2030,2030-12-03T11:00:00+01:00,0.0
sc01,y2030,2030-12-03T15:00:00+01:00,44.39999999999999
sc01,y2030,2030-12-03T19:00:00+01:00,0.0
sc01,y2030,2030-12-03T23:00:00+01:00,0.0
sc01,y2030,2030-12-04T03:00:00+01:00,44.39999999999999
sc01,y2030,2030-12-04T07:00:00+01:00,0.0
sc01,y2030,2030-12-04T11:00:00+01:00,44.39999999999999
sc01,y2030,2030-12-04T15:00:00+01:00,44.39999999999999
sc01,y2030,2030-12-04T19:00:00+01:00,0.0
sc01,y2030,2030-12-04T23:00:00+01:00,0.0
sc01,y2030,2030-12-05T03:00:00+01:00,28.925050346341187
sc01,y2030,2030-12-05T07:00:00+01:00,22.39602136228669
sc01,y2030,2030-12-05T11:00:00+01:00,44.39999999999999
sc01,y2030,2030-12-05T15:00:00+01:00,44.39999999999999
sc01,y2030,2030-12-05T19:00:00+01:00,44.39999999999999
sc01,y2030,2030-12-05T23:00:00+01:00,0.0
sc01,y2030,2030-12-06T03:00:00+01:00,77.69999999999999
sc01,y2030,2030-12-06T07:00:00+01:00,0.0
sc01,y2030,2030-12-06T11:00:00+01:00,44.39999999999999
sc01,y2030,2030-12-06T15:00:00+01:00,44.39999999999999
sc01,y2030,2030-12-06T19:00:00+01:00,44.39999999999999
sc01,y2030,2030-12-06T23:00:00+01:00,44.39999999999999
sc01,y2030,2030-12-07T03:00:00+01:00,10.879166503037274
sc01,y2030,2030-12-07T07:00:00+01:00,0.0
sc01,y2030,2030-12-07T11:00:00+01:00,0.0
sc01,y2030,2030-12-07T15:00:00+01:00,0.0
sc01,y2030,2030-12-07T19:00:00+01:00,0.0
sc01,y2030,2030-12-07T23:00:00+01:00,44.39999999999999
sc01,y2030,2030-12-08T03:00:00+01:00,0.0
sc01,y2030,2030-12-08T07:00:00+01:00,17.636052612287845
sc01,y2030,2030-12-08T11:00:00+01:00,44.39999999999999
sc01,y2030,2030-12-08T15:00:00+01:00,0.0
sc01,y2030,2030-12-08T19:00:00+01:00,44.39999999999999
sc01,y2030,2030-12-08T23:00:00+01:00,0.0
sc01,y2030,2030-12-09T03:00:00+01:00,44.39999999999999
sc01,y2030,2030-12-09T07:00:00+01:00,0.0
sc01,y2030,2030-12-09T11:00:00+01:00,44.39999999999999
sc01,y2030,2030-12-09T15:00:00+01:00,0.0
sc01,y2030,2030-12-09T19:00:00+01:00,44.39999999999999
sc01,y2030,2030-12-09T23:00:00+01:00,0.0
sc01,y2030,2030-12-10T03:00:00+01:00,0.0
sc01,y2030,2030-12-10T07:00:00+01:00,0.0
sc01,y2030,2030-12-10T11:00:00+01:00,0.0
sc01,y2030,2030-12-10T15:00:00+01:00,0.0
sc01,y2030,2030-12-10T19:00:00+01:00,0.0
sc01,y2030,2030-12-10T23:00:00+01:00,0.0
sc01,y2030,2030-12-11T03:00:00+01:00,0.0
sc01,y2030,2030-12-11T07:00:00+01:00,0.0
sc01,y2030,2030-12-11T11:00:00+01:00,0.0
sc01,y2030,2030-12-11T15:00:00+01:00,0.0
sc01,y2030,2030-12-11T19:00:00+01:00,0.0
sc01,y2030,2030-12-11T23:00:00+01:00,0.0
sc01,y2030,2030-12-12T03:00:00+01:00,0.0
sc01,y2030,2030-12-12T07:00:00+01:00,28.511852612289502
sc01,y2030,2030-12-12T11:00:00+01:00,0.0
sc01,y2030,2030-12-12T15:00:00+01:00,0.0
sc01,y2030,2030-12-12T19:00:00+01:00,0.0
sc01,y2030,2030-12-12T23:00:00+01:00,0.0
sc01,y2030,2030-12-13T03:00:00+01:00,0.0
sc01,y2030,2030-12-13T07:00:00+01:00,0.0
sc01,y2030,2030-12-13T11:00:00+01:00,0.0
sc01,y2030,2030-12-13T15:00:00+01:00,0.0
sc01,y2030,2030-12-13T19:00:00+01:00,0.0
sc01,y2030,2030-12-13T23:00:00+01:00,0.0
sc01,y2030,2030-12-14T03:00:00+01:00,0.0
sc01,y2030,2030-12-14T07:00:00+01:00,0.0
sc01,y2030,2030-12-14T11:00:00+01:00,2.939431680540533
sc01,y2030,2030-12-14T15:00:00+01:00,0.0
sc01,y2030,2030-12-14T19:00:00+01:00,0.0
sc01,y2030,2030-12-14T23:00:00+01:00,0.0
sc01,y2030,2030-12-15T03:00:00+01:00,0.0
sc01,y2030,2030-12-15T07:00:00+01:00,0.0
sc01,y2030,2030-12-15T11:00:00+01:00,0.0
sc01,y2030,2030-12-15T15:00:00+01:00,8.862659883917628
sc01,y2030,2030-12-15T19:00:00+01:00,0.0
sc01,y2030,2030-12-15T23:00:00+01:00,0.0
sc01,y2030,2030-12-16T03:00:00+01:00,0.0
sc01,y2030,2030-12-16T07:00:00+01:00,0.0
sc01,y2030,2030-12-16T11:00:00+01:00,23.99875043054134
sc01,y2030,2030-12-16T15:00:00+01:00,0.0
sc01,y2030,2030-12-16T19:00:00+01:00,0.0
sc01,y2030,2030-12-16T23:00:00+01:00,0.0
sc01,y2030,2030-12-17T03:00:00+01:00,38.67173525304146
sc01,y2030,2030-12-17T07:00:00+01:00,0.0
sc01,y2030,2030-12-17T11:00:00+01:00,41.51286206945826
sc01,y2030,2030-12-17T15:00:00+01:00,0.0
sc01,y2030,2030-12-17T19:00:00+01:00,0.0
sc01,y2030,2030-12-17T23:00:00+01:00,0.0
sc01,y2030,2030-12-18T03:00:00+01:00,0.0
sc01,y2030,2030-12-18T07:00:00+01:00,0.0
sc01,y2030,2030-12-18T11:00:00+01:00,16.32014331945764
sc01,y2030,2030-12-18T15:00:00+01:00,0.0
sc01,y2030,2030-12-18T19:00:00+01:00,0.0
sc01,y2030,2030-12-18T23:00:00+01:00,0.0
sc01,y2030,2030-12-19T03:00:00+01:00,0.0
sc01,y2030,2030-12-19T07:00:00+01:00,0.0
sc01,y2030,2030-12-19T11:00:00+01:00,0.0
sc01,y2030,2030-12-19T15:00:00+01:00,0.0
sc01,y2030,2030-12-19T19:00:00+01:00,0.0
sc01,y2030,2030-12-19T23:00:00+01:00,0.0
sc01,y2030,2030-12-20T03:00:00+01:00,0.0
sc01,y2030,2030-12-20T07:00:00+01:00,0.0
sc01,y2030,2030-12-20T11:00:00+01:00,0.0
sc01,y2030,2030-12-20T15:00:00+01:00,0.0
sc01,y2030,2030-12-20T19:00:00+01:00,0.0
sc01,y2030,2030-12-20T23:00:00+01:00,0.0
sc01,y2030,2030-12-21T03:00:00+01:00,0.0
sc01,y2030,2030-12-21T07:00:00+01:00,12.849640112293532
sc01,y2030,2030-12-21T11:00:00+01:00,0.0
sc01,y2030,2030-12-21T15:00:00+01:00,0.0
sc01,y2030,2030-12-21T19:00:00+01:00,0.0
sc01,y2030,2030-12-21T23:00:00+01:00,0.0
sc01,y2030,2030-12-22T03:00:00+01:00,19.253860253043985
sc01,y2030,2030-12-22T07:00:00+01:00,0.0
sc01,y2030,2030-12-22T11:00:00+01:00,1.4534441805442166
sc01,y2030,2030-12-22T15:00:00+01:00,44.39999999999999
sc01,y2030,2030-12-22T19:00:00+01:00,0.0
sc01,y2030,2030-12-22T23:00:00+01:00,44.39999999999999
sc01,y2030,2030-12-23T03:00:00+01:00,0.0
sc01,y2030,2030-12-23T07:00:00+01:00,44.39999999999999
sc01,y2030,2030-12-23T11:00:00+01:00,0.0
sc01,y2030,2030-12-23T15:00:00+01:00,0.0
sc01,y2030,2030-12-23T19:00:00+01:00,0.0
sc01,y2030,2030-12-23T23:00:00+01:00,0.0
sc01,y2030,2030-12-24T03:00:00+01:00,40.15747900304489
sc01,y2030,2030-12-24T07:00:00+01:00,0.0
sc01,y2030,2030-12-24T11:00:00+01:00,32.346693319454836
sc01,y2030,2030-12-24T15:00:00+01:00,0.0
sc01,y2030,2030-12-24T19:00:00+01:00,0.0
sc01,y2030,2030-12-24T23:00:00+01:00,0.0
sc01,y2030,2030-12-25T03:00:00+01:00,0.0
sc01,y2030,2030-12-25T07:00:00+01:00,3.0601401122953287
sc01,y2030,2030-12-25T11:00:00+01:00,0.0
sc01,y2030,2030-12-25T15:00:00+01:00,0.0
sc01,y2030,2030-12-25T19:00:00+01:00,0.0
sc01,y2030,2030-12-25T23:00:00+01:00,0.0
sc01,y2030,2030-12-26T03:00:00+01:00,44.39999999999999
sc01,y2030,2030-12-26T07:00:00+01:00,0.0
sc01,y2030,2030-12-26T11:00:00+01:00,10.989115177500342
sc01,y2030,2030-12-26T15:00:00+01:00,0.0
sc01,y2030,2030-12-26T19:00:00+01:00,0.0
sc01,y2030,2030-12-26T23:00:00+01:00,0.0
sc01,y2030,2030-12-27T03:00:00+01:00,0.0
sc01,y2030,2030-12-27T07:00:00+01:00,0.0
sc01,y2030,2030-12-27T11:00:00+01:00,6.976017828880132
sc01,y2030,2030-12-27T15:00:00+01:00,0.0
sc01,y2030,2030-12-27T19:00:00+01:00,0.0
sc01,y2030,2030-12-27T23:00:00+01:00,44.39999999999999
sc01,y2030,2030-12-28T03:00:00+01:00,44.39999999999999
sc01,y2030,2030-12-28T07:00:00+01:00,0.0
sc01,y2030,2030-12-28T11:00:00+01:00,44.39999999999999
sc01,y2030,2030-12-28T15:00:00+01:00,0.0
sc01,y2030,2030-12-28T19:00:00+01:00,0.0
sc01,y2030,2030-12-28T23:00:00+01:00,0.0
sc01,y2030,2030-12-29T03:00:00+01:00,0.0
sc01,y2030,2030-12-29T07:00:00+01:00,0.0
sc01,y2030,2030-12-29T11:00:00+01:00,0.0
sc01,y2030,2030-12-29T15:00:00+01:00,0.0
sc01,y2030,2030-12-29T19:00:00+01:00,0.0
sc01,y2030,2030-12-29T23:00:00+01:00,0.0
sc01,y2030,2030-12-30T03:00:00+01:00,0.0
sc01,y2030,2030-12-30T07:00:00+01:00,0.0
sc01,y2030,2030-12-30T11:00:00+01:00,0.0
sc01,y2030,2030-12-30T15:00:00+01:00,15.65390727162519
sc01,y2030,2030-12-30T19:00:00+01:00,0.0
sc01,y2030,2030-12-30T23:00:00+01:00,0.0
