Scenario,Period,LoadLevel,BrownLignite,CCGT_1,CCGT_2,CCGT_3,CCGT_4,DomesticCoal_Anthracite,ESS1,FuelOilGas,ImportedCoal_Bituminous,ImportedCoal_SubBituminous,Nuclear,OCGT_1,OCGT_2,OCGT_3,SolarPV_1,WindFarm_1
sc01,y2030,2030-01-01T03:00:00+01:00,0.0,0.061265422675,0.0,0.0,0.0,0.0,0.0,0.0,0.0,0.0,3.0864,0.0,0.0,0.0,0.4,0.564765275
sc01,y2030,2030-01-01T07:00:00+01:00,0.0,0.057408683615,1.649334218608052e-18,0.0,0.0,0.0,0.0,0.0,0.0,0.0,3.0864,0.0,0.0,0.0,0.0,0.436930125
sc01,y2030,2030-01-01T11:00:00+01:00,0.0,0.062388393625,0.0,0.0,0.1623392488230056,0.0,0.0,0.0,0.0,0.0,3.0864,0.0,0.0,0.0,0.138330675,0.2938453
sc01,y2030,2030-01-01T15:00:00+01:00,0.0,0.0667190273125,0.0,0.0,0.2797107366364956,0.0,0.0,0.0,0.0,0.0,3.0864,0.0,0.0,0.0,0.289666075,0.2806458
sc01,y2030,2030-01-01T19:00:00+01:00,0.0,0.068328739225,0.0,0.0,0.978902817382008,0.0,0.0,0.0,0.0,0.0,3.0864,0.00472365612,0.0,0.0,0.046858125,0.268785225
sc01,y2030,2030-01-01T23:00:00+01:00,0.0,0.068328739225,0.0,0.0,0.613181189302,0.0,0.0,0.0,0.0,0.0,3.0864,0.0,0.0,0.0,0.0,0.331814425
sc01,y2030,2030-01-02T03:00:00+01:00,0.0,0.061746140555,0.0,0.0,0.1568613138839976,0.0,0.0,0.0,0.0,0.0,3.0864,0.0,0.0,0.0,0.0,0.301022
sc01,y2030,2030-01-02T07:00:00+01:00,0.0,0.0713224616625,0.0,0.0,0.815609238008512,0.0,0.0,0.0,0.0,0.0,3.0864,0.0,0.0,0.0,0.0,0.306016
sc01,y2030,2030-01-02T11:00:00+01:00,0.0,0.161958724424946,0.0,0.0,1.046325342037036,0.0,0.0,0.0,0.0,0.0,3.0864,0.439321979350092,0.0,0.0,0.139752625,0.2442174
sc01,y2030,2030-01-02T15:00:00+01:00,0.0,0.161958724424946,0.0,0.0,1.046397991784036,0.0,0.0,0.0,0.0,0.0,3.0864,0.4824942830601,0.0,0.0,0.27186155,0.139769675
sc01,y2030,2030-01-02T19:00:00+01:00,0.0,0.161958724424946,0.0,0.0,1.046625536451036,0.0,0.0,0.0,0.0,0.0,3.0864,0.896298558750096,0.0,0.0,0.03904350000000004,0.1806395
sc01,y2030,2030-01-02T23:00:00+01:00,0.0,0.161958724424946,0.0,0.0,1.045848230919036,0.0,0.0,0.0,0.0,0.0,3.0864,0.171998465040042,0.0,0.0,0.0,0.1861102
sc01,y2030,2030-01-03T03:00:00+01:00,0.0,0.0861727809849892,0.0,0.0,0.648445251560012,0.0,0.0,0.0,0.0,0.0,3.0864,0.0,0.0,0.0,0.0,0.212559675
sc01,y2030,2030-01-03T07:00:00+01:00,0.0,0.161958724424946,0.0,0.0,1.045864429639036,0.0,0.0,0.0,0.0,0.0,3.0864,0.0809299922301608,0.0,0.0,0.0,0.292972425
sc01,y2030,2030-01-03T11:00:00+01:00,0.0,0.161958724424946,0.0,0.0,1.046614657413036,0.0,0.0,0.0,0.0,0.0,3.0864,0.62628589636014,0.0,0.0,0.144564825,0.334523775
sc01,y2030,2030-01-03T15:00:00+01:00,0.0,0.161958724424946,0.0,0.0,0.883201827063296,0.0,0.163395796773738,0.0,0.0,0.0,3.0864,0.472271609680104,0.0,0.0,0.289686625,0.326808525
sc01,y2030,2030-01-03T19:00:00+01:00,0.0,0.161958724424946,0.0,0.0,1.046794757832036,0.0,0.0,0.0,0.0,0.0,3.0864,0.785073630440084,0.0,0.0,0.048257225,0.44764155
sc01,y2030,2030-01-03T23:00:00+01:00,0.0,0.102632436494974,0.0,0.0,1.045942821506036,0.0,0.0,0.0,0.0,0.0,3.0864,0.0,0.0,0.0,0.0,0.509660775
sc01,y2030,2030-01-04T03:00:00+01:00,0.0,0.0868685954349892,0.0,0.0,0.0,0.0,0.404120995918016,0.0,0.0,0.0,3.0864,0.0,0.0,0.0,0.0,0.5083742
sc01,y2030,2030-01-04T07:00:00+01:00,0.0,0.0953067016249892,0.0,0.0,1.020262253853008,0.0,0.0,0.0,0.0,0.0,3.0864,0.0,0.0,0.0,0.0,0.5166528
sc01,y2030,2030-01-04T11:00:00+01:00,0.0,0.161958724424946,0.0,0.0,1.046656769011032,0.0,0.0,0.0,0.0,0.0,3.0864,0.558239103460072,0.0,0.0,0.139166175,0.449028025
sc01,y2030,2030-01-04T15:00:00+01:00,0.0,0.161958724424946,0.0,0.0,1.046628798873036,0.0,0.0,0.0,0.0,0.0,3.0864,0.471335920300108,0.0,0.0,0.28551535,0.3623111499999996
sc01,y2030,2030-01-04T19:00:00+01:00,0.0,0.161958724424946,0.0,0.0,1.046793842314032,0.0,0.0,0.0,0.0,0.0,3.0864,0.8835075999201,0.0,0.0,0.048201275,0.3483708999999996
sc01,y2030,2030-01-04T23:00:00+01:00,0.0,0.161958724424946,0.0,0.0,1.045946713287036,0.0,0.0,0.0,0.0,0.0,3.0864,0.1697836737701196,0.0,0.0,0.0,0.2843452999999996
sc01,y2030,2030-01-05T03:00:00+01:00,0.0,0.0870904509749892,0.0,0.0,0.804684706013016,0.0,0.0,0.0,0.0,0.0,3.0864,0.0,0.0,0.0,0.0,0.1242277999999996
sc01,y2030,2030-01-05T07:00:00+01:00,0.0,0.161958724424946,0.0,0.0,1.045917187491036,0.0,0.0,0.0,0.0,0.0,3.0864,0.3090262976500936,0.0,0.0,0.0,0.1163150249999996
sc01,y2030,2030-01-05T11:00:00+01:00,0.0,0.161958724424946,0.0,0.0,1.046633395209036,0.0,0.0,0.0,0.0,0.0,3.0864,0.853222647229996,1.020635796830892e-13,0.0,0.12148855,0.14893265
sc01,y2030,2030-01-05T15:00:00+01:00,0.0,0.161958724424946,0.0,0.0,1.046526335747036,0.0,0.0,0.0,0.0,0.0,3.0864,0.63345132139002,-1.452729783810396e-14,0.0,0.258757125,0.127052425
sc01,y2030,2030-01-05T19:00:00+01:00,0.0,0.161958724424946,0.0,0.0,1.046635659415036,0.0,0.0,0.0,0.0,0.0,3.0864,0.928484923170084,0.0,0.0,0.04477995,0.152586575
sc01,y2030,2030-01-05T23:00:00+01:00,0.0,0.161958724424946,0.0,0.0,1.045825003033036,0.0,0.0,0.0,0.0,0.0,3.0864,0.150807826340066,0.0,0.0,0.0,0.18465365
sc01,y2030,2030-01-06T03:00:00+01:00,0.0,0.0848949676649892,0.0,0.0,0.494964265548012,0.0,0.0,0.0,0.0,0.0,3.0864,0.0,0.0,0.0,0.0,0.271482475
sc01,y2030,2030-01-06T07:00:00+01:00,0.0,0.0852256335549892,0.0,0.0,0.462166415933024,0.0,0.0,0.0,0.0,0.0,3.0864,0.0,0.0,0.0,0.0,0.3287496
sc01,y2030,2030-01-06T11:00:00+01:00,0.0,0.0932671596049892,0.0,0.0,1.018863544521028,0.0,0.0,0.0,0.0,0.0,3.0864,0.0,0.0,0.0,0.09394425,0.2731811499999996
sc01,y2030,2030-01-06T15:00:00+01:00,0.0,0.0933233532549892,0.0,0.0,1.01118260004102,0.0,0.0,0.0,0.0,0.0,3.0864,0.0,0.0,0.0,0.206247675,0.1727169999999996
sc01,y2030,2030-01-06T19:00:00+01:00,0.0,0.161958724424946,0.0,0.0,1.046084529137036,0.0,0.0,0.0,0.0,0.0,3.0864,0.3889289776400856,0.0,0.0,0.03492775000000016,0.1646426999999996
sc01,y2030,2030-01-06T23:00:00+01:00,0.0,0.0901856853849892,0.0,0.0,0.90706870197802,0.0,0.0,0.0,0.0,0.0,3.0864,0.0,0.0,0.0,0.0,0.2508911499999996
sc01,y2030,2030-01-07T03:00:00+01:00,0.0,0.0818806032949892,0.0,0.0,0.37396367800302,0.0,0.0,0.0,0.0,0.0,3.0864,0.0,0.0,0.0,0.0,0.1694200999999996
sc01,y2030,2030-01-07T07:00:00+01:00,0.0,0.0813174744149892,0.0,0.0,0.430253190607004,0.0,0.0,0.0,0.0,0.0,3.0864,0.0,0.0,0.0,0.0,0.0714590499999996
sc01,y2030,2030-01-07T11:00:00+01:00,0.0,0.0890898809449892,0.0,0.0,0.913131049465004,0.0,0.0,0.0,0.0,0.0,3.0864,0.0,0.0,0.0,0.07798925,0.0857500249999996
sc01,y2030,2030-01-07T15:00:00+01:00,0.0,0.0904757173649892,0.0,0.0,0.935200143101008,0.0,0.0,0.0,0.0,0.0,3.0864,0.0,0.0,0.0,0.213512625,0.03070944999999976
sc01,y2030,2030-01-07T19:00:00+01:00,0.0,0.161958724424946,0.0,0.0,1.046013752793036,0.0,0.0,0.0,0.0,0.0,3.0864,0.430184342320036,0.0,0.0,0.03718240000000012,0.0521257499999996
sc01,y2030,2030-01-07T23:00:00+01:00,0.0,0.1044093928649584,0.0,0.0,1.045503850026036,0.0,0.0,0.0,0.0,0.0,3.0864,0.0,0.0,0.0,0.0,0.0798866249999996
sc01,y2030,2030-01-08T03:00:00+01:00,0.0,0.0832244261749892,0.0,0.0,0.515071295438016,0.0,0.0,0.0,0.0,0.0,3.0864,0.0,0.0,0.0,0.0,0.1277553749999996
sc01,y2030,2030-01-08T07:00:00+01:00,0.0,0.161958724424946,0.0,0.0,1.045968473067036,0.0,0.0,0.0,0.0,0.0,3.0864,0.2892290845300928,0.0,0.0,0.0,0.1861156749999996
sc01,y2030,2030-01-08T11:00:00+01:00,0.0,0.161958724424946,0.0,0.0,1.046721959729036,0.0,0.0,0.0,0.0,0.0,3.0864,0.908945329330112,0.0,0.0,0.10266805,0.1983808749999996
sc01,y2030,2030-01-08T15:00:00+01:00,0.0,0.161958724424946,0.0,0.0,1.046701841839036,0.0,0.0,0.0,0.0,0.0,3.0864,0.73016876233004,0.0,0.0,0.240059975,0.2201505749999996
sc01,y2030,2030-01-08T19:00:00+01:00,0.0,0.161958724424946,0.0,0.0,1.046817584413036,0.0,0.0,0.0,0.0,0.0,3.0864,1.025994496260104,0.0,0.0,0.043694775,0.2335390499999996
sc01,y2030,2030-01-08T23:00:00+01:00,0.0,0.0946507165949892,0.0,0.0,1.04370881215802,0.0,0.0,0.0,0.0,0.0,3.0864,0.0,0.0,0.0,0.0,0.44466335
sc01,y2030,2030-01-09T03:00:00+01:00,0.0,0.0861685438249892,0.0,0.0,0.3972627293327856,0.0,0.0590119974252248,0.0,0.0,0.0,3.0864,0.0,0.0,0.0,0.0,0.40441665
sc01,y2030,2030-01-09T07:00:00+01:00,0.0,0.161958724424946,0.0,0.0,1.046054729133036,0.0,0.0,0.0,0.0,0.0,3.0864,0.2210647991001372,0.0,0.0,0.0,0.3383796249999996
sc01,y2030,2030-01-09T11:00:00+01:00,0.0,0.161958724424946,0.0,0.0,1.046693891713036,0.0,0.0,0.0,0.0,0.0,3.0864,0.7135247645901,0.0,0.0,0.13005665,0.3390465249999996
sc01,y2030,2030-01-09T15:00:00+01:00,0.0,0.161958724424946,0.0,0.0,1.046624984501036,0.0,0.0,0.0,0.0,0.0,3.0864,0.525794982170088,0.0,0.0,0.2796127,0.3100357249999996
sc01,y2030,2030-01-09T19:00:00+01:00,0.0,0.161958724424946,0.0,0.0,1.046801950129036,0.0,0.0,0.0,0.0,0.0,3.0864,0.912217194750076,0.0,0.0,0.0527145,0.3230531999999996
sc01,y2030,2030-01-09T23:00:00+01:00,0.0,0.0946322503449892,0.0,0.0,0.720848659162028,0.0,0.0,0.0,0.0,0.0,3.0864,0.0,0.0,0.0,0.4,0.3661569999999996
sc01,y2030,2030-01-10T03:00:00+01:00,0.0,0.0860359687849888,0.0,0.0,0.06659319873702,0.0,0.0,0.0,0.0,0.0,3.0864,0.0,0.0,0.0,0.4,0.3842876249999996
sc01,y2030,2030-01-10T07:00:00+01:00,0.0,0.161958724424946,0.0,0.0,1.046030734060036,0.0,0.0,0.0,0.0,0.0,3.0864,0.0673343277400832,0.0,0.0,0.0,0.4687149
sc01,y2030,2030-01-10T11:00:00+01:00,0.0,0.161958724424946,0.0,0.0,1.046650037168036,0.0,0.0,0.0,0.0,0.0,3.0864,0.583586707380068,0.0,0.0,0.13834,0.41794305
sc01,y2030,2030-01-10T15:00:00+01:00,0.0,0.161958724424946,0.0,0.0,1.046602935279036,0.0,0.0,0.0,0.0,0.0,3.0864,0.589796916230056,0.0,0.0,0.278058575,0.226089925
sc01,y2030,2030-01-10T19:00:00+01:00,0.0,0.161958724424946,0.0,0.0,1.046832462799036,0.0,0.0,0.0,0.0,0.0,3.0864,0.957007073020068,0.0,0.0,0.0496919,0.311035775
sc01,y2030,2030-01-10T23:00:00+01:00,0.0,0.1106710077350456,0.0,0.0,1.045940156604036,0.0,0.0,0.0,0.0,0.0,3.0864,0.0,0.0,0.0,0.0,0.499023925
sc01,y2030,2030-01-11T03:00:00+01:00,0.0,0.0873316738949892,0.0,0.0,0.3481109759600232,0.0,0.0,0.0,0.0,0.0,3.0864,0.0,0.0,0.0,0.0,0.598652025
sc01,y2030,2030-01-11T07:00:00+01:00,0.0,0.0981367144749892,0.0,0.0,0.975852479153024,0.0,0.0,0.0,0.0,0.0,3.0864,0.0,0.0,0.0,0.0,0.770483525
sc01,y2030,2030-01-11T11:00:00+01:00,0.0,0.161958724424946,0.0,0.0,1.046784588791036,0.0,0.0,0.0,0.0,0.0,3.0864,0.3521625895200416,0.0,0.0,0.11846275,0.80043225
sc01,y2030,2030-01-11T15:00:00+01:00,0.0,0.161958724424946,0.0,0.0,1.046753118643036,0.0,0.0,0.0,0.0,0.0,3.0864,0.3357547201901364,0.0,0.0,0.263562675,0.6410568
sc01,y2030,2030-01-11T19:00:00+01:00,0.0,0.161958724424946,0.0,0.0,1.046888869833036,0.0,0.0,0.0,0.0,0.0,3.0864,0.823946156290092,0.0,0.0,0.048298525,0.500486925
sc01,y2030,2030-01-11T23:00:00+01:00,0.0,0.161958724424946,0.0,0.0,1.045971057179036,0.0,0.0,0.0,0.0,0.0,3.0864,0.0844826934001164,0.0,0.0,0.0,0.393381575
sc01,y2030,2030-01-12T03:00:00+01:00,0.0,0.0875452480349892,0.0,0.0,0.547466713037008,0.0,0.0,0.0,0.0,0.0,3.0864,0.0,0.0,0.0,0.0,0.415100775
sc01,y2030,2030-01-12T07:00:00+01:00,0.0,0.161958724424946,0.0,0.0,1.046143555197036,0.0,0.0,0.0,0.0,0.0,3.0864,0.1101969864000704,0.0,0.0,0.0,0.53585285
sc01,y2030,2030-01-12T11:00:00+01:00,0.0,0.161958724424946,0.0,0.0,1.046734077064036,0.0,0.0,0.0,0.0,0.0,3.0864,0.490368156480108,0.0,0.0,0.1099608,0.6214797
sc01,y2030,2030-01-12T15:00:00+01:00,0.0,0.161958724424946,0.0,0.0,1.046593540443032,0.0,0.0,0.0,0.0,0.0,3.0864,0.2015566010501136,0.0,0.0,0.24928925,0.6339396
sc01,y2030,2030-01-12T19:00:00+01:00,0.0,0.161958724424946,0.0,0.0,1.046723920534036,0.0,0.0,0.0,0.0,0.0,3.0864,0.527956313990108,0.0,0.0,0.03562270000000004,0.648327025
sc01,y2030,2030-01-12T23:00:00+01:00,0.0,0.091073079755,0.0,0.0,0.704125722623024,0.0,0.0,0.0,0.0,0.0,3.0864,0.0,0.0,0.0,0.0,0.779934625
sc01,y2030,2030-01-13T03:00:00+01:00,0.0,0.082054950315,0.0,0.0,0.072647644700072,0.0,0.0,0.0,0.0,0.0,3.0864,0.0,0.0,0.0,0.0,0.744071125
sc01,y2030,2030-01-13T07:00:00+01:00,0.0,0.084615462415,0.0,0.0,0.3236556394030004,0.0,0.0,0.0,0.0,0.0,3.0864,0.0,0.0,0.0,0.0,0.682541025
sc01,y2030,2030-01-13T11:00:00+01:00,0.0,0.0922962368950004,0.0,0.0,0.822418901722008,0.0,0.0,0.0,0.0,0.0,3.0864,0.0,0.0,0.0,0.109885325,0.64226975
sc01,y2030,2030-01-13T15:00:00+01:00,0.0,0.090498765615,0.0,0.0,0.559918001627016,0.0,0.0,0.0,0.0,0.0,3.0864,0.0,0.0,0.0,0.253944575,0.627698525
sc01,y2030,2030-01-13T19:00:00+01:00,0.0,0.1445965035750004,0.0,0.0,1.046125683409036,0.0,0.0,0.0,0.0,0.0,3.0864,0.02830488865998248,0.0,0.0,0.043608075,0.5740741
sc01,y2030,2030-01-13T23:00:00+01:00,0.0,0.0867180654250004,0.0,0.0,0.590452438109996,0.0,0.0,0.0,0.0,0.0,3.0864,0.0,0.0,0.0,0.0,0.57133685
sc01,y2030,2030-01-14T03:00:00+01:00,0.0,0.0789724171250004,0.0,0.0,0.0,0.0,0.0,0.0,0.0,0.0,3.0864,0.0,0.0,0.0,0.0,0.6541802
sc01,y2030,2030-01-14T07:00:00+01:00,0.0,0.0788775171950004,0.0,0.0,0.001923269177011672,0.0,0.0,0.0,0.0,0.0,3.0864,0.0,0.0,0.0,0.0,0.57966545
sc01,y2030,2030-01-14T11:00:00+01:00,0.0,0.0862089877950004,0.0,0.0,0.579762443256004,0.0,0.0,0.0,0.0,0.0,3.0864,0.0,0.0,0.0,0.093136625,0.451218475
sc01,y2030,2030-01-14T15:00:00+01:00,0.0,0.0859678175050004,0.0,0.0,0.3535189168430144,0.0,0.0,0.0,0.0,0.0,3.0864,0.0,0.0,0.0,0.236177525,0.5165745
sc01,y2030,2030-01-14T19:00:00+01:00,0.0,0.0930482771150004,0.0,0.0,1.011130627297,0.0,0.0,0.0,0.0,0.0,3.0864,0.0,0.0,0.0,0.0431306,0.575963725
sc01,y2030,2030-01-14T23:00:00+01:00,0.0,0.0870691007250004,0.0,0.0,0.02566367473899728,0.0,0.0,0.0,0.0,0.0,3.0864,0.0,0.0,0.0,0.4,0.762102225
sc01,y2030,2030-01-15T03:00:00+01:00,0.0,0.0806907752450004,0.0,0.0,0.0,0.0,0.0,0.0,0.0,0.0,3.0864,0.0,0.0,0.0,0.4,0.759769814883004
sc01,y2030,2030-01-15T07:00:00+01:00,0.0,0.0936605724750004,0.0,0.0,0.876616708473004,0.0,0.0,0.0,0.0,0.0,3.0864,0.0,0.0,0.0,0.0,0.7989181
sc01,y2030,2030-01-15T11:00:00+01:00,0.0,0.1445965035750004,0.0,0.0,1.046744384977036,0.0,0.0,0.0,0.0,0.0,3.0864,0.2458390179799944,0.0,0.0,0.0985981,0.904783975
sc01,y2030,2030-01-15T15:00:00+01:00,0.0,0.1445965035750376,0.0,0.0,0.602650290523036,0.0,0.444,0.0,0.0,0.0,3.0864,0.0,0.0,0.0,0.185564125,0.971914875
sc01,y2030,2030-01-15T19:00:00+01:00,0.0,0.1445965035750004,0.0,0.0,1.046855280708036,0.0,0.0,0.0,0.0,0.0,3.0864,0.3214158302399724,0.0,0.0,0.02228974999999996,1.01363885
sc01,y2030,2030-01-15T23:00:00+01:00,0.0,0.0921305134650004,0.0,0.0,0.0133757171470104,0.0,0.0,0.0,0.0,0.0,3.0864,0.0,0.0,0.0,0.4,1.148934725
sc01,y2030,2030-01-16T03:00:00+01:00,0.0,0.0838363561950004,0.0,0.0,0.0,0.0,0.0,0.0,0.0,0.0,3.0864,0.0,0.0,0.0,0.4,0.9397357
sc01,y2030,2030-01-16T07:00:00+01:00,0.0,0.0948331673050004,0.0,0.0,0.895092801217,0.0,0.0,0.0,0.0,0.0,3.0864,0.0,0.0,0.0,0.0,0.867214025
sc01,y2030,2030-01-16T11:00:00+01:00,0.0,0.1445965035750004,0.0,0.0,1.046775074409036,0.0,0.0,0.0,0.0,0.0,3.0864,0.2494463389299852,0.0,0.0,0.084837425,0.944859525
sc01,y2030,2030-01-16T15:00:00+01:00,0.0,0.1019613515250004,0.0,0.0,0.855487184285996,0.0,0.0,0.0,0.0,0.0,3.0864,0.0,0.0,0.0,0.193414725,1.24089055
sc01,y2030,2030-01-16T19:00:00+01:00,0.0,0.1445965035750004,0.0,0.0,1.046858189098036,0.0,0.0,0.0,0.0,0.0,3.0864,0.2666042105199796,0.0,0.0,0.03698579999999992,1.0565901
sc01,y2030,2030-01-16T23:00:00+01:00,0.0,0.0921982408349996,0.0,0.0,0.0,0.0,0.209161993427998,0.0,0.0,0.0,3.0864,0.0,0.0,0.0,0.4,0.958160275
sc01,y2030,2030-01-17T03:00:00+01:00,0.0,0.0835533957550004,0.0,0.0,0.0,0.0,0.0,0.0,0.0,0.0,3.0864,0.0,0.0,0.0,0.4,0.879125
sc01,y2030,2030-01-17T07:00:00+01:00,0.0,0.1037203590049748,0.0,0.0,0.602130604888036,0.0,0.444,0.0,0.0,0.0,3.0864,0.0,0.0,0.0,0.0,0.69166165
sc01,y2030,2030-01-17T11:00:00+01:00,0.0,0.1445965035750004,0.0,0.0,1.046776152627036,0.0,0.0,0.0,0.0,0.0,3.0864,0.578937651099968,0.0,0.0,0.1350222,0.5662347
sc01,y2030,2030-01-17T15:00:00+01:00,0.0,0.1445965035750004,0.0,0.0,1.046707274074036,0.0,0.0,0.0,0.0,0.0,3.0864,0.3157946863499704,0.0,0.0,0.2842258,0.613017475
sc01,y2030,2030-01-17T19:00:00+01:00,0.0,0.1445965035750004,0.0,0.0,1.046886569059036,0.0,0.0,0.0,0.0,0.0,3.0864,0.761561847359972,0.0,0.0,0.05076135,0.575527375
sc01,y2030,2030-01-17T23:00:00+01:00,0.0,0.0923948375550004,0.0,0.0,0.562538625598,0.0,0.0,0.0,0.0,0.0,3.0864,0.0,0.0,0.0,0.4,0.6193318
sc01,y2030,2030-01-18T03:00:00+01:00,0.0,0.0837358457750004,0.0,0.0,0.0,0.0,0.0,0.0,0.0,0.0,3.0864,0.0,0.0,0.0,0.4,0.6635191
sc01,y2030,2030-01-18T07:00:00+01:00,0.0,0.1382369117050868,0.0,0.0,1.046120547685036,0.0,0.0,0.0,0.0,0.0,3.0864,0.0,0.0,0.0,0.0,0.647339325
sc01,y2030,2030-01-18T11:00:00+01:00,0.0,0.1445965035750004,0.0,0.0,1.046799896861036,0.0,0.0,0.0,0.0,0.0,3.0864,0.716388255020048,0.0,0.0,0.049133,0.537823925
sc01,y2030,2030-01-18T15:00:00+01:00,0.0,0.1445965035750004,0.0,0.0,1.046716215525036,0.0,0.0,0.0,0.0,0.0,3.0864,0.654835650800024,0.0,0.0,0.073617125,0.4933031
sc01,y2030,2030-01-18T19:00:00+01:00,0.0,0.1445965035750004,0.0,0.0,1.046769575067036,0.0,0.0,0.0,0.0,0.0,3.0864,0.590734530190044,0.0,0.0,0.00782607499999988,0.675220825
sc01,y2030,2030-01-18T23:00:00+01:00,0.0,0.0906815323250004,0.0,0.0,0.0531604639920024,0.0,0.444,0.0,0.0,0.0,3.0864,0.0,0.0,0.0,0.4,0.557925375
sc01,y2030,2030-01-19T03:00:00+01:00,0.0,0.0824250289950004,0.0,0.0,0.0,0.0,0.0,0.0,0.0,0.0,3.0864,0.0,0.0,0.0,0.4,0.479210675
sc01,y2030,2030-01-19T07:00:00+01:00,0.0,0.0931647907150004,0.0,0.0,0.890447070480268,0.0,0.02168946422973012,0.0,0.0,0.0,3.0864,0.0,0.0,0.0,0.0,0.726710425
sc01,y2030,2030-01-19T11:00:00+01:00,0.0,0.1445965035750004,0.0,0.0,1.046635214166036,0.0,0.0,0.0,0.0,0.0,3.0864,0.1880419768900416,0.0,0.0,0.0720207,0.882716875
sc01,y2030,2030-01-19T15:00:00+01:00,0.0,0.130548366245064,0.0,0.0,1.046486796664036,0.0,0.0,0.0,0.0,0.0,3.0864,0.0,0.0,0.0,0.180086975,0.83203365
sc01,y2030,2030-01-19T19:00:00+01:00,0.0,0.1445965035750004,0.0,0.0,1.046639516382036,0.0,0.0,0.0,0.0,0.0,3.0864,0.401773962540004,0.0,0.0,0.040333325,0.704866925
sc01,y2030,2030-01-19T23:00:00+01:00,0.0,0.0901023916650004,0.0,0.0,0.3560334788130048,0.0,0.0,0.0,0.0,0.0,3.0864,0.0,0.0,0.0,0.4,0.65619595
sc01,y2030,2030-01-20T03:00:00+01:00,0.0,0.0810971921050004,0.0,0.0,0.0,0.0,0.0,0.0,0.0,0.0,3.0864,0.0,0.0,0.0,0.4,0.598969375
sc01,y2030,2030-01-20T07:00:00+01:00,0.0,0.0842475079350004,0.0,0.0,0.484082307992004,0.0,0.0,0.0,0.0,0.0,3.0864,0.0,0.0,0.0,0.0,0.494885725
sc01,y2030,2030-01-20T11:00:00+01:00,0.0,0.1445965035750004,0.0,0.0,0.601969796732036,0.0,0.444,0.0,0.0,0.0,3.0864,0.0512692287600136,0.0,0.0,0.0770079,0.3657204250000004
sc01,y2030,2030-01-20T15:00:00+01:00,0.0,0.0906164076650004,0.0,0.0,0.907675714695996,0.0,0.0,0.0,0.0,0.0,3.0864,0.0,0.0,0.0,0.147284925,0.395305975
sc01,y2030,2030-01-20T19:00:00+01:00,0.0,0.1445965035750004,0.0,0.0,1.046113711506036,0.0,0.0,0.0,0.0,0.0,3.0864,0.2812277075800176,0.0,0.0,0.02368557499999992,0.3294011750000004
sc01,y2030,2030-01-20T23:00:00+01:00,0.0,0.0867579021450004,0.0,0.0,0.401371304874004,0.0,0.0,0.0,0.0,0.0,3.0864,0.0,0.0,0.0,0.4,0.3633659000000004
sc01,y2030,2030-01-21T03:00:00+01:00,0.0,0.0791728366950004,0.0,0.0,-1.199232395200196e-15,0.0,0.0,0.0,0.0,0.0,3.0864,0.0,0.0,0.0,0.4,0.5479968
sc01,y2030,2030-01-21T07:00:00+01:00,0.0,0.0790212447450004,0.0,0.0,0.0,0.0,0.0,0.0,0.0,0.0,3.0864,0.0,0.0,0.0,0.0,0.74451235
sc01,y2030,2030-01-21T11:00:00+01:00,0.0,0.0867120078550004,0.0,0.0,0.2961178027420028,0.0,0.0,0.0,0.0,0.0,3.0864,0.0,0.0,0.0,0.100884375,0.76433885
sc01,y2030,2030-01-21T15:00:00+01:00,0.0,0.0867200357650004,0.0,0.0,0.0946667423790024,0.0,0.0,0.0,0.0,0.0,3.0864,0.0,0.0,0.0,0.178413225,0.888855125
sc01,y2030,2030-01-21T19:00:00+01:00,0.0,0.0934240483450004,0.0,0.0,0.673110374772,0.0,0.0,0.0,0.0,0.0,3.0864,0.0,0.0,0.0,0.02415974999999992,0.9607619
sc01,y2030,2030-01-21T23:00:00+01:00,0.0,0.0878114848850004,0.0,0.0,0.0,0.0,0.0,0.0,0.0,0.0,3.0864,0.0,0.0,0.0,0.4,0.978336025
sc01,y2030,2030-01-22T03:00:00+01:00,0.0,0.0817581952750004,0.0,0.0,0.0,0.0,0.0,0.0,0.0,0.0,3.0864,0.0,0.0,0.0,0.4,0.838758896427
sc01,y2030,2030-01-22T07:00:00+01:00,0.0,0.0946454390250004,0.0,0.0,0.739120509537,0.0,0.0,0.0,0.0,0.0,3.0864,0.0,0.0,0.0,0.0,1.009294425
sc01,y2030,2030-01-22T11:00:00+01:00,0.0,0.1445965035750004,0.0,0.0,1.046866908472036,0.0,0.0,0.0,0.0,0.0,3.0864,0.3121175745600356,0.0,0.0,0.114610425,0.9419535
sc01,y2030,2030-01-22T15:00:00+01:00,0.0,0.1445965035750004,0.0,0.0,1.046800429589036,0.0,0.0,0.0,0.0,0.0,3.0864,0.02848828833996608,0.0,0.0,0.210003275,1.065373025
sc01,y2030,2030-01-22T19:00:00+01:00,0.0,0.1445965035750004,0.0,0.0,1.046969359087036,0.0,0.0,0.0,0.0,0.0,3.0864,0.449891825329964,0.0,0.0,0.040224,0.978455025
sc01,y2030,2030-01-22T23:00:00+01:00,0.0,0.0941846055750004,0.0,0.0,0.0813817604948392,0.0,0.3594849984061576,0.0,0.0,0.0,3.0864,0.0,0.0,0.0,0.4,0.8734465
sc01,y2030,2030-01-23T03:00:00+01:00,0.0,0.0862639573550004,0.0,0.0,0.0,0.0,0.0,0.0,0.0,0.0,3.0864,0.0,0.0,0.0,0.4,0.85858255
sc01,y2030,2030-01-23T07:00:00+01:00,0.0,0.1430073800049972,0.0,0.0,1.046331955987036,0.0,0.0,0.0,0.0,0.0,3.0864,0.0,0.0,0.0,0.0,0.84869195
sc01,y2030,2030-01-23T11:00:00+01:00,0.0,0.1445965035750004,0.0,0.0,1.046999108258036,0.0,0.0,0.0,0.0,0.0,3.0864,0.521649315590036,0.0,0.0,0.15333685,0.822590125
sc01,y2030,2030-01-23T15:00:00+01:00,0.0,0.1445965035750004,0.0,0.0,1.046922767420036,0.0,0.0,0.0,0.0,0.0,3.0864,0.2341100743099792,0.0,0.0,0.29970735,0.88932655
sc01,y2030,2030-01-23T19:00:00+01:00,0.0,0.1445965035750004,0.0,0.0,1.047080650249036,0.0,0.0,0.0,0.0,0.0,3.0864,0.623696832919988,-1.974222526716688e-14,0.0,0.0639304,0.8894525
sc01,y2030,2030-01-23T23:00:00+01:00,0.0,0.0960184127150004,0.0,0.0,0.590044237598008,0.0,0.0,0.0,0.0,0.0,3.0864,0.0,0.0,0.0,0.4,0.85997075
sc01,y2030,2030-01-24T03:00:00+01:00,0.0,0.0883248509650004,0.0,0.0,0.0854987179900008,0.0,0.0,0.0,0.0,0.0,3.0864,0.0,0.0,0.0,0.4,0.7951927
sc01,y2030,2030-01-24T07:00:00+01:00,0.0,0.1445965035750004,0.0,0.0,1.046417380096036,0.0,0.0,0.0,0.0,0.0,3.0864,0.1213918080499696,-3.724948163616396e-16,0.0,0.0,0.808999525
sc01,y2030,2030-01-24T11:00:00+01:00,0.0,0.1445965035750004,0.0,0.0,1.047044463307036,0.0,0.0,0.0,0.0,0.0,3.0864,0.576965713550012,0.0,0.0,0.155572275,0.809259475
sc01,y2030,2030-01-24T15:00:00+01:00,0.0,0.1445965035750004,0.0,0.0,1.046953536880036,0.0,0.0,0.0,0.0,0.0,3.0864,0.402083421860016,0.0,0.0,0.30294665,0.748114125
sc01,y2030,2030-01-24T19:00:00+01:00,0.0,0.1445965035750004,0.0,0.0,1.047143302935036,0.0,0.0,0.0,0.0,0.0,3.0864,0.711666351350012,0.0,0.0,0.07083065,0.8556691
sc01,y2030,2030-01-24T23:00:00+01:00,0.0,0.097272649985,0.0,0.0,0.494112869854004,0.0,0.0,0.0,0.0,0.0,3.0864,0.0,0.0,0.0,0.4,1.048715675
sc01,y2030,2030-01-25T03:00:00+01:00,0.0,0.0894480642350004,0.0,0.0,0.0,0.0,0.0,0.0,0.0,0.0,3.0864,0.0,0.0,0.0,0.4,1.062194725
sc01,y2030,2030-01-25T07:00:00+01:00,0.0,0.0996115335550004,0.0,0.0,1.008313453927008,0.0,0.0,0.0,0.0,0.0,3.0864,0.0,0.0,0.0,0.0,1.107592475
sc01,y2030,2030-01-25T11:00:00+01:00,0.0,0.1445965035750004,0.0,0.0,1.047124800719036,0.0,0.0,0.0,0.0,0.0,3.0864,0.3950292416200344,0.0,0.0,0.1595427,1.0655545
sc01,y2030,2030-01-25T15:00:00+01:00,0.0,0.1445965035750004,0.0,0.0,1.047022093290036,0.0,0.0,0.0,0.0,0.0,3.0864,0.2800687224600768,0.0,0.0,0.31216685,0.927751125
sc01,y2030,2030-01-25T19:00:00+01:00,0.0,0.1445965035750004,0.0,0.0,1.047212983921036,0.0,0.0,0.0,0.0,0.0,3.0864,0.723582688530028,0.0,0.0,0.0717071,0.910815275
sc01,y2030,2030-01-25T23:00:00+01:00,0.0,0.0982598727250004,0.0,0.0,0.683564478147996,0.0,0.0,0.0,0.0,0.0,3.0864,0.0,0.0,0.0,0.4,0.93231855
sc01,y2030,2030-01-26T03:00:00+01:00,0.0,0.0902335576250004,0.0,0.0,0.2246222102050096,0.0,0.0,0.0,0.0,0.0,3.0864,0.0,0.0,0.0,0.4,0.7973135
sc01,y2030,2030-01-26T07:00:00+01:00,0.0,0.1445965035750004,0.0,0.0,1.046551584044036,0.0,0.0,0.0,0.0,0.0,3.0864,0.2986056324600348,0.0,0.0,0.0,0.76263455
sc01,y2030,2030-01-26T11:00:00+01:00,0.0,0.1445965035750004,0.0,0.0,1.047163468531036,0.0,0.0,0.0,0.0,0.0,3.0864,0.810087432060012,0.0,0.0,0.159696625,0.6880435
sc01,y2030,2030-01-26T15:00:00+01:00,0.0,0.1445965035750004,0.0,0.0,1.046980715720036,0.0,0.0,0.0,0.0,0.0,3.0864,0.680623592340036,0.0,0.0,0.284923175,0.5140968
sc01,y2030,2030-01-26T19:00:00+01:00,0.0,0.1445965035750004,0.0,0.0,1.047095093357036,0.0,0.0,0.0,0.0,0.0,3.0864,0.944133187420012,0.0,0.0,0.059780525,0.58724805
sc01,y2030,2030-01-26T23:00:00+01:00,0.0,0.1445965035750004,0.0,0.0,1.046316058963036,0.0,0.0,0.0,0.0,0.0,3.0864,0.1745846541000232,0.0,0.0,0.0,0.657018575
sc01,y2030,2030-01-27T03:00:00+01:00,0.0,0.0856798595889956,0.0,0.0,0.612246180013008,0.0,0.0,0.0,0.0,0.0,3.0864,0.0,0.0,0.0,0.0,0.64837695
sc01,y2030,2030-01-27T07:00:00+01:00,0.0,0.0875519169789956,0.0,0.0,0.668223702744012,0.0,0.0,0.0,0.0,0.0,3.0864,0.0,0.0,0.0,0.0,0.730931675
sc01,y2030,2030-01-27T11:00:00+01:00,0.0,0.1328857652449768,0.0,0.0,1.046377668271036,0.0,0.0,0.0,0.0,0.0,3.0864,0.0221952169100258,0.0,0.0,0.1360515,0.745136325
sc01,y2030,2030-01-27T15:00:00+01:00,0.0,0.0928610576189956,0.0,0.0,0.659325759679008,0.0,0.0,0.0,0.0,0.0,3.0864,0.0,0.0,0.0,0.2765664,0.856139625
sc01,y2030,2030-01-27T19:00:00+01:00,0.0,0.1328857652449768,0.0,0.0,1.046490393843036,0.0,0.0,0.0,0.0,0.0,3.0864,0.0,0.0,0.0,0.066529275,0.9467612
sc01,y2030,2030-01-27T23:00:00+01:00,0.0,0.0807892335275004,0.0,0.0,0.616499620144508,0.0,0.0,0.0,0.0,0.0,3.0864,0.0,0.0,0.0,0.0,0.9779394
sc01,y2030,2030-01-28T03:00:00+01:00,0.0,0.0726504718775004,0.0,0.0,0.1137382079805152,0.0,0.0,0.0,0.0,0.0,3.0864,0.0,0.0,0.0,0.0,0.87843245
sc01,y2030,2030-01-28T07:00:00+01:00,0.0,0.0718720390975004,0.0,0.0,0.0,0.0,0.2460195073775172,0.0,0.0,0.0,3.0864,0.0,0.0,0.0,0.0,0.688547125
sc01,y2030,2030-01-28T11:00:00+01:00,0.0,0.0800067297175004,0.0,0.0,0.751172263507516,0.0,0.0,0.0,0.0,0.0,3.0864,0.0,0.0,0.0,0.14708075,0.638280725
sc01,y2030,2030-01-28T15:00:00+01:00,0.0,0.0799475554275004,0.0,0.0,0.527122515222504,0.0,0.0,0.0,0.0,0.0,3.0864,0.0,0.0,0.0,0.293752475,0.71127985
sc01,y2030,2030-01-28T19:00:00+01:00,0.0,0.0865042840375004,0.0,0.0,1.046313593253036,0.0,0.0,0.0,0.0,0.0,3.0864,0.0352694554274664,0.0,0.0,0.072266675,0.77975525
sc01,y2030,2030-01-28T23:00:00+01:00,0.0,0.0797325467075004,0.0,0.0,0.3189642461065052,0.0,0.0,0.0,0.0,0.0,3.0864,0.0,0.0,0.0,0.4,0.79727995
sc01,y2030,2030-01-29T03:00:00+01:00,0.0,0.0731728205775004,0.0,0.0,0.0,0.0,0.235202811900504,0.0,0.0,0.0,3.0864,0.0,0.0,0.0,0.4,0.83962165
sc01,y2030,2030-01-29T07:00:00+01:00,0.0,0.0853730802775004,0.0,0.0,0.446737804617496,0.0,0.444,0.0,0.0,0.0,3.0864,0.0,0.0,0.0,0.0,1.042905875
sc01,y2030,2030-01-29T11:00:00+01:00,0.0,0.0865042840375004,0.0,0.0,0.603024230907036,0.0,0.444,0.0,0.0,0.0,3.0864,0.2126358942675228,0.0,0.0,0.112266625,1.255260575
sc01,y2030,2030-01-29T15:00:00+01:00,0.0,0.0865042840375004,0.0,0.0,0.2577208554155156,0.0,0.444,0.0,0.0,0.0,3.0864,0.00639457057,0.0,0.0,0.203181625,1.5856485
sc01,y2030,2030-01-29T19:00:00+01:00,0.0,0.0865042840375004,0.0,0.0,0.465729774964504,0.0,0.444,0.0,0.0,0.0,3.0864,0.00852592995,0.0,0.0,0.02615697499999988,1.712384825
sc01,y2030,2030-01-29T23:00:00+01:00,0.0,0.0836937242775004,0.0,0.0,0.0,0.0,0.444,0.0,0.0,0.0,2.376392260954504,0.0,0.0,0.0,0.4,1.675379075
sc01,y2030,2030-01-30T03:00:00+01:00,0.0,0.0758046674475,0.0,0.0,0.0,0.0,0.200371884883998,0.0,0.0,0.0,2.376392260954504,0.0,0.0,0.0,0.4,1.5788451
sc01,y2030,2030-01-30T07:00:00+01:00,0.0,0.0865042840375004,0.0,0.0,0.800300997222012,0.0,0.444,0.0,0.0,0.0,2.376392260954504,0.0,0.0,0.0,0.0,1.4830595
sc01,y2030,2030-01-30T11:00:00+01:00,0.0,0.0865042840375004,0.0,0.0,0.555808761617516,0.0,0.444,0.0,0.0,0.0,3.0864,0.00793378924000016,0.0,0.0,0.061786425,1.542857975
sc01,y2030,2030-01-30T15:00:00+01:00,0.0,0.0865042840375004,0.0,0.0,0.3905273793285268,0.0,0.444,0.0,0.0,0.0,3.0864,0.00604760367,0.0,0.0,0.1209279,1.50942015
sc01,y2030,2030-01-30T19:00:00+01:00,0.0,0.0865042840375004,0.0,0.0,0.94342724699052,0.0,0.444,0.0,0.0,0.0,2.746011200345512,0.1577900609375632,0.0,0.0,0.01940394999999988,1.4168301
sc01,y2030,2030-01-30T23:00:00+01:00,0.0,0.0834262967675004,0.0,0.0,0.0,0.0,0.444,0.0,0.0,0.0,2.746011200345512,0.0,0.0,0.0,0.4,1.2859705
sc01,y2030,2030-01-31T03:00:00+01:00,0.0,0.0751436149775004,0.0,0.0,0.0,0.0,0.1830129737939984,0.0,0.0,0.0,2.746011200345512,0.0,0.0,0.0,0.4,1.1950261
sc01,y2030,2030-01-31T07:00:00+01:00,0.0,0.0857828328474996,0.0,0.0,0.3543385206125092,0.0,0.444,0.0,0.0,0.0,3.0864,0.0,0.0,0.0,0.0,1.16562685
sc01,y2030,2030-01-31T11:00:00+01:00,0.0,0.0865042840375,0.0,0.0,0.602969836173032,0.0,0.444,0.0,0.0,0.0,3.0864,0.0745010534975124,0.0,0.0,0.097361575,1.3552656
sc01,y2030,2030-01-31T15:00:00+01:00,0.0,0.0865042840375,0.0,0.0,0.2772837910665064,0.0,0.444,0.0,0.0,0.0,3.0864,0.00575372104,0.0,0.0,0.228136975,1.49370735
sc01,y2030,2030-01-31T19:00:00+01:00,0.0,0.0865042840375,0.0,0.0,0.603036352109032,0.0,0.444,0.0,0.0,0.0,3.0864,0.1091269403074664,0.0,0.0,0.052156775,1.43069755
