,,,Length,LineType,InitialPeriod,FinalPeriod,Voltage,LossFactor,Resistance,Reactance,Susceptance,Tap,TTC,TTCBck,SecurityFactor,FixedInvestmentCost,FixedChargeRate,BinaryInvestment,Switching,SwOnTime,SwOffTime,AngMin,AngMax,InvestmentLo,InvestmentUp
N_101,N_102,eac1,,AC,2020,2050,138,0.01,0.0026,0.0139,0.04611,1,175,,1,,,,,,,-1.047197551,1.047197551,,
N_101,N_103,eac1,,AC,2020,2050,138,0.01,0.0546,0.2112,0.0572,1,175,,1,,,,,,,-1.047197551,1.047197551,,
N_101,N_105,eac1,,AC,2020,2050,138,0.01,0.0218,0.0845,0.0229,1,175,,1,,,,,,,-1.047197551,1.047197551,,
N_102,N_104,eac1,,AC,2020,2050,138,0.01,0.0328,0.1267,0.0343,1,175,,1,,,,,,,-1.047197551,1.047197551,,
N_102,N_106,eac1,,AC,2020,2050,138,0.01,0.0497,0.192,0.052,1,175,,1,,,,,,,-1.047197551,1.047197551,,
N_103,N_109,eac1,,AC,2020,2050,138,0.01,0.0308,0.119,0.0322,1,175,,1,,,,,,,-1.047197551,1.047197551,,
N_103,N_124,eac1,,AC,2020,2050,138,0.01,0.023,0.0839,0,1.015,400,,1,,,,,,,-1.047197551,1.047197551,,
N_104,N_109,eac1,,AC,2020,2050,138,0.01,0.0268,0.1037,0.0281,1,175,,1,,,,,,,-1.047197551,1.047197551,,
N_105,N_110,eac1,,AC,2020,2050,138,0.01,0.0228,0.0883,0.0239,1,175,,1,,,,,,,-1.047197551,1.047197551,,
N_106,N_110,eac1,,AC,2020,2050,138,0.01,0.0139,0.0605,2.459,1,175,,1,,,,,,,-1.047197551,1.047197551,,
N_107,N_108,eac1,,AC,2020,2050,138,0.01,0.0159,0.0614,0.0166,1,175,,1,,,,,,,-1.047197551,1.047197551,,
N_107,N_203,edc1,,DC,2020,2050,400,0.01,0.00226434,0.02264341,0.044,1,175,,1,,,,,,,-1.047197551,1.047197551,,
N_108,N_109,eac1,,AC,2020,2050,138,0.01,0.0427,0.1651,0.0447,1,175,,1,,,,,,,-1.047197551,1.047197551,,
N_108,N_110,eac1,,AC,2020,2050,138,0.01,0.0427,0.1651,0.0447,1,175,,1,,,,,,,-1.047197551,1.047197551,,
N_109,N_111,eac1,,AC,2020,2050,138,0.01,0.0023,0.0839,0,1.03,400,,1,,,,,,,-1.047197551,1.047197551,,
N_109,N_112,eac1,,AC,2020,2050,138,0.01,0.0023,0.0839,0,1.03,400,,1,,,,,,,-1.047197551,1.047197551,,
N_110,N_111,eac1,,AC,2020,2050,138,0.01,0.0023,0.0839,0,1.015,400,,1,,,,,,,-1.047197551,1.047197551,,
N_110,N_112,eac1,,AC,2020,2050,138,0.01,0.0023,0.0839,0,1.015,400,,1,,,,,,,-1.047197551,1.047197551,,
N_111,N_113,eac1,,AC,2020,2050,230,0.01,0.0061,0.0476,0.0999,1,500,,1,,,,,,,-1.047197551,1.047197551,,
N_111,N_114,eac1,,AC,2020,2050,230,0.01,0.0054,0.0418,0.0879,1,500,,1,,,,,,,-1.047197551,1.047197551,,
N_112,N_113,eac1,,AC,2020,2050,230,0.01,0.0061,0.0476,0.0999,1,500,,1,,,,,,,-1.047197551,1.047197551,,
N_112,N_123,eac1,,AC,2020,2050,230,0.01,0.0124,0.0966,0.203,1,500,,1,,,,,,,-1.047197551,1.047197551,,
N_113,N_123,eac1,,AC,2020,2050,230,0.01,0.0111,0.0865,0.1818,1,500,,1,,,,,,,-1.047197551,1.047197551,,
N_113,N_215,edc1,,DC,2020,2050,400,0.01,0.0280347,0.280347,0.158,1,500,,1,,,,,,,-1.047197551,1.047197551,,
N_114,N_116,eac1,,AC,2020,2050,230,0.01,0.005,0.0389,0.0818,1,500,,1,,,,,,,-1.047197551,1.047197551,,
N_115,N_116,eac1,,AC,2020,2050,230,0.01,0.0022,0.0173,0.0364,1,500,,1,,,,,,,-1.047197551,1.047197551,,
N_115,N_121,eac1,,AC,2020,2050,230,0.01,0.0063,0.049,0.103,1,500,,1,,,,,,,-1.047197551,1.047197551,,
N_115,N_121,eac2,,AC,2020,2050,230,0.01,0.0063,0.049,0.103,1,500,,1,,,,,,,-1.047197551,1.047197551,,
N_115,N_124,eac1,,AC,2020,2050,230,0.01,0.0067,0.0519,0.1091,1,500,,1,,,,,,,-1.047197551,1.047197551,,
N_116,N_117,eac1,,AC,2020,2050,230,0.01,0.0033,0.0259,0.0545,1,500,,1,,,,,,,-1.047197551,1.047197551,,
N_116,N_119,eac1,,AC,2020,2050,230,0.01,0.003,0.0231,0.0485,1,500,,1,,,,,,,-1.047197551,1.047197551,,
N_117,N_118,eac1,,AC,2020,2050,230,0.01,0.0018,0.0144,0.0303,1,500,,1,,,,,,,-1.047197551,1.047197551,,
N_117,N_122,eac1,,AC,2020,2050,230,0.01,0.0135,0.1053,0.2212,1,500,,1,,,,,,,-1.047197551,1.047197551,,
N_118,N_121,eac1,,AC,2020,2050,230,0.01,0.0033,0.0259,0.0545,1,500,,1,,,,,,,-1.047197551,1.047197551,,
N_118,N_121,eac2,,AC,2020,2050,230,0.01,0.0033,0.0259,0.0545,1,500,,1,,,,,,,-1.047197551,1.047197551,,
N_119,N_120,eac1,,AC,2020,2050,230,0.01,0.0051,0.0396,0.0833,1,500,,1,,,,,,,-1.047197551,1.047197551,,
N_119,N_120,eac2,,AC,2020,2050,230,0.01,0.0051,0.0396,0.0833,1,500,,1,,,,,,,-1.047197551,1.047197551,,
N_120,N_123,eac1,,AC,2020,2050,230,0.01,0.0028,0.0216,0.0455,1,500,,1,,,,,,,-1.047197551,1.047197551,,
N_120,N_123,eac2,,AC,2020,2050,230,0.01,0.0028,0.0216,0.0455,1,500,,1,,,,,,,-1.047197551,1.047197551,,
N_121,N_122,eac1,,AC,2020,2050,230,0.01,0.0087,0.0678,0.1424,1,500,,1,,,,,,,-1.047197551,1.047197551,,
N_123,N_217,edc1,,DC,2020,2050,400,0.01,0.00274956,0.02749557,,1,500,,1,,,,,,,-1.047197551,1.047197551,,
N_201,N_202,eac1,,AC,2020,2050,138,0.01,0.0026,0.0139,0.04611,1,175,,1,,,,,,,-1.047197551,1.047197551,,
N_201,N_203,eac1,,AC,2020,2050,138,0.01,0.0546,0.2112,0.0572,1,175,,1,,,,,,,-1.047197551,1.047197551,,
N_201,N_205,eac1,,AC,2020,2050,138,0.01,0.0218,0.0845,0.0229,1,175,,1,,,,,,,-1.047197551,1.047197551,,
N_202,N_204,eac1,,AC,2020,2050,138,0.01,0.0328,0.1267,0.0343,1,175,,1,,,,,,,-1.047197551,1.047197551,,
N_202,N_206,eac1,,AC,2020,2050,138,0.01,0.0497,0.192,0.052,1,175,,1,,,,,,,-1.047197551,1.047197551,,
N_203,N_209,eac1,,AC,2020,2050,138,0.01,0.0308,0.119,0.0322,1,175,,1,,,,,,,-1.047197551,1.047197551,,
N_203,N_224,eac1,,AC,2020,2050,138,0.01,0.023,0.0839,0,1.015,400,,1,,,,,,,-1.047197551,1.047197551,,
N_204,N_209,eac1,,AC,2020,2050,138,0.01,0.0268,0.1037,0.0281,1,175,,1,,,,,,,-1.047197551,1.047197551,,
N_205,N_210,eac1,,AC,2020,2050,138,0.01,0.0228,0.0883,0.0239,1,175,,1,,,,,,,-1.047197551,1.047197551,,
N_206,N_210,eac1,,AC,2020,2050,138,0.01,0.0139,0.0605,2.459,1,175,,1,,,,,,,-1.047197551,1.047197551,,
N_207,N_208,eac1,,AC,2020,2050,138,0.01,0.0159,0.0614,0.0166,1,175,,1,,,,,,,-1.047197551,1.047197551,,
N_208,N_209,eac1,,AC,2020,2050,138,0.01,0.0427,0.1651,0.0447,1,175,,1,,,,,,,-1.047197551,1.047197551,,
N_208,N_210,eac1,,AC,2020,2050,138,0.01,0.0427,0.1651,0.0447,1,175,,1,,,,,,,-1.047197551,1.047197551,,
N_209,N_211,eac1,,AC,2020,2050,138,0.01,0.0023,0.0839,0,1.03,400,,1,,,,,,,-1.047197551,1.047197551,,
N_209,N_212,eac1,,AC,2020,2050,138,0.01,0.0023,0.0839,0,1.03,400,,1,,,,,,,-1.047197551,1.047197551,,
N_210,N_211,eac1,,AC,2020,2050,138,0.01,0.0023,0.0839,0,1.015,400,,1,,,,,,,-1.047197551,1.047197551,,
N_210,N_212,eac1,,AC,2020,2050,138,0.01,0.0023,0.0839,0,1.015,400,,1,,,,,,,-1.047197551,1.047197551,,
N_211,N_213,eac1,,AC,2020,2050,230,0.01,0.0061,0.0476,0.0999,1,500,,1,,,,,,,-1.047197551,1.047197551,,
N_211,N_214,eac1,,AC,2020,2050,230,0.01,0.0054,0.0418,0.0879,1,500,,1,,,,,,,-1.047197551,1.047197551,,
N_212,N_213,eac1,,AC,2020,2050,230,0.01,0.0061,0.0476,0.0999,1,500,,1,,,,,,,-1.047197551,1.047197551,,
N_212,N_223,eac1,,AC,2020,2050,230,0.01,0.0124,0.0966,0.203,1,500,,1,,,,,,,-1.047197551,1.047197551,,
N_213,N_223,eac1,,AC,2020,2050,230,0.01,0.0111,0.0865,0.1818,1,500,,1,,,,,,,-1.047197551,1.047197551,,
N_214,N_216,eac1,,AC,2020,2050,230,0.01,0.005,0.0389,0.0818,1,500,,1,,,,,,,-1.047197551,1.047197551,,
N_215,N_216,eac1,,AC,2020,2050,230,0.01,0.0022,0.0173,0.0364,1,500,,1,,,,,,,-1.047197551,1.047197551,,
N_215,N_221,eac1,,AC,2020,2050,230,0.01,0.0063,0.049,0.103,1,500,,1,,,,,,,-1.047197551,1.047197551,,
N_215,N_221,eac2,,AC,2020,2050,230,0.01,0.0063,0.049,0.103,1,500,,1,,,,,,,-1.047197551,1.047197551,,
N_215,N_224,eac1,,AC,2020,2050,230,0.01,0.0067,0.0519,0.1091,1,500,,1,,,,,,,-1.047197551,1.047197551,,
N_216,N_217,eac1,,AC,2020,2050,230,0.01,0.0033,0.0259,0.0545,1,500,,1,,,,,,,-1.047197551,1.047197551,,
N_216,N_219,eac1,,AC,2020,2050,230,0.01,0.003,0.0231,0.0485,1,500,,1,,,,,,,-1.047197551,1.047197551,,
N_217,N_218,eac1,,AC,2020,2050,230,0.01,0.0018,0.0144,0.0303,1,500,,1,,,,,,,-1.047197551,1.047197551,,
N_217,N_222,eac1,,AC,2020,2050,230,0.01,0.0135,0.1053,0.2212,1,500,,1,,,,,,,-1.047197551,1.047197551,,
N_218,N_221,eac1,,AC,2020,2050,230,0.01,0.0033,0.0259,0.0545,1,500,,1,,,,,,,-1.047197551,1.047197551,,
N_218,N_221,eac2,,AC,2020,2050,230,0.01,0.0033,0.0259,0.0545,1,500,,1,,,,,,,-1.047197551,1.047197551,,
N_219,N_220,eac1,,AC,2020,2050,230,0.01,0.0051,0.0396,0.0833,1,500,,1,,,,,,,-1.047197551,1.047197551,,
N_219,N_220,eac2,,AC,2020,2050,230,0.01,0.0051,0.0396,0.0833,1,500,,1,,,,,,,-1.047197551,1.047197551,,
N_220,N_223,eac1,,AC,2020,2050,230,0.01,0.0028,0.0216,0.0455,1,500,,1,,,,,,,-1.047197551,1.047197551,,
N_220,N_223,eac2,,AC,2020,2050,230,0.01,0.0028,0.0216,0.0455,1,500,,1,,,,,,,-1.047197551,1.047197551,,
N_221,N_222,eac1,,AC,2020,2050,230,0.01,0.0087,0.0678,0.1424,1,500,,1,,,,,,,-1.047197551,1.047197551,,
N_301,N_302,eac1,,AC,2020,2050,138,0.01,0.0026,0.0139,0.04611,1,175,,1,,,,,,,-1.047197551,1.047197551,,
N_301,N_303,eac1,,AC,2020,2050,138,0.01,0.0546,0.2112,0.0572,1,175,,1,,,,,,,-1.047197551,1.047197551,,
N_301,N_305,eac1,,AC,2020,2050,138,0.01,0.0218,0.0845,0.0229,1,175,,1,,,,,,,-1.047197551,1.047197551,,
N_302,N_304,eac1,,AC,2020,2050,138,0.01,0.0328,0.1267,0.0343,1,175,,1,,,,,,,-1.047197551,1.047197551,,
N_302,N_306,eac1,,AC,2020,2050,138,0.01,0.0497,0.192,0.052,1,175,,1,,,,,,,-1.047197551,1.047197551,,
N_303,N_309,eac1,,AC,2020,2050,138,0.01,0.0308,0.119,0.0322,1,175,,1,,,,,,,-1.047197551,1.047197551,,
N_303,N_324,eac1,,AC,2020,2050,138,0.01,0.023,0.0839,0,1.015,400,,1,,,,,,,-1.047197551,1.047197551,,
N_304,N_309,eac1,,AC,2020,2050,138,0.01,0.0268,0.1037,0.0281,1,175,,1,,,,,,,-1.047197551,1.047197551,,
N_305,N_310,eac1,,AC,2020,2050,138,0.01,0.0228,0.0883,0.0239,1,175,,1,,,,,,,-1.047197551,1.047197551,,
N_306,N_310,eac1,,AC,2020,2050,138,0.01,0.0139,0.0605,2.459,1,175,,1,,,,,,,-1.047197551,1.047197551,,
N_307,N_308,eac1,,AC,2020,2050,138,0.01,0.0159,0.0614,0.0166,1,175,,1,,,,,,,-1.047197551,1.047197551,,
N_308,N_309,eac1,,AC,2020,2050,138,0.01,0.0427,0.1651,0.0447,1,175,,1,,,,,,,-1.047197551,1.047197551,,
N_308,N_310,eac1,,AC,2020,2050,138,0.01,0.0427,0.1651,0.0447,1,175,,1,,,,,,,-1.047197551,1.047197551,,
N_309,N_311,eac1,,AC,2020,2050,138,0.01,0.0023,0.0839,0,1.03,400,,1,,,,,,,-1.047197551,1.047197551,,
N_309,N_312,eac1,,AC,2020,2050,138,0.01,0.0023,0.0839,0,1.03,400,,1,,,,,,,-1.047197551,1.047197551,,
N_310,N_311,eac1,,AC,2020,2050,138,0.01,0.0023,0.0839,0,1.015,400,,1,,,,,,,-1.047197551,1.047197551,,
N_310,N_312,eac1,,AC,2020,2050,138,0.01,0.0023,0.0839,0,1.015,400,,1,,,,,,,-1.047197551,1.047197551,,
N_311,N_313,eac1,,AC,2020,2050,230,0.01,0.0061,0.0476,0.0999,1,500,,1,,,,,,,-1.047197551,1.047197551,,
N_311,N_314,eac1,,AC,2020,2050,230,0.01,0.0054,0.0418,0.0879,1,500,,1,,,,,,,-1.047197551,1.047197551,,
N_312,N_313,eac1,,AC,2020,2050,230,0.01,0.0061,0.0476,0.0999,1,500,,1,,,,,,,-1.047197551,1.047197551,,
N_312,N_323,eac1,,AC,2020,2050,230,0.01,0.0124,0.0966,0.203,1,500,,1,,,,,,,-1.047197551,1.047197551,,
N_313,N_323,eac1,,AC,2020,2050,230,0.01,0.0111,0.0865,0.1818,1,500,,1,,,,,,,-1.047197551,1.047197551,,
N_314,N_316,eac1,,AC,2020,2050,230,0.01,0.005,0.0389,0.0818,1,500,,1,,,,,,,-1.047197551,1.047197551,,
N_315,N_316,eac1,,AC,2020,2050,230,0.01,0.0022,0.0173,0.0364,1,500,,1,,,,,,,-1.047197551,1.047197551,,
N_315,N_321,eac1,,AC,2020,2050,230,0.01,0.0063,0.049,0.103,1,500,,1,,,,,,,-1.047197551,1.047197551,,
N_315,N_321,eac2,,AC,2020,2050,230,0.01,0.0063,0.049,0.103,1,500,,1,,,,,,,-1.047197551,1.047197551,,
N_315,N_324,eac1,,AC,2020,2050,230,0.01,0.0067,0.0519,0.1091,1,500,,1,,,,,,,-1.047197551,1.047197551,,
N_316,N_317,eac1,,AC,2020,2050,230,0.01,0.0033,0.0259,0.0545,1,500,,1,,,,,,,-1.047197551,1.047197551,,
N_316,N_319,eac1,,AC,2020,2050,230,0.01,0.003,0.0231,0.0485,1,500,,1,,,,,,,-1.047197551,1.047197551,,
N_317,N_318,eac1,,AC,2020,2050,230,0.01,0.0018,0.0144,0.0303,1,500,,1,,,,,,,-1.047197551,1.047197551,,
N_317,N_322,eac1,,AC,2020,2050,230,0.01,0.0135,0.1053,0.2212,1,500,,1,,,,,,,-1.047197551,1.047197551,,
N_318,N_321,eac1,,AC,2020,2050,230,0.01,0.0033,0.0259,0.0545,1,500,,1,,,,,,,-1.047197551,1.047197551,,
N_318,N_321,eac2,,AC,2020,2050,230,0.01,0.0033,0.0259,0.0545,1,500,,1,,,,,,,-1.047197551,1.047197551,,
N_319,N_320,eac1,,AC,2020,2050,230,0.01,0.0051,0.0396,0.0833,1,500,,1,,,,,,,-1.047197551,1.047197551,,
N_319,N_320,eac2,,AC,2020,2050,230,0.01,0.0051,0.0396,0.0833,1,500,,1,,,,,,,-1.047197551,1.047197551,,
N_320,N_323,eac1,,AC,2020,2050,230,0.01,0.0028,0.0216,0.0455,1,500,,1,,,,,,,-1.047197551,1.047197551,,
N_320,N_323,eac2,,AC,2020,2050,230,0.01,0.0028,0.0216,0.0455,1,500,,1,,,,,,,-1.047197551,1.047197551,,
N_321,N_322,eac1,,AC,2020,2050,230,0.01,0.0087,0.0678,0.1424,1,500,,1,,,,,,,-1.047197551,1.047197551,,
N_325,N_121,edc1,,DC,2020,2050,400,0.01,0.00361216,0.03612164,0,1,500,,1,,,,,,,-1.047197551,1.047197551,,
N_318,N_223,edc1,,DC,2020,2050,400,0.01,0.00388173,0.03881728,0,1,500,,1,,,,,,,-1.047197551,1.047197551,,
N_323,N_325,edc1,,DC,2020,2050,400,0.01,0.0001675,0.001675,0,1,722,,1,,,,,,,-1.047197551,1.047197551,,
N_101,N_102,cac1,,AC,2020,2050,138,0.01,0.0026,0.0139,0.04611,1,175,,1,4.247515826,0.075,Yes,,,,-1.047197551,1.047197551,,
N_101,N_103,cac1,,AC,2020,2050,138,0.01,0.0546,0.2112,0.0572,1,175,,1,76.84067283,0.075,Yes,,,,-1.047197551,1.047197551,,
N_101,N_105,cac1,,AC,2020,2050,138,0.01,0.0218,0.0845,0.0229,1,175,,1,32.07787372,0.075,Yes,,,,-1.047197551,1.047197551,,
N_102,N_104,cac1,,AC,2020,2050,138,0.01,0.0328,0.1267,0.0343,1,175,,1,49.17212602,0.075,Yes,,,,-1.047197551,1.047197551,,
N_102,N_106,cac1,,AC,2020,2050,138,0.01,0.0497,0.192,0.052,1,175,,1,52.1748173,0.075,Yes,,,,-1.047197551,1.047197551,,
N_103,N_109,cac1,,AC,2020,2050,138,0.01,0.0308,0.119,0.0322,1,175,,1,52.74946669,0.075,Yes,,,,-1.047197551,1.047197551,,
N_103,N_124,cac1,,AC,2020,2050,138,0.01,0.023,0.0839,0,1.015,400,,1,13.60963397,0.075,Yes,,,,-1.047197551,1.047197551,,
N_104,N_109,cac1,,AC,2020,2050,138,0.01,0.0268,0.1037,0.0281,1,175,,1,44.91487813,0.075,Yes,,,,-1.047197551,1.047197551,,
N_105,N_110,cac1,,AC,2020,2050,138,0.01,0.0228,0.0883,0.0239,1,175,,1,38.05767456,0.075,Yes,,,,-1.047197551,1.047197551,,
N_106,N_110,cac1,,AC,2020,2050,138,0.01,0.0139,0.0605,2.459,1,175,,1,21.37326206,0.075,Yes,,,,-1.047197551,1.047197551,,
N_106,N_110,cac2,,AC,2020,2050,138,0.01,0.0139,0.0605,2.459,1,175,,1,21.37326206,0.075,Yes,,,,-1.047197551,1.047197551,,
N_107,N_108,cac1,,AC,2020,2050,138,0.01,0.0159,0.0614,0.0166,1,175,,1,26.30218613,0.075,Yes,,,,-1.047197551,1.047197551,,
N_107,N_203,cdc1,,DC,2020,2050,400,0.01,0.00226434,0.02264341,0.044,1,175,,1,167.3326772,0.075,Yes,,,,-1.047197551,1.047197551,,
N_108,N_109,cac1,,AC,2020,2050,138,0.01,0.0427,0.1651,0.0447,1,175,,1,76.07629262,0.075,Yes,,,,-1.047197551,1.047197551,,
N_108,N_110,cac1,,AC,2020,2050,138,0.01,0.0427,0.1651,0.0447,1,175,,1,75.84644641,0.075,Yes,,,,-1.047197551,1.047197551,,
N_109,N_111,cac1,,AC,2020,2050,138,0.01,0.0023,0.0839,0,1.03,400,,1,17.75934323,0.075,Yes,,,,-1.047197551,1.047197551,,
N_109,N_112,cac1,,AC,2020,2050,138,0.01,0.0023,0.0839,0,1.03,400,,1,10.86527152,0.075,Yes,,,,-1.047197551,1.047197551,,
N_110,N_111,cac1,,AC,2020,2050,138,0.01,0.0023,0.0839,0,1.015,400,,1,11.19759868,0.075,Yes,,,,-1.047197551,1.047197551,,
N_110,N_112,cac1,,AC,2020,2050,138,0.01,0.0023,0.0839,0,1.015,400,,1,17.71227324,0.075,Yes,,,,-1.047197551,1.047197551,,
N_111,N_113,cac1,,AC,2020,2050,230,0.01,0.0061,0.0476,0.0999,1,500,,1,72.71002327,0.075,Yes,,,,-1.047197551,1.047197551,,
N_111,N_114,cac1,,AC,2020,2050,230,0.01,0.0054,0.0418,0.0879,1,500,,1,72.53033602,0.075,Yes,,,,-1.047197551,1.047197551,,
N_112,N_113,cac1,,AC,2020,2050,230,0.01,0.0061,0.0476,0.0999,1,500,,1,71.76495974,0.075,Yes,,,,-1.047197551,1.047197551,,
N_112,N_123,cac1,,AC,2020,2050,230,0.01,0.0124,0.0966,0.203,1,500,,1,126.364404,0.075,Yes,,,,-1.047197551,1.047197551,,
N_113,N_123,cac1,,AC,2020,2050,230,0.01,0.0111,0.0865,0.1818,1,500,,1,105.9077909,0.075,Yes,,,,-1.047197551,1.047197551,,
N_113,N_215,cdc1,,DC,2020,2050,400,0.01,0.0280347,0.280347,0.158,1,500,,1,200.4334625,0.075,Yes,,,,-1.047197551,1.047197551,,
N_114,N_116,cac1,,AC,2020,2050,230,0.01,0.005,0.0389,0.0818,1,500,,1,69.84718278,0.075,Yes,,,,-1.047197551,1.047197551,,
N_115,N_116,cac1,,AC,2020,2050,230,0.01,0.0022,0.0173,0.0364,1,500,,1,25.02201863,0.075,Yes,,,,-1.047197551,1.047197551,,
N_115,N_121,cac1,,AC,2020,2050,230,0.01,0.0063,0.049,0.103,1,500,,1,99.81989455,0.075,Yes,,,,-1.047197551,1.047197551,,
N_115,N_121,cac2,,AC,2020,2050,230,0.01,0.0063,0.049,0.103,1,500,,1,99.81989455,0.075,Yes,,,,-1.047197551,1.047197551,,
N_115,N_124,cac1,,AC,2020,2050,230,0.01,0.0067,0.0519,0.1091,1,500,,1,90.76354707,0.075,Yes,,,,-1.047197551,1.047197551,,
N_116,N_117,cac1,,AC,2020,2050,230,0.01,0.0033,0.0259,0.0545,1,500,,1,45.15899052,0.075,Yes,,,,-1.047197551,1.047197551,,
N_116,N_119,cac1,,AC,2020,2050,230,0.01,0.003,0.0231,0.0485,1,500,,1,34.1980001,0.075,Yes,,,,-1.047197551,1.047197551,,
N_117,N_118,cac1,,AC,2020,2050,230,0.01,0.0018,0.0144,0.0303,1,500,,1,21.97411555,0.075,Yes,,,,-1.047197551,1.047197551,,
N_117,N_122,cac1,,AC,2020,2050,230,0.01,0.0135,0.1053,0.2212,1,500,,1,153.0763548,0.075,Yes,,,,-1.047197551,1.047197551,,
N_118,N_121,cac1,,AC,2020,2050,230,0.000375,0.0033,0.0259,0.0545,1,500,,1,24.48858155,0.075,Yes,,,,-1.047197551,1.047197551,,
N_118,N_121,cac2,,AC,2020,2050,230,0.000375,0.0033,0.0259,0.0545,1,500,,1,24.48858155,0.075,Yes,,,,-1.047197551,1.047197551,,
N_119,N_120,cac1,,AC,2020,2050,230,0.01,0.0051,0.0396,0.0833,1,500,,1,62.27069691,0.075,Yes,,,,-1.047197551,1.047197551,,
N_119,N_120,cac2,,AC,2020,2050,230,0.01,0.0051,0.0396,0.0833,1,500,,1,62.27069691,0.075,Yes,,,,-1.047197551,1.047197551,,
N_120,N_123,cac1,,AC,2020,2050,230,0.01,0.0028,0.0216,0.0455,1,500,,1,34.04359014,0.075,Yes,,,,-1.047197551,1.047197551,,
N_120,N_123,cac2,,AC,2020,2050,230,0.01,0.0028,0.0216,0.0455,1,500,,1,34.04359014,0.075,Yes,,,,-1.047197551,1.047197551,,
N_121,N_122,cac1,,AC,2020,2050,230,0.01,0.0087,0.0678,0.1424,1,500,,1,119.3532062,0.075,Yes,,,,-1.047197551,1.047197551,,
N_123,N_217,cdc1,,DC,2020,2050,400,0.01,0.00274956,0.02749557,0,1,500,,1,172.5231969,0.075,Yes,,,,-1.047197551,1.047197551,,
N_201,N_202,cac1,,AC,2020,2050,138,0.01,0.0026,0.0139,0.04611,1,175,,1,4.281057776,0.075,Yes,,,,-1.047197551,1.047197551,,
N_201,N_203,cac1,,AC,2020,2050,138,0.01,0.0546,0.2112,0.0572,1,175,,1,149.2502019,0.075,Yes,,,,-1.047197551,1.047197551,,
N_201,N_205,cac1,,AC,2020,2050,138,0.01,0.0218,0.0845,0.0229,1,175,,1,29.76078667,0.075,Yes,,,,-1.047197551,1.047197551,,
N_202,N_204,cac1,,AC,2020,2050,138,0.01,0.0328,0.1267,0.0343,1,175,,1,42.88973613,0.075,Yes,,,,-1.047197551,1.047197551,,
N_202,N_206,cac1,,AC,2020,2050,138,0.01,0.0497,0.192,0.052,1,175,,1,55.80410556,0.075,Yes,,,,-1.047197551,1.047197551,,
N_203,N_209,cac1,,AC,2020,2050,138,0.01,0.0308,0.119,0.0322,1,175,,1,51.1183332,0.075,Yes,,,,-1.047197551,1.047197551,,
N_203,N_224,cac1,,AC,2020,2050,138,0.01,0.023,0.0839,0,1.015,400,,1,13.43704676,0.075,Yes,,,,-1.047197551,1.047197551,,
N_204,N_209,cac1,,AC,2020,2050,138,0.01,0.0268,0.1037,0.0281,1,175,,1,42.12265254,0.075,Yes,,,,-1.047197551,1.047197551,,
N_205,N_210,cac1,,AC,2020,2050,138,0.01,0.0228,0.0883,0.0239,1,175,,1,35.2344218,0.075,Yes,,,,-1.047197551,1.047197551,,
N_206,N_210,cac1,,AC,2020,2050,138,0.01,0.0139,0.0605,2.459,1,175,,1,23.91170919,0.075,Yes,,,,-1.047197551,1.047197551,,
N_206,N_210,cac2,,AC,2020,2050,138,0.01,0.0139,0.0605,2.459,1,175,,1,23.91170919,0.075,Yes,,,,-1.047197551,1.047197551,,
N_207,N_208,cac1,,AC,2020,2050,138,0.01,0.0159,0.0614,0.0166,1,175,,1,24.22976103,0.075,Yes,,,,-1.047197551,1.047197551,,
N_208,N_209,cac1,,AC,2020,2050,138,0.01,0.0427,0.1651,0.0447,1,175,,1,74.33683981,0.075,Yes,,,,-1.047197551,1.047197551,,
N_208,N_210,cac1,,AC,2020,2050,138,0.01,0.0427,0.1651,0.0447,1,175,,1,75.7499119,0.075,Yes,,,,-1.047197551,1.047197551,,
N_209,N_211,cac1,,AC,2020,2050,138,0.01,0.0023,0.0839,0,1.03,400,,1,14.56298819,0.075,Yes,,,,-1.047197551,1.047197551,,
N_209,N_212,cac1,,AC,2020,2050,138,0.01,0.0023,0.0839,0,1.03,400,,1,14.70981419,0.075,Yes,,,,-1.047197551,1.047197551,,
N_210,N_211,cac1,,AC,2020,2050,138,0.01,0.0023,0.0839,0,1.015,400,,1,14.70993906,0.075,Yes,,,,-1.047197551,1.047197551,,
N_210,N_212,cac1,,AC,2020,2050,138,0.01,0.0023,0.0839,0,1.015,400,,1,14.5629882,0.075,Yes,,,,-1.047197551,1.047197551,,
N_211,N_213,cac1,,AC,2020,2050,230,0.01,0.0061,0.0476,0.0999,1,500,,1,81.44353593,0.075,Yes,,,,-1.047197551,1.047197551,,
N_211,N_214,cac1,,AC,2020,2050,230,0.01,0.0054,0.0418,0.0879,1,500,,1,56.93240901,0.075,Yes,,,,-1.047197551,1.047197551,,
N_212,N_213,cac1,,AC,2020,2050,230,0.01,0.0061,0.0476,0.0999,1,500,,1,56.68277792,0.075,Yes,,,,-1.047197551,1.047197551,,
N_212,N_223,cac1,,AC,2020,2050,230,0.01,0.0124,0.0966,0.203,1,500,,1,182.0812444,0.075,Yes,,,,-1.047197551,1.047197551,,
N_213,N_223,cac1,,AC,2020,2050,230,0.01,0.0111,0.0865,0.1818,1,500,,1,87.19789562,0.075,Yes,,,,-1.047197551,1.047197551,,
N_214,N_216,cac1,,AC,2020,2050,230,0.01,0.005,0.0389,0.0818,1,500,,1,58.51372803,0.075,Yes,,,,-1.047197551,1.047197551,,
N_215,N_216,cac1,,AC,2020,2050,230,0.01,0.0022,0.0173,0.0364,1,500,,1,27.38695574,0.075,Yes,,,,-1.047197551,1.047197551,,
N_215,N_221,cac1,,AC,2020,2050,230,0.01,0.0063,0.049,0.103,1,500,,1,86.38822101,0.075,Yes,,,,-1.047197551,1.047197551,,
N_215,N_221,cac2,,AC,2020,2050,230,0.01,0.0063,0.049,0.103,1,500,,1,86.38822101,0.075,Yes,,,,-1.047197551,1.047197551,,
N_215,N_224,cac1,,AC,2020,2050,230,0.01,0.0067,0.0519,0.1091,1,500,,1,87.80234416,0.075,Yes,,,,-1.047197551,1.047197551,,
N_216,N_217,cac1,,AC,2020,2050,230,0.01,0.0033,0.0259,0.0545,1,500,,1,37.65301113,0.075,Yes,,,,-1.047197551,1.047197551,,
N_216,N_219,cac1,,AC,2020,2050,230,0.01,0.003,0.0231,0.0485,1,500,,1,41.45254017,0.075,Yes,,,,-1.047197551,1.047197551,,
N_217,N_218,cac1,,AC,2020,2050,230,0.01,0.0018,0.0144,0.0303,1,500,,1,21.15661668,0.075,Yes,,,,-1.047197551,1.047197551,,
N_217,N_222,cac1,,AC,2020,2050,230,0.01,0.0135,0.1053,0.2212,1,500,,1,206.4351034,0.075,Yes,,,,-1.047197551,1.047197551,,
N_218,N_221,cac1,,AC,2020,2050,230,0.01,0.0033,0.0259,0.0545,1,500,,1,36.16380378,0.075,Yes,,,,-1.047197551,1.047197551,,
N_218,N_221,cac2,,AC,2020,2050,230,0.01,0.0033,0.0259,0.0545,1,500,,1,36.16380378,0.075,Yes,,,,-1.047197551,1.047197551,,
N_219,N_220,cac1,,AC,2020,2050,230,0.01,0.0051,0.0396,0.0833,1,500,,1,71.54291664,0.075,Yes,,,,-1.047197551,1.047197551,,
N_219,N_220,cac2,,AC,2020,2050,230,0.01,0.0051,0.0396,0.0833,1,500,,1,71.54291664,0.075,Yes,,,,-1.047197551,1.047197551,,
N_220,N_223,cac1,,AC,2020,2050,230,0.01,0.0028,0.0216,0.0455,1,500,,1,31.00077371,0.075,Yes,,,,-1.047197551,1.047197551,,
N_220,N_223,cac2,,AC,2020,2050,230,0.01,0.0028,0.0216,0.0455,1,500,,1,31.00077371,0.075,Yes,,,,-1.047197551,1.047197551,,
N_221,N_222,cac1,,AC,2020,2050,230,0.01,0.0087,0.0678,0.1424,1,500,,1,164.2355754,0.075,Yes,,,,-1.047197551,1.047197551,,
N_301,N_302,cac1,,AC,2020,2050,138,0.01,0.0026,0.0139,0.04611,1,175,,1,4.266910064,0.075,Yes,,,,-1.047197551,1.047197551,,
N_301,N_303,cac1,,AC,2020,2050,138,0.01,0.0546,0.2112,0.0572,1,175,,1,71.24945598,0.075,Yes,,,,-1.047197551,1.047197551,,
N_301,N_305,cac1,,AC,2020,2050,138,0.01,0.0218,0.0845,0.0229,1,175,,1,33.38086324,0.075,Yes,,,,-1.047197551,1.047197551,,
N_302,N_304,cac1,,AC,2020,2050,138,0.01,0.0328,0.1267,0.0343,1,175,,1,50.66638925,0.075,Yes,,,,-1.047197551,1.047197551,,
N_302,N_306,cac1,,AC,2020,2050,138,0.01,0.0497,0.192,0.052,1,175,,1,54.41799768,0.075,Yes,,,,-1.047197551,1.047197551,,
N_303,N_309,cac1,,AC,2020,2050,138,0.01,0.0308,0.119,0.0322,1,175,,1,52.63613575,0.075,Yes,,,,-1.047197551,1.047197551,,
N_303,N_324,cac1,,AC,2020,2050,138,0.01,0.023,0.0839,0,1.015,400,,1,13.57029159,0.075,Yes,,,,-1.047197551,1.047197551,,
N_304,N_309,cac1,,AC,2020,2050,138,0.01,0.0268,0.1037,0.0281,1,175,,1,40.38713728,0.075,Yes,,,,-1.047197551,1.047197551,,
N_305,N_310,cac1,,AC,2020,2050,138,0.01,0.0228,0.0883,0.0239,1,175,,1,39.29958745,0.075,Yes,,,,-1.047197551,1.047197551,,
N_306,N_310,cac1,,AC,2020,2050,138,0.01,0.0139,0.0605,2.459,1,175,,1,22.88948676,0.075,Yes,,,,-1.047197551,1.047197551,,
N_306,N_310,cac2,,AC,2020,2050,138,0.01,0.0139,0.0605,2.459,1,175,,1,22.88948676,0.075,Yes,,,,-1.047197551,1.047197551,,
N_307,N_308,cac1,,AC,2020,2050,138,0.01,0.0159,0.0614,0.0166,1,175,,1,24.08090653,0.075,Yes,,,,-1.047197551,1.047197551,,
N_308,N_309,cac1,,AC,2020,2050,138,0.01,0.0427,0.1651,0.0447,1,175,,1,72.54095024,0.075,Yes,,,,-1.047197551,1.047197551,,
N_308,N_310,cac1,,AC,2020,2050,138,0.01,0.0427,0.1651,0.0447,1,175,,1,73.35606671,0.075,Yes,,,,-1.047197551,1.047197551,,
N_309,N_311,cac1,,AC,2020,2050,138,0.01,0.0023,0.0839,0,1.03,400,,1,14.6914239,0.075,Yes,,,,-1.047197551,1.047197551,,
N_309,N_312,cac1,,AC,2020,2050,138,0.01,0.0023,0.0839,0,1.03,400,,1,14.71945241,0.075,Yes,,,,-1.047197551,1.047197551,,
N_310,N_311,cac1,,AC,2020,2050,138,0.01,0.0023,0.0839,0,1.015,400,,1,14.68643991,0.075,Yes,,,,-1.047197551,1.047197551,,
N_310,N_312,cac1,,AC,2020,2050,138,0.01,0.0023,0.0839,0,1.015,400,,1,14.66589046,0.075,Yes,,,,-1.047197551,1.047197551,,
N_311,N_313,cac1,,AC,2020,2050,230,0.01,0.0061,0.0476,0.0999,1,500,,1,77.96094952,0.075,Yes,,,,-1.047197551,1.047197551,,
N_311,N_314,cac1,,AC,2020,2050,230,0.01,0.0054,0.0418,0.0879,1,500,,1,43.80119595,0.075,Yes,,,,-1.047197551,1.047197551,,
N_312,N_313,cac1,,AC,2020,2050,230,0.01,0.0061,0.0476,0.0999,1,500,,1,50.31673113,0.075,Yes,,,,-1.047197551,1.047197551,,
N_312,N_323,cac1,,AC,2020,2050,230,0.01,0.0124,0.0966,0.203,1,500,,1,153.9312873,0.075,Yes,,,,-1.047197551,1.047197551,,
N_313,N_323,cac1,,AC,2020,2050,230,0.01,0.0111,0.0865,0.1818,1,500,,1,120.8431863,0.075,Yes,,,,-1.047197551,1.047197551,,
N_314,N_316,cac1,,AC,2020,2050,230,0.01,0.005,0.0389,0.0818,1,500,,1,43.7013015,0.075,Yes,,,,-1.047197551,1.047197551,,
N_315,N_316,cac1,,AC,2020,2050,230,0.01,0.0022,0.0173,0.0364,1,500,,1,27.21487738,0.075,Yes,,,,-1.047197551,1.047197551,,
N_315,N_321,cac1,,AC,2020,2050,230,0.01,0.0063,0.049,0.103,1,500,,1,57.07849893,0.075,Yes,,,,-1.047197551,1.047197551,,
N_315,N_321,cac2,,AC,2020,2050,230,0.01,0.0063,0.049,0.103,1,500,,1,57.07849893,0.075,Yes,,,,-1.047197551,1.047197551,,
N_315,N_324,cac1,,AC,2020,2050,230,0.01,0.0067,0.0519,0.1091,1,500,,1,57.6388244,0.075,Yes,,,,-1.047197551,1.047197551,,
N_316,N_317,cac1,,AC,2020,2050,230,0.01,0.0033,0.0259,0.0545,1,500,,1,46.55728894,0.075,Yes,,,,-1.047197551,1.047197551,,
N_316,N_319,cac1,,AC,2020,2050,230,0.01,0.003,0.0231,0.0485,1,500,,1,39.39833324,0.075,Yes,,,,-1.047197551,1.047197551,,
N_317,N_318,cac1,,AC,2020,2050,230,0.01,0.0018,0.0144,0.0303,1,500,,1,23.05328709,0.075,Yes,,,,-1.047197551,1.047197551,,
N_317,N_322,cac1,,AC,2020,2050,230,0.01,0.0135,0.1053,0.2212,1,500,,1,180.1666767,0.075,Yes,,,,-1.047197551,1.047197551,,
N_318,N_321,cac1,,AC,2020,2050,230,0.01,0.0033,0.0259,0.0545,1,500,,1,42.74016838,0.075,Yes,,,,-1.047197551,1.047197551,,
N_318,N_321,cac2,,AC,2020,2050,230,0.01,0.0033,0.0259,0.0545,1,500,,1,42.74016838,0.075,Yes,,,,-1.047197551,1.047197551,,
N_319,N_320,cac1,,AC,2020,2050,230,0.01,0.0051,0.0396,0.0833,1,500,,1,73.91837841,0.075,Yes,,,,-1.047197551,1.047197551,,
N_319,N_320,cac2,,AC,2020,2050,230,0.01,0.0051,0.0396,0.0833,1,500,,1,73.91837841,0.075,Yes,,,,-1.047197551,1.047197551,,
N_320,N_323,cac1,,AC,2020,2050,230,0.01,0.0028,0.0216,0.0455,1,500,,1,34.45523654,0.075,Yes,,,,-1.047197551,1.047197551,,
N_320,N_323,cac2,,AC,2020,2050,230,0.01,0.0028,0.0216,0.0455,1,500,,1,34.45523654,0.075,Yes,,,,-1.047197551,1.047197551,,
N_321,N_322,cac1,,AC,2020,2050,230,0.01,0.0087,0.0678,0.1424,1,500,,1,81.69072924,0.075,Yes,,,,-1.047197551,1.047197551,,
N_325,N_121,cdc1,,DC,2020,2050,400,0.01,0.00361216,0.03612164,0,1,500,,1,274.3634,0.075,Yes,,,,-1.047197551,1.047197551,,
N_318,N_223,cdc1,,DC,2020,2050,400,0.01,0.00388173,0.03881728,0,1,500,,1,292.1371121,0.075,Yes,,,,-1.047197551,1.047197551,,
N_323,N_325,cdc1,,DC,2020,2050,400,0.01,0.0001675,0.001675,0,1,722,,1,13.56233482,0.075,Yes,,,,-1.047197551,1.047197551,,
N_106,N_108,cac1,,AC,2020,2050,138,0.01,0.070596784,0.481327936,0.319199154,1,175,,1,67.55534535,0.075,Yes,,,,-1.047197551,1.047197551,,
N_206,N_208,cac1,,AC,2020,2050,138,0.01,0.042903994,0.292518864,0.193987856,1,175,,1,41.05561192,0.075,Yes,,,,-1.047197551,1.047197551,,
N_306,N_308,cac1,,AC,2020,2050,138,0.01,0.06453256,0.439982136,0.291780126,1,175,,1,61.75237905,0.075,Yes,,,,-1.047197551,1.047197551,,
N_101,N_102,cac2,,AC,2020,2050,138,0.01,0.0026,0.0139,0.04611,1,175,,1,4.247515826,0.075,Yes,,,,-1.047197551,1.047197551,,
N_101,N_103,cac2,,AC,2020,2050,138,0.01,0.0546,0.2112,0.0572,1,175,,1,76.84067283,0.075,Yes,,,,-1.047197551,1.047197551,,
N_101,N_105,cac2,,AC,2020,2050,138,0.01,0.0218,0.0845,0.0229,1,175,,1,32.07787372,0.075,Yes,,,,-1.047197551,1.047197551,,
N_102,N_104,cac2,,AC,2020,2050,138,0.01,0.0328,0.1267,0.0343,1,175,,1,49.17212602,0.075,Yes,,,,-1.047197551,1.047197551,,
N_102,N_106,cac2,,AC,2020,2050,138,0.01,0.0497,0.192,0.052,1,175,,1,52.1748173,0.075,Yes,,,,-1.047197551,1.047197551,,
N_103,N_109,cac2,,AC,2020,2050,138,0.01,0.0308,0.119,0.0322,1,175,,1,52.74946669,0.075,Yes,,,,-1.047197551,1.047197551,,
N_103,N_124,cac2,,AC,2020,2050,138,0.01,0.023,0.0839,0,1.015,400,,1,13.60963397,0.075,Yes,,,,-1.047197551,1.047197551,,
N_104,N_109,cac2,,AC,2020,2050,138,0.01,0.0268,0.1037,0.0281,1,175,,1,44.91487813,0.075,Yes,,,,-1.047197551,1.047197551,,
N_105,N_110,cac2,,AC,2020,2050,138,0.01,0.0228,0.0883,0.0239,1,175,,1,38.05767456,0.075,Yes,,,,-1.047197551,1.047197551,,
N_106,N_110,cac3,,AC,2020,2050,138,0.01,0.0139,0.0605,2.459,1,175,,1,21.37326206,0.075,Yes,,,,-1.047197551,1.047197551,,
N_106,N_110,cac4,,AC,2020,2050,138,0.01,0.0139,0.0605,2.459,1,175,,1,21.37326206,0.075,Yes,,,,-1.047197551,1.047197551,,
N_107,N_108,cac2,,AC,2020,2050,138,0.01,0.0159,0.0614,0.0166,1,175,,1,26.30218613,0.075,Yes,,,,-1.047197551,1.047197551,,
N_107,N_203,cdc2,,DC,2020,2050,400,0.01,0.00226434,0.02264341,0.044,1,175,,1,167.3326772,0.075,Yes,,,,-1.047197551,1.047197551,,
N_108,N_109,cac2,,AC,2020,2050,138,0.01,0.0427,0.1651,0.0447,1,175,,1,76.07629262,0.075,Yes,,,,-1.047197551,1.047197551,,
N_108,N_110,cac2,,AC,2020,2050,138,0.01,0.0427,0.1651,0.0447,1,175,,1,75.84644641,0.075,Yes,,,,-1.047197551,1.047197551,,
N_109,N_111,cac2,,AC,2020,2050,138,0.01,0.0023,0.0839,0,1.03,400,,1,17.75934323,0.075,Yes,,,,-1.047197551,1.047197551,,
N_109,N_112,cac2,,AC,2020,2050,138,0.01,0.0023,0.0839,0,1.03,400,,1,10.86527152,0.075,Yes,,,,-1.047197551,1.047197551,,
N_110,N_111,cac2,,AC,2020,2050,138,0.01,0.0023,0.0839,0,1.015,400,,1,11.19759868,0.075,Yes,,,,-1.047197551,1.047197551,,
N_110,N_112,cac2,,AC,2020,2050,138,0.01,0.0023,0.0839,0,1.015,400,,1,17.71227324,0.075,Yes,,,,-1.047197551,1.047197551,,
N_111,N_113,cac2,,AC,2020,2050,230,0.01,0.0061,0.0476,0.0999,1,500,,1,72.71002327,0.075,Yes,,,,-1.047197551,1.047197551,,
N_111,N_114,cac2,,AC,2020,2050,230,0.01,0.0054,0.0418,0.0879,1,500,,1,72.53033602,0.075,Yes,,,,-1.047197551,1.047197551,,
N_112,N_113,cac2,,AC,2020,2050,230,0.01,0.0061,0.0476,0.0999,1,500,,1,71.76495974,0.075,Yes,,,,-1.047197551,1.047197551,,
N_112,N_123,cac2,,AC,2020,2050,230,0.01,0.0124,0.0966,0.203,1,500,,1,126.364404,0.075,Yes,,,,-1.047197551,1.047197551,,
N_113,N_123,cac2,,AC,2020,2050,230,0.01,0.0111,0.0865,0.1818,1,500,,1,105.9077909,0.075,Yes,,,,-1.047197551,1.047197551,,
N_113,N_215,cdc2,,DC,2020,2050,400,0.01,0.0280347,0.280347,0.158,1,500,,1,200.4334625,0.075,Yes,,,,-1.047197551,1.047197551,,
N_114,N_116,cac2,,AC,2020,2050,230,0.01,0.005,0.0389,0.0818,1,500,,1,69.84718278,0.075,Yes,,,,-1.047197551,1.047197551,,
N_115,N_116,cac2,,AC,2020,2050,230,0.01,0.0022,0.0173,0.0364,1,500,,1,25.02201863,0.075,Yes,,,,-1.047197551,1.047197551,,
N_115,N_121,cac3,,AC,2020,2050,230,0.01,0.0063,0.049,0.103,1,500,,1,99.81989455,0.075,Yes,,,,-1.047197551,1.047197551,,
N_115,N_121,cac4,,AC,2020,2050,230,0.01,0.0063,0.049,0.103,1,500,,1,99.81989455,0.075,Yes,,,,-1.047197551,1.047197551,,
N_115,N_124,cac2,,AC,2020,2050,230,0.01,0.0067,0.0519,0.1091,1,500,,1,90.76354707,0.075,Yes,,,,-1.047197551,1.047197551,,
N_116,N_117,cac2,,AC,2020,2050,230,0.01,0.0033,0.0259,0.0545,1,500,,1,45.15899052,0.075,Yes,,,,-1.047197551,1.047197551,,
N_116,N_119,cac2,,AC,2020,2050,230,0.01,0.003,0.0231,0.0485,1,500,,1,34.1980001,0.075,Yes,,,,-1.047197551,1.047197551,,
N_117,N_118,cac2,,AC,2020,2050,230,0.01,0.0018,0.0144,0.0303,1,500,,1,21.97411555,0.075,Yes,,,,-1.047197551,1.047197551,,
N_117,N_122,cac2,,AC,2020,2050,230,0.01,0.0135,0.1053,0.2212,1,500,,1,153.0763548,0.075,Yes,,,,-1.047197551,1.047197551,,
N_118,N_121,cac3,,AC,2020,2050,230,0.000375,0.0033,0.0259,0.0545,1,500,,1,24.48858155,0.075,Yes,,,,-1.047197551,1.047197551,,
N_118,N_121,cac4,,AC,2020,2050,230,0.000375,0.0033,0.0259,0.0545,1,500,,1,24.48858155,0.075,Yes,,,,-1.047197551,1.047197551,,
N_119,N_120,cac3,,AC,2020,2050,230,0.01,0.0051,0.0396,0.0833,1,500,,1,62.27069691,0.075,Yes,,,,-1.047197551,1.047197551,,
N_119,N_120,cac4,,AC,2020,2050,230,0.01,0.0051,0.0396,0.0833,1,500,,1,62.27069691,0.075,Yes,,,,-1.047197551,1.047197551,,
N_120,N_123,cac3,,AC,2020,2050,230,0.01,0.0028,0.0216,0.0455,1,500,,1,34.04359014,0.075,Yes,,,,-1.047197551,1.047197551,,
N_120,N_123,cac4,,AC,2020,2050,230,0.01,0.0028,0.0216,0.0455,1,500,,1,34.04359014,0.075,Yes,,,,-1.047197551,1.047197551,,
N_121,N_122,cac2,,AC,2020,2050,230,0.01,0.0087,0.0678,0.1424,1,500,,1,119.3532062,0.075,Yes,,,,-1.047197551,1.047197551,,
N_123,N_217,cdc2,,DC,2020,2050,400,0.01,0.00274956,0.02749557,0,1,500,,1,172.5231969,0.075,Yes,,,,-1.047197551,1.047197551,,
N_201,N_202,cac2,,AC,2020,2050,138,0.01,0.0026,0.0139,0.04611,1,175,,1,4.281057776,0.075,Yes,,,,-1.047197551,1.047197551,,
N_201,N_203,cac2,,AC,2020,2050,138,0.01,0.0546,0.2112,0.0572,1,175,,1,149.2502019,0.075,Yes,,,,-1.047197551,1.047197551,,
N_201,N_205,cac2,,AC,2020,2050,138,0.01,0.0218,0.0845,0.0229,1,175,,1,29.76078667,0.075,Yes,,,,-1.047197551,1.047197551,,
N_202,N_204,cac2,,AC,2020,2050,138,0.01,0.0328,0.1267,0.0343,1,175,,1,42.88973613,0.075,Yes,,,,-1.047197551,1.047197551,,
N_202,N_206,cac2,,AC,2020,2050,138,0.01,0.0497,0.192,0.052,1,175,,1,55.80410556,0.075,Yes,,,,-1.047197551,1.047197551,,
N_203,N_209,cac2,,AC,2020,2050,138,0.01,0.0308,0.119,0.0322,1,175,,1,51.1183332,0.075,Yes,,,,-1.047197551,1.047197551,,
N_203,N_224,cac2,,AC,2020,2050,138,0.01,0.023,0.0839,0,1.015,400,,1,13.43704676,0.075,Yes,,,,-1.047197551,1.047197551,,
N_204,N_209,cac2,,AC,2020,2050,138,0.01,0.0268,0.1037,0.0281,1,175,,1,42.12265254,0.075,Yes,,,,-1.047197551,1.047197551,,
N_205,N_210,cac2,,AC,2020,2050,138,0.01,0.0228,0.0883,0.0239,1,175,,1,35.2344218,0.075,Yes,,,,-1.047197551,1.047197551,,
N_206,N_210,cac3,,AC,2020,2050,138,0.01,0.0139,0.0605,2.459,1,175,,1,23.91170919,0.075,Yes,,,,-1.047197551,1.047197551,,
N_206,N_210,cac4,,AC,2020,2050,138,0.01,0.0139,0.0605,2.459,1,175,,1,23.91170919,0.075,Yes,,,,-1.047197551,1.047197551,,
N_207,N_208,cac2,,AC,2020,2050,138,0.01,0.0159,0.0614,0.0166,1,175,,1,24.22976103,0.075,Yes,,,,-1.047197551,1.047197551,,
N_208,N_209,cac2,,AC,2020,2050,138,0.01,0.0427,0.1651,0.0447,1,175,,1,74.33683981,0.075,Yes,,,,-1.047197551,1.047197551,,
N_208,N_210,cac2,,AC,2020,2050,138,0.01,0.0427,0.1651,0.0447,1,175,,1,75.7499119,0.075,Yes,,,,-1.047197551,1.047197551,,
N_209,N_211,cac2,,AC,2020,2050,138,0.01,0.0023,0.0839,0,1.03,400,,1,14.56298819,0.075,Yes,,,,-1.047197551,1.047197551,,
N_209,N_212,cac2,,AC,2020,2050,138,0.01,0.0023,0.0839,0,1.03,400,,1,14.70981419,0.075,Yes,,,,-1.047197551,1.047197551,,
N_210,N_211,cac2,,AC,2020,2050,138,0.01,0.0023,0.0839,0,1.015,400,,1,14.70993906,0.075,Yes,,,,-1.047197551,1.047197551,,
N_210,N_212,cac2,,AC,2020,2050,138,0.01,0.0023,0.0839,0,1.015,400,,1,14.5629882,0.075,Yes,,,,-1.047197551,1.047197551,,
N_211,N_213,cac2,,AC,2020,2050,230,0.01,0.0061,0.0476,0.0999,1,500,,1,81.44353593,0.075,Yes,,,,-1.047197551,1.047197551,,
N_211,N_214,cac2,,AC,2020,2050,230,0.01,0.0054,0.0418,0.0879,1,500,,1,56.93240901,0.075,Yes,,,,-1.047197551,1.047197551,,
N_212,N_213,cac2,,AC,2020,2050,230,0.01,0.0061,0.0476,0.0999,1,500,,1,56.68277792,0.075,Yes,,,,-1.047197551,1.047197551,,
N_212,N_223,cac2,,AC,2020,2050,230,0.01,0.0124,0.0966,0.203,1,500,,1,182.0812444,0.075,Yes,,,,-1.047197551,1.047197551,,
N_213,N_223,cac2,,AC,2020,2050,230,0.01,0.0111,0.0865,0.1818,1,500,,1,87.19789562,0.075,Yes,,,,-1.047197551,1.047197551,,
N_214,N_216,cac2,,AC,2020,2050,230,0.01,0.005,0.0389,0.0818,1,500,,1,58.51372803,0.075,Yes,,,,-1.047197551,1.047197551,,
N_215,N_216,cac2,,AC,2020,2050,230,0.01,0.0022,0.0173,0.0364,1,500,,1,27.38695574,0.075,Yes,,,,-1.047197551,1.047197551,,
N_215,N_221,cac3,,AC,2020,2050,230,0.01,0.0063,0.049,0.103,1,500,,1,86.38822101,0.075,Yes,,,,-1.047197551,1.047197551,,
N_215,N_221,cac4,,AC,2020,2050,230,0.01,0.0063,0.049,0.103,1,500,,1,86.38822101,0.075,Yes,,,,-1.047197551,1.047197551,,
N_215,N_224,cac2,,AC,2020,2050,230,0.01,0.0067,0.0519,0.1091,1,500,,1,87.80234416,0.075,Yes,,,,-1.047197551,1.047197551,,
N_216,N_217,cac2,,AC,2020,2050,230,0.01,0.0033,0.0259,0.0545,1,500,,1,37.65301113,0.075,Yes,,,,-1.047197551,1.047197551,,
N_216,N_219,cac2,,AC,2020,2050,230,0.01,0.003,0.0231,0.0485,1,500,,1,41.45254017,0.075,Yes,,,,-1.047197551,1.047197551,,
N_217,N_218,cac2,,AC,2020,2050,230,0.01,0.0018,0.0144,0.0303,1,500,,1,21.15661668,0.075,Yes,,,,-1.047197551,1.047197551,,
N_217,N_222,cac2,,AC,2020,2050,230,0.01,0.0135,0.1053,0.2212,1,500,,1,206.4351034,0.075,Yes,,,,-1.047197551,1.047197551,,
N_218,N_221,cac3,,AC,2020,2050,230,0.01,0.0033,0.0259,0.0545,1,500,,1,36.16380378,0.075,Yes,,,,-1.047197551,1.047197551,,
N_218,N_221,cac4,,AC,2020,2050,230,0.01,0.0033,0.0259,0.0545,1,500,,1,36.16380378,0.075,Yes,,,,-1.047197551,1.047197551,,
N_219,N_220,cac3,,AC,2020,2050,230,0.01,0.0051,0.0396,0.0833,1,500,,1,71.54291664,0.075,Yes,,,,-1.047197551,1.047197551,,
N_219,N_220,cac4,,AC,2020,2050,230,0.01,0.0051,0.0396,0.0833,1,500,,1,71.54291664,0.075,Yes,,,,-1.047197551,1.047197551,,
N_220,N_223,cac3,,AC,2020,2050,230,0.01,0.0028,0.0216,0.0455,1,500,,1,31.00077371,0.075,Yes,,,,-1.047197551,1.047197551,,
N_220,N_223,cac4,,AC,2020,2050,230,0.01,0.0028,0.0216,0.0455,1,500,,1,31.00077371,0.075,Yes,,,,-1.047197551,1.047197551,,
N_221,N_222,cac2,,AC,2020,2050,230,0.01,0.0087,0.0678,0.1424,1,500,,1,164.2355754,0.075,Yes,,,,-1.047197551,1.047197551,,
N_301,N_302,cac2,,AC,2020,2050,138,0.01,0.0026,0.0139,0.04611,1,175,,1,4.266910064,0.075,Yes,,,,-1.047197551,1.047197551,,
N_301,N_303,cac2,,AC,2020,2050,138,0.01,0.0546,0.2112,0.0572,1,175,,1,71.24945598,0.075,Yes,,,,-1.047197551,1.047197551,,
N_301,N_305,cac2,,AC,2020,2050,138,0.01,0.0218,0.0845,0.0229,1,175,,1,33.38086324,0.075,Yes,,,,-1.047197551,1.047197551,,
N_302,N_304,cac2,,AC,2020,2050,138,0.01,0.0328,0.1267,0.0343,1,175,,1,50.66638925,0.075,Yes,,,,-1.047197551,1.047197551,,
N_302,N_306,cac2,,AC,2020,2050,138,0.01,0.0497,0.192,0.052,1,175,,1,54.41799768,0.075,Yes,,,,-1.047197551,1.047197551,,
N_303,N_309,cac2,,AC,2020,2050,138,0.01,0.0308,0.119,0.0322,1,175,,1,52.63613575,0.075,Yes,,,,-1.047197551,1.047197551,,
N_303,N_324,cac2,,AC,2020,2050,138,0.01,0.023,0.0839,0,1.015,400,,1,13.57029159,0.075,Yes,,,,-1.047197551,1.047197551,,
N_304,N_309,cac2,,AC,2020,2050,138,0.01,0.0268,0.1037,0.0281,1,175,,1,40.38713728,0.075,Yes,,,,-1.047197551,1.047197551,,
N_305,N_310,cac2,,AC,2020,2050,138,0.01,0.0228,0.0883,0.0239,1,175,,1,39.29958745,0.075,Yes,,,,-1.047197551,1.047197551,,
N_306,N_310,cac3,,AC,2020,2050,138,0.01,0.0139,0.0605,2.459,1,175,,1,22.88948676,0.075,Yes,,,,-1.047197551,1.047197551,,
N_306,N_310,cac4,,AC,2020,2050,138,0.01,0.0139,0.0605,2.459,1,175,,1,22.88948676,0.075,Yes,,,,-1.047197551,1.047197551,,
N_307,N_308,cac2,,AC,2020,2050,138,0.01,0.0159,0.0614,0.0166,1,175,,1,24.08090653,0.075,Yes,,,,-1.047197551,1.047197551,,
N_308,N_309,cac2,,AC,2020,2050,138,0.01,0.0427,0.1651,0.0447,1,175,,1,72.54095024,0.075,Yes,,,,-1.047197551,1.047197551,,
N_308,N_310,cac2,,AC,2020,2050,138,0.01,0.0427,0.1651,0.0447,1,175,,1,73.35606671,0.075,Yes,,,,-1.047197551,1.047197551,,
N_309,N_311,cac2,,AC,2020,2050,138,0.01,0.0023,0.0839,0,1.03,400,,1,14.6914239,0.075,Yes,,,,-1.047197551,1.047197551,,
N_309,N_312,cac2,,AC,2020,2050,138,0.01,0.0023,0.0839,0,1.03,400,,1,14.71945241,0.075,Yes,,,,-1.047197551,1.047197551,,
N_310,N_311,cac2,,AC,2020,2050,138,0.01,0.0023,0.0839,0,1.015,400,,1,14.68643991,0.075,Yes,,,,-1.047197551,1.047197551,,
N_310,N_312,cac2,,AC,2020,2050,138,0.01,0.0023,0.0839,0,1.015,400,,1,14.66589046,0.075,Yes,,,,-1.047197551,1.047197551,,
N_311,N_313,cac2,,AC,2020,2050,230,0.01,0.0061,0.0476,0.0999,1,500,,1,77.96094952,0.075,Yes,,,,-1.047197551,1.047197551,,
N_311,N_314,cac2,,AC,2020,2050,230,0.01,0.0054,0.0418,0.0879,1,500,,1,43.80119595,0.075,Yes,,,,-1.047197551,1.047197551,,
N_312,N_313,cac2,,AC,2020,2050,230,0.01,0.0061,0.0476,0.0999,1,500,,1,50.31673113,0.075,Yes,,,,-1.047197551,1.047197551,,
N_312,N_323,cac2,,AC,2020,2050,230,0.01,0.0124,0.0966,0.203,1,500,,1,153.9312873,0.075,Yes,,,,-1.047197551,1.047197551,,
N_313,N_323,cac2,,AC,2020,2050,230,0.01,0.0111,0.0865,0.1818,1,500,,1,120.8431863,0.075,Yes,,,,-1.047197551,1.047197551,,
N_314,N_316,cac2,,AC,2020,2050,230,0.01,0.005,0.0389,0.0818,1,500,,1,43.7013015,0.075,Yes,,,,-1.047197551,1.047197551,,
N_315,N_316,cac2,,AC,2020,2050,230,0.01,0.0022,0.0173,0.0364,1,500,,1,27.21487738,0.075,Yes,,,,-1.047197551,1.047197551,,
N_315,N_321,cac3,,AC,2020,2050,230,0.01,0.0063,0.049,0.103,1,500,,1,57.07849893,0.075,Yes,,,,-1.047197551,1.047197551,,
N_315,N_321,cac4,,AC,2020,2050,230,0.01,0.0063,0.049,0.103,1,500,,1,57.07849893,0.075,Yes,,,,-1.047197551,1.047197551,,
N_315,N_324,cac2,,AC,2020,2050,230,0.01,0.0067,0.0519,0.1091,1,500,,1,57.6388244,0.075,Yes,,,,-1.047197551,1.047197551,,
N_316,N_317,cac2,,AC,2020,2050,230,0.01,0.0033,0.0259,0.0545,1,500,,1,46.55728894,0.075,Yes,,,,-1.047197551,1.047197551,,
N_316,N_319,cac2,,AC,2020,2050,230,0.01,0.003,0.0231,0.0485,1,500,,1,39.39833324,0.075,Yes,,,,-1.047197551,1.047197551,,
N_317,N_318,cac2,,AC,2020,2050,230,0.01,0.0018,0.0144,0.0303,1,500,,1,23.05328709,0.075,Yes,,,,-1.047197551,1.047197551,,
N_317,N_322,cac2,,AC,2020,2050,230,0.01,0.0135,0.1053,0.2212,1,500,,1,180.1666767,0.075,Yes,,,,-1.047197551,1.047197551,,
N_318,N_321,cac3,,AC,2020,2050,230,0.01,0.0033,0.0259,0.0545,1,500,,1,42.74016838,0.075,Yes,,,,-1.047197551,1.047197551,,
N_318,N_321,cac4,,AC,2020,2050,230,0.01,0.0033,0.0259,0.0545,1,500,,1,42.74016838,0.075,Yes,,,,-1.047197551,1.047197551,,
N_319,N_320,cac3,,AC,2020,2050,230,0.01,0.0051,0.0396,0.0833,1,500,,1,73.91837841,0.075,Yes,,,,-1.047197551,1.047197551,,
N_319,N_320,cac4,,AC,2020,2050,230,0.01,0.0051,0.0396,0.0833,1,500,,1,73.91837841,0.075,Yes,,,,-1.047197551,1.047197551,,
N_320,N_323,cac3,,AC,2020,2050,230,0.01,0.0028,0.0216,0.0455,1,500,,1,34.45523654,0.075,Yes,,,,-1.047197551,1.047197551,,
N_320,N_323,cac4,,AC,2020,2050,230,0.01,0.0028,0.0216,0.0455,1,500,,1,34.45523654,0.075,Yes,,,,-1.047197551,1.047197551,,
N_321,N_322,cac2,,AC,2020,2050,230,0.01,0.0087,0.0678,0.1424,1,500,,1,81.69072924,0.075,Yes,,,,-1.047197551,1.047197551,,
N_325,N_121,cdc2,,DC,2020,2050,400,0.01,0.00361216,0.03612164,0,1,500,,1,274.3634,0.075,Yes,,,,-1.047197551,1.047197551,,
N_318,N_223,cdc2,,DC,2020,2050,400,0.01,0.00388173,0.03881728,0,1,500,,1,292.1371121,0.075,Yes,,,,-1.047197551,1.047197551,,
N_323,N_325,cdc2,,DC,2020,2050,400,0.01,0.0001675,0.001675,0,1,722,,1,13.56233482,0.075,Yes,,,,-1.047197551,1.047197551,,
N_106,N_108,cac2,,AC,2020,2050,138,0.01,0.070596784,0.481327936,0.319199154,1,175,,1,67.55534535,0.075,Yes,,,,-1.047197551,1.047197551,,
N_206,N_208,cac2,,AC,2020,2050,138,0.01,0.042903994,0.292518864,0.193987856,1,175,,1,41.05561192,0.075,Yes,,,,-1.047197551,1.047197551,,
N_306,N_308,cac2,,AC,2020,2050,138,0.01,0.06453256,0.439982136,0.291780126,1,175,,1,61.75237905,0.075,Yes,,,,-1.047197551,1.047197551,,
