DNode,Tnode
N_101_2,N_101
N_101_3,N_101
N_101_4,N_101
N_101_5,N_101
N_101_6,N_101
N_101_7,N_101
N_101_8,N_101
N_101_9,N_101
N_101_10,N_101
N_101_11,N_101
N_101_12,N_101
N_101_13,N_101
N_101_14,N_101
N_101_15,N_101
N_101_16,N_101
N_101_17,N_101
N_101_18,N_101
N_101_19,N_101
N_101_20,N_101
N_101_21,N_101
N_101_22,N_101
N_101_23,N_101
N_101_24,N_101
N_101_25,N_101
N_101_26,N_101
N_101_27,N_101
N_101_28,N_101
N_101_29,N_101
N_101_30,N_101
N_101_31,N_101
N_101_32,N_101
N_101_33,N_101
N_103_2,N_103
N_103_3,N_103
N_103_4,N_103
N_103_5,N_103
N_103_6,N_103
N_103_7,N_103
N_103_8,N_103
N_103_9,N_103
N_103_10,N_103
N_103_11,N_103
N_103_12,N_103
N_103_13,N_103
N_103_14,N_103
N_103_15,N_103
N_103_16,N_103
N_103_17,N_103
N_103_18,N_103
N_103_19,N_103
N_103_20,N_103
N_103_21,N_103
N_103_22,N_103
N_103_23,N_103
N_103_24,N_103
N_103_25,N_103
N_103_26,N_103
N_103_27,N_103
N_103_28,N_103
N_103_29,N_103
N_103_30,N_103
N_103_31,N_103
N_103_32,N_103
N_103_33,N_103
N_104_2,N_104
N_104_3,N_104
N_104_4,N_104
N_104_5,N_104
N_104_6,N_104
N_104_7,N_104
N_104_8,N_104
N_104_9,N_104
N_104_10,N_104
N_104_11,N_104
N_104_12,N_104
N_104_13,N_104
N_104_14,N_104
N_104_15,N_104
N_104_16,N_104
N_104_17,N_104
N_104_18,N_104
N_104_19,N_104
N_104_20,N_104
N_104_21,N_104
N_104_22,N_104
N_104_23,N_104
N_104_24,N_104
N_104_25,N_104
N_104_26,N_104
N_104_27,N_104
N_104_28,N_104
N_104_29,N_104
N_104_30,N_104
N_104_31,N_104
N_104_32,N_104
N_104_33,N_104
N_105_2,N_105
N_105_3,N_105
N_105_4,N_105
N_105_5,N_105
N_105_6,N_105
N_105_7,N_105
N_105_8,N_105
N_105_9,N_105
N_105_10,N_105
N_105_11,N_105
N_105_12,N_105
N_105_13,N_105
N_105_14,N_105
N_105_15,N_105
N_105_16,N_105
N_105_17,N_105
N_105_18,N_105
N_105_19,N_105
N_105_20,N_105
N_105_21,N_105
N_105_22,N_105
N_105_23,N_105
N_105_24,N_105
N_105_25,N_105
N_105_26,N_105
N_105_27,N_105
N_105_28,N_105
N_105_29,N_105
N_105_30,N_105
N_105_31,N_105
N_105_32,N_105
N_105_33,N_105
N_108_2,N_108
N_108_3,N_108
N_108_4,N_108
N_108_5,N_108
N_108_6,N_108
N_108_7,N_108
N_108_8,N_108
N_108_9,N_108
N_108_10,N_108
N_108_11,N_108
N_108_12,N_108
N_108_13,N_108
N_108_14,N_108
N_108_15,N_108
N_108_16,N_108
N_108_17,N_108
N_108_18,N_108
N_108_19,N_108
N_108_20,N_108
N_108_21,N_108
N_108_22,N_108
N_108_23,N_108
N_108_24,N_108
N_108_25,N_108
N_108_26,N_108
N_108_27,N_108
N_108_28,N_108
N_108_29,N_108
N_108_30,N_108
N_108_31,N_108
N_108_32,N_108
N_108_33,N_108
N_113_2,N_113
N_113_3,N_113
N_113_4,N_113
N_113_5,N_113
N_113_6,N_113
N_113_7,N_113
N_113_8,N_113
N_113_9,N_113
N_113_10,N_113
N_113_11,N_113
N_113_12,N_113
N_113_13,N_113
N_113_14,N_113
N_113_15,N_113
N_113_16,N_113
N_113_17,N_113
N_113_18,N_113
N_113_19,N_113
N_113_20,N_113
N_113_21,N_113
N_113_22,N_113
N_113_23,N_113
N_113_24,N_113
N_113_25,N_113
N_113_26,N_113
N_113_27,N_113
N_113_28,N_113
N_113_29,N_113
N_113_30,N_113
N_113_31,N_113
N_113_32,N_113
N_113_33,N_113
N_115_2,N_115
N_115_3,N_115
N_115_4,N_115
N_115_5,N_115
N_115_6,N_115
N_115_7,N_115
N_115_8,N_115
N_115_9,N_115
N_115_10,N_115
N_115_11,N_115
N_115_12,N_115
N_115_13,N_115
N_115_14,N_115
N_115_15,N_115
N_115_16,N_115
N_115_17,N_115
N_115_18,N_115
N_115_19,N_115
N_115_20,N_115
N_115_21,N_115
N_115_22,N_115
N_115_23,N_115
N_115_24,N_115
N_115_25,N_115
N_115_26,N_115
N_115_27,N_115
N_115_28,N_115
N_115_29,N_115
N_115_30,N_115
N_115_31,N_115
N_115_32,N_115
N_115_33,N_115
N_119_2,N_119
N_119_3,N_119
N_119_4,N_119
N_119_5,N_119
N_119_6,N_119
N_119_7,N_119
N_119_8,N_119
N_119_9,N_119
N_119_10,N_119
N_119_11,N_119
N_119_12,N_119
N_119_13,N_119
N_119_14,N_119
N_119_15,N_119
N_119_16,N_119
N_119_17,N_119
N_119_18,N_119
N_119_19,N_119
N_119_20,N_119
N_119_21,N_119
N_119_22,N_119
N_119_23,N_119
N_119_24,N_119
N_119_25,N_119
N_119_26,N_119
N_119_27,N_119
N_119_28,N_119
N_119_29,N_119
N_119_30,N_119
N_119_31,N_119
N_119_32,N_119
N_119_33,N_119
